StageGroup_15916_Desc,aRbh,g关卡组_StageGroup_A.csv,71,StageGroup,Desc,,它们在黑暗中扭曲、融合，然后被小心翼翼地保管在造像里。\n这是一次蓄谋已久的重逢。,それらは闇の中で捻じれ、溶け合い、そして慎重に像の中へと封じられる。\nそれは、長い時を経て仕組まれた再会だった。,
StageGroup_15916_Name,aRbi,g关卡组_StageGroup_A.csv,71,StageGroup,Name,,深海之遗,海底の遺産,
StageGroup_15916_TypeText,aRbk,g关卡组_StageGroup_A.csv,71,StageGroup,TypeText,,深海之遗,海底の遺産,
StageGroup_15959_Desc,aRex,g关卡组_StageGroup_A.csv,72,StageGroup,Desc,,它们在黑暗中扭曲、融合，然后被小心翼翼地保管在造像里。\n这是一次蓄谋已久的重逢。,それらは闇の中で捻じれ、溶け合い、そして慎重に像の中へと封じられる。\nそれは、長い時を経て仕組まれた再会だった。,
StageGroup_15959_Name,aRey,g关卡组_StageGroup_A.csv,72,StageGroup,Name,,血肉之沼,血肉の沼,
StageGroup_15959_TypeText,aReA,g关卡组_StageGroup_A.csv,72,StageGroup,TypeText,,血肉之沼,血肉の沼,
StageGroup_15884_Desc,aQYJ,g关卡组_StageGroup_A.csv,73,StageGroup,Desc,,它们在黑暗中扭曲、融合，然后被小心翼翼地保管在造像里。\n这是一次蓄谋已久的重逢。,それらは闇の中で捻じれ、溶け合い、そして慎重に像の中へと封じられる。\nそれは、長い時を経て仕組まれた再会だった。,
StageGroup_15884_Name,aQYK,g关卡组_StageGroup_A.csv,73,StageGroup,Name,,超维之旅,超次元の旅,
StageGroup_15884_TypeText,aQYM,g关卡组_StageGroup_A.csv,73,StageGroup,TypeText,,超维之旅,超次元の旅,
StageGroup_15874_Desc,aQXV,g关卡组_StageGroup_A.csv,74,StageGroup,Desc,,它们在黑暗中扭曲、融合，然后被小心翼翼地保管在造像里。\n这是一次蓄谋已久的重逢。,それらは闇の中で捻じれ、溶け合い、そして慎重に像の中へと封じられる。\nそれは、長い時を経て仕組まれた再会だった。,
StageGroup_15874_Name,aQXW,g关卡组_StageGroup_A.csv,74,StageGroup,Name,,混沌之域,混沌の領域,
StageGroup_15874_TypeText,aQXY,g关卡组_StageGroup_A.csv,74,StageGroup,TypeText,,混沌之域,混沌の領域,
StageGroup_15898_Desc,aQZN,g关卡组_StageGroup_A.csv,75,StageGroup,Desc,,它们在黑暗中扭曲、融合，然后被小心翼翼地保管在造像里。\n这是一次蓄谋已久的重逢。,それらは闇の中で捻じれ、溶け合い、そして慎重に像の中へと封じられる。\nそれは、長い時を経て仕組まれた再会だった。,
StageGroup_15898_Name,aQZO,g关卡组_StageGroup_A.csv,75,StageGroup,Name,,深海之遗,海底の遺産,
StageGroup_15898_TypeText,aQZQ,g关卡组_StageGroup_A.csv,75,StageGroup,TypeText,,深海之遗,海底の遺産,
StageGroup_15931_Desc,aRcp,g关卡组_StageGroup_A.csv,76,StageGroup,Desc,,它们在黑暗中扭曲、融合，然后被小心翼翼地保管在造像里。\n这是一次蓄谋已久的重逢。,それらは闇の中で捻じれ、溶け合い、そして慎重に像の中へと封じられる。\nそれは、長い時を経て仕組まれた再会だった。,
StageGroup_15931_Name,aRcq,g关卡组_StageGroup_A.csv,76,StageGroup,Name,,血肉之沼,血肉の沼,
StageGroup_15931_TypeText,aRcs,g关卡组_StageGroup_A.csv,76,StageGroup,TypeText,,血肉之沼,血肉の沼,
StageGroup_15869_Desc,aQXB,g关卡组_StageGroup_A.csv,77,StageGroup,Desc,,它们在黑暗中扭曲、融合，然后被小心翼翼地保管在造像里。\n这是一次蓄谋已久的重逢。,それらは闇の中で捻じれ、溶け合い、そして慎重に像の中へと封じられる。\nそれは、長い時を経て仕組まれた再会だった。,
StageGroup_15869_Name,aQXC,g关卡组_StageGroup_A.csv,77,StageGroup,Name,,超维之旅,超次元の旅,
StageGroup_15869_TypeText,aQXE,g关卡组_StageGroup_A.csv,77,StageGroup,TypeText,,超维之旅,超次元の旅,
StageGroup_15910_Desc,aRaJ,g关卡组_StageGroup_A.csv,78,StageGroup,Desc,,它们在黑暗中扭曲、融合，然后被小心翼翼地保管在造像里。\n这是一次蓄谋已久的重逢。,それらは闇の中で捻じれ、溶け合い、そして慎重に像の中へと封じられる。\nそれは、長い時を経て仕組まれた再会だった。,
StageGroup_15910_Name,aRaK,g关卡组_StageGroup_A.csv,78,StageGroup,Name,,混沌之域,混沌の領域,
StageGroup_15910_TypeText,aRaM,g关卡组_StageGroup_A.csv,78,StageGroup,TypeText,,混沌之域,混沌の領域,
StageGroup_15900_Desc,aQZV,g关卡组_StageGroup_A.csv,79,StageGroup,Desc,,它们在黑暗中扭曲、融合，然后被小心翼翼地保管在造像里。\n这是一次蓄谋已久的重逢。,それらは闇の中で捻じれ、溶け合い、そして慎重に像の中へと封じられる。\nそれは、長い時を経て仕組まれた再会だった。,
StageGroup_15900_Name,aQZW,g关卡组_StageGroup_A.csv,79,StageGroup,Name,,深海之遗,海底の遺産,
StageGroup_15900_TypeText,aQZY,g关卡组_StageGroup_A.csv,79,StageGroup,TypeText,,深海之遗,海底の遺産,
StageGroup_15930_Desc,aRcl,g关卡组_StageGroup_A.csv,80,StageGroup,Desc,,它们在黑暗中扭曲、融合，然后被小心翼翼地保管在造像里。\n这是一次蓄谋已久的重逢。,それらは闇の中で捻じれ、溶け合い、そして慎重に像の中へと封じられる。\nそれは、長い時を経て仕組まれた再会だった。,
StageGroup_15930_Name,aRcm,g关卡组_StageGroup_A.csv,80,StageGroup,Name,,血肉之沼,血肉の沼,
StageGroup_15930_TypeText,aRco,g关卡组_StageGroup_A.csv,80,StageGroup,TypeText,,血肉之沼,血肉の沼,
StageGroup_15870_Desc,aQXF,g关卡组_StageGroup_A.csv,81,StageGroup,Desc,,它们在黑暗中扭曲、融合，然后被小心翼翼地保管在造像里。\n这是一次蓄谋已久的重逢。,それらは闇の中で捻じれ、溶け合い、そして慎重に像の中へと封じられる。\nそれは、長い時を経て仕組まれた再会だった。,
StageGroup_15870_Name,aQXG,g关卡组_StageGroup_A.csv,81,StageGroup,Name,,超维之旅,超次元の旅,
StageGroup_15870_TypeText,aQXI,g关卡组_StageGroup_A.csv,81,StageGroup,TypeText,,超维之旅,超次元の旅,
StageGroup_15911_Desc,aRaN,g关卡组_StageGroup_A.csv,82,StageGroup,Desc,,它们在黑暗中扭曲、融合，然后被小心翼翼地保管在造像里。\n这是一次蓄谋已久的重逢。,それらは闇の中で捻じれ、溶け合い、そして慎重に像の中へと封じられる。\nそれは、長い時を経て仕組まれた再会だった。,
StageGroup_15911_Name,aRaO,g关卡组_StageGroup_A.csv,82,StageGroup,Name,,混沌之域,混沌の領域,
StageGroup_15911_TypeText,aRaQ,g关卡组_StageGroup_A.csv,82,StageGroup,TypeText,,混沌之域,混沌の領域,
StageGroup_15899_Desc,aQZR,g关卡组_StageGroup_A.csv,83,StageGroup,Desc,,它们在黑暗中扭曲、融合，然后被小心翼翼地保管在造像里。\n这是一次蓄谋已久的重逢。,それらは闇の中で捻じれ、溶け合い、そして慎重に像の中へと封じられる。\nそれは、長い時を経て仕組まれた再会だった。,
StageGroup_15899_Name,aQZS,g关卡组_StageGroup_A.csv,83,StageGroup,Name,,深海之遗,海底の遺産,
StageGroup_15899_TypeText,aQZU,g关卡组_StageGroup_A.csv,83,StageGroup,TypeText,,深海之遗,海底の遺産,
StageGroup_15929_Desc,aRch,g关卡组_StageGroup_A.csv,84,StageGroup,Desc,,它们在黑暗中扭曲、融合，然后被小心翼翼地保管在造像里。\n这是一次蓄谋已久的重逢。,それらは闇の中で捻じれ、溶け合い、そして慎重に像の中へと封じられる。\nそれは、長い時を経て仕組まれた再会だった。,
StageGroup_15929_Name,aRci,g关卡组_StageGroup_A.csv,84,StageGroup,Name,,血肉之沼,血肉の沼,
StageGroup_15929_TypeText,aRck,g关卡组_StageGroup_A.csv,84,StageGroup,TypeText,,血肉之沼,血肉の沼,
StageGroup_15871_Desc,aQXJ,g关卡组_StageGroup_A.csv,85,StageGroup,Desc,,它们在黑暗中扭曲、融合，然后被小心翼翼地保管在造像里。\n这是一次蓄谋已久的重逢。,それらは闇の中で捻じれ、溶け合い、そして慎重に像の中へと封じられる。\nそれは、長い時を経て仕組まれた再会だった。,
StageGroup_15871_Name,aQXK,g关卡组_StageGroup_A.csv,85,StageGroup,Name,,超维之旅,超次元の旅,
StageGroup_15871_TypeText,aQXM,g关卡组_StageGroup_A.csv,85,StageGroup,TypeText,,超维之旅,超次元の旅,
StageGroup_15912_Desc,aRaR,g关卡组_StageGroup_A.csv,86,StageGroup,Desc,,它们在黑暗中扭曲、融合，然后被小心翼翼地保管在造像里。\n这是一次蓄谋已久的重逢。,それらは闇の中で捻じれ、溶け合い、そして慎重に像の中へと封じられる。\nそれは、長い時を経て仕組まれた再会だった。,
StageGroup_15912_Name,aRaS,g关卡组_StageGroup_A.csv,86,StageGroup,Name,,混沌之域,混沌の領域,
StageGroup_15912_TypeText,aRaU,g关卡组_StageGroup_A.csv,86,StageGroup,TypeText,,混沌之域,混沌の領域,
StageGroup_23663_Desc,aRfR,g关卡组_StageGroup_A.csv,87,StageGroup,Desc,,它们在黑暗中扭曲、融合，然后被小心翼翼地保管在造像里。\n这是一次蓄谋已久的重逢。,それらは闇の中で捻じれ、溶け合い、そして慎重に像の中へと封じられる。\nそれは、長い時を経て仕組まれた再会だった。,
StageGroup_23663_Name,aRfS,g关卡组_StageGroup_A.csv,87,StageGroup,Name,,深海之遗,海底の遺産,
StageGroup_23663_TypeText,aRfU,g关卡组_StageGroup_A.csv,87,StageGroup,TypeText,,深海之遗,海底の遺産,
StageGroup_23664_Desc,aRfV,g关卡组_StageGroup_A.csv,88,StageGroup,Desc,,它们在黑暗中扭曲、融合，然后被小心翼翼地保管在造像里。\n这是一次蓄谋已久的重逢。,それらは闇の中で捻じれ、溶け合い、そして慎重に像の中へと封じられる。\nそれは、長い時を経て仕組まれた再会だった。,
StageGroup_23664_Name,aRfW,g关卡组_StageGroup_A.csv,88,StageGroup,Name,,血肉之沼,血肉の沼,
StageGroup_23664_TypeText,aRfY,g关卡组_StageGroup_A.csv,88,StageGroup,TypeText,,血肉之沼,血肉の沼,
StageGroup_23665_Desc,aRfZ,g关卡组_StageGroup_A.csv,89,StageGroup,Desc,,它们在黑暗中扭曲、融合，然后被小心翼翼地保管在造像里。\n这是一次蓄谋已久的重逢。,それらは闇の中で捻じれ、溶け合い、そして慎重に像の中へと封じられる。\nそれは、長い時を経て仕組まれた再会だった。,
StageGroup_23665_Name,aRga,g关卡组_StageGroup_A.csv,89,StageGroup,Name,,超维之旅,超次元の旅,
StageGroup_23665_TypeText,aRgc,g关卡组_StageGroup_A.csv,89,StageGroup,TypeText,,超维之旅,超次元の旅,
StageGroup_23666_Desc,aRgd,g关卡组_StageGroup_A.csv,90,StageGroup,Desc,,它们在黑暗中扭曲、融合，然后被小心翼翼地保管在造像里。\n这是一次蓄谋已久的重逢。,それらは闇の中で捻じれ、溶け合い、そして慎重に像の中へと封じられる。\nそれは、長い時を経て仕組まれた再会だった。,
StageGroup_23666_Name,aRge,g关卡组_StageGroup_A.csv,90,StageGroup,Name,,混沌之域,混沌の領域,
StageGroup_23666_TypeText,aRgg,g关卡组_StageGroup_A.csv,90,StageGroup,TypeText,,混沌之域,混沌の領域,
