StageGroup_34961_Name,aRhm,g关卡组_StageGroup_A.csv,186,StageGroup,Name,,融灾禁区·第1波,融災禁区・第1波,
StageGroup_34961_TypeText,aRho,g关卡组_StageGroup_A.csv,186,StageGroup,TypeText,,融灾禁区,融災禁区,
StageGroup_34963_Name,aRhu,g关卡组_StageGroup_A.csv,187,StageGroup,Name,,融灾禁区·第2波,融災禁区・第2波,
StageGroup_34963_TypeText,aRhw,g关卡组_StageGroup_A.csv,187,StageGroup,TypeText,,融灾禁区,融災禁区,
StageGroup_34962_Name,aRhq,g关卡组_StageGroup_A.csv,188,StageGroup,Name,,融灾禁区·第3波,融災禁区・第3波,
StageGroup_34962_TypeText,aRhs,g关卡组_StageGroup_A.csv,188,StageGroup,TypeText,,融灾禁区,融災禁区,
StageGroup_34959_Name,aRhe,g关卡组_StageGroup_A.csv,189,StageGroup,Name,,融灾禁区·第4波,融災禁区・第4波,
StageGroup_34959_TypeText,aRhg,g关卡组_StageGroup_A.csv,189,StageGroup,TypeText,,融灾禁区,融災禁区,
StageGroup_34954_Name,aRgK,g关卡组_StageGroup_A.csv,190,StageGroup,Name,,融灾禁区·第5波,融災禁区・第5波,
StageGroup_34954_TypeText,aRgM,g关卡组_StageGroup_A.csv,190,StageGroup,TypeText,,融灾禁区,融災禁区,
StageGroup_34960_Name,aRhi,g关卡组_StageGroup_A.csv,191,StageGroup,Name,,融灾禁区·第1波,融災禁区・第1波,
StageGroup_34960_TypeText,aRhk,g关卡组_StageGroup_A.csv,191,StageGroup,TypeText,,融灾禁区,融災禁区,
StageGroup_34958_Name,aRha,g关卡组_StageGroup_A.csv,192,StageGroup,Name,,融灾禁区·第2波,融災禁区・第2波,
StageGroup_34958_TypeText,aRhc,g关卡组_StageGroup_A.csv,192,StageGroup,TypeText,,融灾禁区,融災禁区,
StageGroup_34956_Name,aRgS,g关卡组_StageGroup_A.csv,193,StageGroup,Name,,融灾禁区·第3波,融災禁区・第3波,
StageGroup_34956_TypeText,aRgU,g关卡组_StageGroup_A.csv,193,StageGroup,TypeText,,融灾禁区,融災禁区,
StageGroup_34955_Name,aRgO,g关卡组_StageGroup_A.csv,194,StageGroup,Name,,融灾禁区·第4波,融災禁区・第4波,
StageGroup_34955_TypeText,aRgQ,g关卡组_StageGroup_A.csv,194,StageGroup,TypeText,,融灾禁区,融災禁区,
StageGroup_34957_Name,aRgW,g关卡组_StageGroup_A.csv,195,StageGroup,Name,,融灾禁区·第5波,融災禁区・第5波,
StageGroup_34957_TypeText,aRgY,g关卡组_StageGroup_A.csv,195,StageGroup,TypeText,,融灾禁区,融災禁区,
StageGroup_36224_Name,aRhS,g关卡组_StageGroup_A.csv,196,StageGroup,Name,,融灾禁区·第1波,融災禁区・第1波,
StageGroup_36224_TypeText,aRhU,g关卡组_StageGroup_A.csv,196,StageGroup,TypeText,,融灾禁区,融災禁区,
StageGroup_36223_Name,aRhO,g关卡组_StageGroup_A.csv,197,StageGroup,Name,,融灾禁区·第2波,融災禁区・第2波,
StageGroup_36223_TypeText,aRhQ,g关卡组_StageGroup_A.csv,197,StageGroup,TypeText,,融灾禁区,融災禁区,
StageGroup_36222_Name,aRhK,g关卡组_StageGroup_A.csv,198,StageGroup,Name,,融灾禁区·第3波,融災禁区・第3波,
StageGroup_36222_TypeText,aRhM,g关卡组_StageGroup_A.csv,198,StageGroup,TypeText,,融灾禁区,融災禁区,
StageGroup_36226_Name,aRia,g关卡组_StageGroup_A.csv,199,StageGroup,Name,,融灾禁区·第4波,融災禁区・第4波,
StageGroup_36226_TypeText,aRic,g关卡组_StageGroup_A.csv,199,StageGroup,TypeText,,融灾禁区,融災禁区,
StageGroup_36225_Name,aRhW,g关卡组_StageGroup_A.csv,200,StageGroup,Name,,融灾禁区·第5波,融災禁区・第5波,
StageGroup_36225_TypeText,aRhY,g关卡组_StageGroup_A.csv,200,StageGroup,TypeText,,融灾禁区,融災禁区,
StageGroup_39308_Name,aRiS,g关卡组_StageGroup_A.csv,201,StageGroup,Name,,融灾禁区·第1波,融災禁区・第1波,
StageGroup_39308_TypeText,aRiU,g关卡组_StageGroup_A.csv,201,StageGroup,TypeText,,融灾禁区,融災禁区,
StageGroup_39309_Name,aRiW,g关卡组_StageGroup_A.csv,202,StageGroup,Name,,融灾禁区·第2波,融災禁区・第2波,
StageGroup_39309_TypeText,aRiY,g关卡组_StageGroup_A.csv,202,StageGroup,TypeText,,融灾禁区,融災禁区,
StageGroup_39310_Name,aRja,g关卡组_StageGroup_A.csv,203,StageGroup,Name,,融灾禁区·第3波,融災禁区・第3波,
StageGroup_39310_TypeText,aRjc,g关卡组_StageGroup_A.csv,203,StageGroup,TypeText,,融灾禁区,融災禁区,
StageGroup_39311_Name,aRje,g关卡组_StageGroup_A.csv,204,StageGroup,Name,,融灾禁区·第4波,融災禁区・第4波,
StageGroup_39311_TypeText,aRjg,g关卡组_StageGroup_A.csv,204,StageGroup,TypeText,,融灾禁区,融災禁区,
StageGroup_39312_Name,aRji,g关卡组_StageGroup_A.csv,205,StageGroup,Name,,融灾禁区·第5波,融災禁区・第5波,
StageGroup_39312_TypeText,aRjk,g关卡组_StageGroup_A.csv,205,StageGroup,TypeText,,融灾禁区,融災禁区,
StageGroup_43778_Name,aRjy,g关卡组_StageGroup_A.csv,206,StageGroup,Name,,融灾禁区·第1波,融災禁区・第1波,
StageGroup_43778_TypeText,aRjA,g关卡组_StageGroup_A.csv,206,StageGroup,TypeText,,融灾禁区,融災禁区,
StageGroup_43780_Name,aRjG,g关卡组_StageGroup_A.csv,207,StageGroup,Name,,融灾禁区·第2波,融災禁区・第2波,
StageGroup_43780_TypeText,aRjI,g关卡组_StageGroup_A.csv,207,StageGroup,TypeText,,融灾禁区,融災禁区,
StageGroup_43779_Name,aRjC,g关卡组_StageGroup_A.csv,208,StageGroup,Name,,融灾禁区·第3波,融災禁区・第3波,
StageGroup_43779_TypeText,aRjE,g关卡组_StageGroup_A.csv,208,StageGroup,TypeText,,融灾禁区,融災禁区,
StageGroup_43782_Name,aRjO,g关卡组_StageGroup_A.csv,209,StageGroup,Name,,融灾禁区·第4波,融災禁区・第4波,
StageGroup_43782_TypeText,aRjQ,g关卡组_StageGroup_A.csv,209,StageGroup,TypeText,,融灾禁区,融災禁区,
StageGroup_43781_Name,aRjK,g关卡组_StageGroup_A.csv,210,StageGroup,Name,,融灾禁区·第5波,融災禁区・第5波,
StageGroup_43781_TypeText,aRjM,g关卡组_StageGroup_A.csv,210,StageGroup,TypeText,,融灾禁区,融災禁区,
StageGroup_44514_Name,aRkC,g关卡组_StageGroup_A.csv,211,StageGroup,Name,,融灾禁区·第1波,融災禁区・第1波,
StageGroup_44514_TypeText,aRkE,g关卡组_StageGroup_A.csv,211,StageGroup,TypeText,,融灾禁区,融災禁区,
StageGroup_44512_Name,aRku,g关卡组_StageGroup_A.csv,212,StageGroup,Name,,融灾禁区·第2波,融災禁区・第2波,
StageGroup_44512_TypeText,aRkw,g关卡组_StageGroup_A.csv,212,StageGroup,TypeText,,融灾禁区,融災禁区,
StageGroup_44513_Name,aRky,g关卡组_StageGroup_A.csv,213,StageGroup,Name,,融灾禁区·第3波,融災禁区・第3波,
StageGroup_44513_TypeText,aRkA,g关卡组_StageGroup_A.csv,213,StageGroup,TypeText,,融灾禁区,融災禁区,
StageGroup_44510_Name,aRkm,g关卡组_StageGroup_A.csv,214,StageGroup,Name,,融灾禁区·第4波,融災禁区・第4波,
StageGroup_44510_TypeText,aRko,g关卡组_StageGroup_A.csv,214,StageGroup,TypeText,,融灾禁区,融災禁区,
StageGroup_44511_Name,aRkq,g关卡组_StageGroup_A.csv,215,StageGroup,Name,,融灾禁区·第5波,融災禁区・第5波,
StageGroup_44511_TypeText,aRks,g关卡组_StageGroup_A.csv,215,StageGroup,TypeText,,融灾禁区,融災禁区,
StageGroup_44519_Name,aRkW,g关卡组_StageGroup_A.csv,216,StageGroup,Name,,融灾禁区·第1波,融災禁区・第1波,
StageGroup_44519_TypeText,aRkY,g关卡组_StageGroup_A.csv,216,StageGroup,TypeText,,融灾禁区,融災禁区,
StageGroup_44518_Name,aRkS,g关卡组_StageGroup_A.csv,217,StageGroup,Name,,融灾禁区·第2波,融災禁区・第2波,
StageGroup_44518_TypeText,aRkU,g关卡组_StageGroup_A.csv,217,StageGroup,TypeText,,融灾禁区,融災禁区,
StageGroup_44517_Name,aRkO,g关卡组_StageGroup_A.csv,218,StageGroup,Name,,融灾禁区·第3波,融災禁区・第3波,
StageGroup_44517_TypeText,aRkQ,g关卡组_StageGroup_A.csv,218,StageGroup,TypeText,,融灾禁区,融災禁区,
StageGroup_44516_Name,aRkK,g关卡组_StageGroup_A.csv,219,StageGroup,Name,,融灾禁区·第4波,融災禁区・第4波,
StageGroup_44516_TypeText,aRkM,g关卡组_StageGroup_A.csv,219,StageGroup,TypeText,,融灾禁区,融災禁区,
StageGroup_44515_Name,aRkG,g关卡组_StageGroup_A.csv,220,StageGroup,Name,,融灾禁区·第5波,融災禁区・第5波,
StageGroup_44515_TypeText,aRkI,g关卡组_StageGroup_A.csv,220,StageGroup,TypeText,,融灾禁区,融災禁区,
StageGroup_47447_Name,aRma,g关卡组_StageGroup_A.csv,221,StageGroup,Name,,融灾禁区·第1波,融災禁区・第1波,
StageGroup_47447_TypeText,aRmc,g关卡组_StageGroup_A.csv,221,StageGroup,TypeText,,融灾禁区,融災禁区,
StageGroup_47448_Name,aRme,g关卡组_StageGroup_A.csv,222,StageGroup,Name,,融灾禁区·第2波,融災禁区・第2波,
StageGroup_47448_TypeText,aRmg,g关卡组_StageGroup_A.csv,222,StageGroup,TypeText,,融灾禁区,融災禁区,
StageGroup_47449_Name,aRmi,g关卡组_StageGroup_A.csv,223,StageGroup,Name,,融灾禁区·第3波,融災禁区・第3波,
StageGroup_47449_TypeText,aRmk,g关卡组_StageGroup_A.csv,223,StageGroup,TypeText,,融灾禁区,融災禁区,
StageGroup_47445_Name,aRlS,g关卡组_StageGroup_A.csv,224,StageGroup,Name,,融灾禁区·第4波,融災禁区・第4波,
StageGroup_47445_TypeText,aRlU,g关卡组_StageGroup_A.csv,224,StageGroup,TypeText,,融灾禁区,融災禁区,
StageGroup_47446_Name,aRlW,g关卡组_StageGroup_A.csv,225,StageGroup,Name,,融灾禁区·第5波,融災禁区・第5波,
StageGroup_47446_TypeText,aRlY,g关卡组_StageGroup_A.csv,225,StageGroup,TypeText,,融灾禁区,融災禁区,
StageGroup_50641_Name,aRou,g关卡组_StageGroup_A.csv,226,StageGroup,Name,,融灾禁区·第1波,融災禁区・第1波,
StageGroup_50641_TypeText,aRow,g关卡组_StageGroup_A.csv,226,StageGroup,TypeText,,融灾禁区,融災禁区,
StageGroup_50640_Name,aRoq,g关卡组_StageGroup_A.csv,227,StageGroup,Name,,融灾禁区·第2波,融災禁区・第2波,
StageGroup_50640_TypeText,aRos,g关卡组_StageGroup_A.csv,227,StageGroup,TypeText,,融灾禁区,融災禁区,
StageGroup_50643_Name,aRoC,g关卡组_StageGroup_A.csv,228,StageGroup,Name,,融灾禁区·第3波,融災禁区・第3波,
StageGroup_50643_TypeText,aRoE,g关卡组_StageGroup_A.csv,228,StageGroup,TypeText,,融灾禁区,融災禁区,
StageGroup_50631_Name,aRnG,g关卡组_StageGroup_A.csv,229,StageGroup,Name,,融灾禁区·第4波,融災禁区・第4波,
StageGroup_50631_TypeText,aRnI,g关卡组_StageGroup_A.csv,229,StageGroup,TypeText,,融灾禁区,融災禁区,
StageGroup_50633_Name,aRnO,g关卡组_StageGroup_A.csv,230,StageGroup,Name,,融灾禁区·第5波,融災禁区・第5波,
StageGroup_50633_TypeText,aRnQ,g关卡组_StageGroup_A.csv,230,StageGroup,TypeText,,融灾禁区,融災禁区,
StageGroup_50642_Name,aRoy,g关卡组_StageGroup_A.csv,231,StageGroup,Name,,融灾禁区·第1波,融災禁区・第1波,
StageGroup_50642_TypeText,aRoA,g关卡组_StageGroup_A.csv,231,StageGroup,TypeText,,融灾禁区,融災禁区,
StageGroup_50635_Name,aRnW,g关卡组_StageGroup_A.csv,232,StageGroup,Name,,融灾禁区·第2波,融災禁区・第2波,
StageGroup_50635_TypeText,aRnY,g关卡组_StageGroup_A.csv,232,StageGroup,TypeText,,融灾禁区,融災禁区,
StageGroup_50644_Name,aRoG,g关卡组_StageGroup_A.csv,233,StageGroup,Name,,融灾禁区·第3波,融災禁区・第3波,
StageGroup_50644_TypeText,aRoI,g关卡组_StageGroup_A.csv,233,StageGroup,TypeText,,融灾禁区,融災禁区,
StageGroup_50638_Name,aRoi,g关卡组_StageGroup_A.csv,234,StageGroup,Name,,融灾禁区·第4波,融災禁区・第4波,
StageGroup_50638_TypeText,aRok,g关卡组_StageGroup_A.csv,234,StageGroup,TypeText,,融灾禁区,融災禁区,
StageGroup_50639_Name,aRom,g关卡组_StageGroup_A.csv,235,StageGroup,Name,,融灾禁区·第5波,融災禁区・第5波,
StageGroup_50639_TypeText,aRoo,g关卡组_StageGroup_A.csv,235,StageGroup,TypeText,,融灾禁区,融災禁区,
StageGroup_50634_Name,aRnS,g关卡组_StageGroup_A.csv,236,StageGroup,Name,,融灾禁区·第1波,融災禁区・第1波,
StageGroup_50634_TypeText,aRnU,g关卡组_StageGroup_A.csv,236,StageGroup,TypeText,,融灾禁区,融災禁区,
StageGroup_50637_Name,aRoe,g关卡组_StageGroup_A.csv,237,StageGroup,Name,,融灾禁区·第2波,融災禁区・第2波,
StageGroup_50637_TypeText,aRog,g关卡组_StageGroup_A.csv,237,StageGroup,TypeText,,融灾禁区,融災禁区,
StageGroup_50636_Name,aRoa,g关卡组_StageGroup_A.csv,238,StageGroup,Name,,融灾禁区·第3波,融災禁区・第3波,
StageGroup_50636_TypeText,aRoc,g关卡组_StageGroup_A.csv,238,StageGroup,TypeText,,融灾禁区,融災禁区,
StageGroup_50630_Name,aRnC,g关卡组_StageGroup_A.csv,239,StageGroup,Name,,融灾禁区·第4波,融災禁区・第4波,
StageGroup_50630_TypeText,aRnE,g关卡组_StageGroup_A.csv,239,StageGroup,TypeText,,融灾禁区,融災禁区,
StageGroup_50632_Name,aRnK,g关卡组_StageGroup_A.csv,240,StageGroup,Name,,融灾禁区·第5波,融災禁区・第5波,
StageGroup_50632_TypeText,aRnM,g关卡组_StageGroup_A.csv,240,StageGroup,TypeText,,融灾禁区,融災禁区,
StageGroup_53430_Name,aRtW,g关卡组_StageGroup_A.csv,241,StageGroup,Name,,融灾禁区·第1波,融災禁区・第1波,
StageGroup_53430_TypeText,aRtY,g关卡组_StageGroup_A.csv,241,StageGroup,TypeText,,融灾禁区,融災禁区,
StageGroup_53415_Name,aRsO,g关卡组_StageGroup_A.csv,242,StageGroup,Name,,融灾禁区·第2波,融災禁区・第2波,
StageGroup_53415_TypeText,aRsQ,g关卡组_StageGroup_A.csv,242,StageGroup,TypeText,,融灾禁区,融災禁区,
StageGroup_53429_Name,aRtS,g关卡组_StageGroup_A.csv,243,StageGroup,Name,,融灾禁区·第3波,融災禁区・第3波,
StageGroup_53429_TypeText,aRtU,g关卡组_StageGroup_A.csv,243,StageGroup,TypeText,,融灾禁区,融災禁区,
StageGroup_53377_Name,aRpS,g关卡组_StageGroup_A.csv,244,StageGroup,Name,,融灾禁区·第4波,融災禁区・第4波,
StageGroup_53377_TypeText,aRpU,g关卡组_StageGroup_A.csv,244,StageGroup,TypeText,,融灾禁区,融災禁区,
StageGroup_53381_Name,aRqi,g关卡组_StageGroup_A.csv,245,StageGroup,Name,,融灾禁区·第5波,融災禁区・第5波,
StageGroup_53381_TypeText,aRqk,g关卡组_StageGroup_A.csv,245,StageGroup,TypeText,,融灾禁区,融災禁区,
StageGroup_53380_Name,aRqe,g关卡组_StageGroup_A.csv,246,StageGroup,Name,,融灾禁区·第1波,融災禁区・第1波,
StageGroup_53380_TypeText,aRqg,g关卡组_StageGroup_A.csv,246,StageGroup,TypeText,,融灾禁区,融災禁区,
StageGroup_53379_Name,aRqa,g关卡组_StageGroup_A.csv,247,StageGroup,Name,,融灾禁区·第2波,融災禁区・第2波,
StageGroup_53379_TypeText,aRqc,g关卡组_StageGroup_A.csv,247,StageGroup,TypeText,,融灾禁区,融災禁区,
StageGroup_53411_Name,aRsy,g关卡组_StageGroup_A.csv,248,StageGroup,Name,,融灾禁区·第3波,融災禁区・第3波,
StageGroup_53411_TypeText,aRsA,g关卡组_StageGroup_A.csv,248,StageGroup,TypeText,,融灾禁区,融災禁区,
StageGroup_53426_Name,aRtG,g关卡组_StageGroup_A.csv,249,StageGroup,Name,,融灾禁区·第4波,融災禁区・第4波,
StageGroup_53426_TypeText,aRtI,g关卡组_StageGroup_A.csv,249,StageGroup,TypeText,,融灾禁区,融災禁区,
StageGroup_53425_Name,aRtC,g关卡组_StageGroup_A.csv,250,StageGroup,Name,,融灾禁区·第5波,融災禁区・第5波,
StageGroup_53425_TypeText,aRtE,g关卡组_StageGroup_A.csv,250,StageGroup,TypeText,,融灾禁区,融災禁区,
StageGroup_53393_Name,aRre,g关卡组_StageGroup_A.csv,251,StageGroup,Name,,融灾禁区·第1波,融災禁区・第1波,
StageGroup_53393_TypeText,aRrg,g关卡组_StageGroup_A.csv,251,StageGroup,TypeText,,融灾禁区,融災禁区,
StageGroup_53394_Name,aRri,g关卡组_StageGroup_A.csv,252,StageGroup,Name,,融灾禁区·第2波,融災禁区・第2波,
StageGroup_53394_TypeText,aRrk,g关卡组_StageGroup_A.csv,252,StageGroup,TypeText,,融灾禁区,融災禁区,
StageGroup_53395_Name,aRrm,g关卡组_StageGroup_A.csv,253,StageGroup,Name,,融灾禁区·第3波,融災禁区・第3波,
StageGroup_53395_TypeText,aRro,g关卡组_StageGroup_A.csv,253,StageGroup,TypeText,,融灾禁区,融災禁区,
StageGroup_53396_Name,aRrq,g关卡组_StageGroup_A.csv,254,StageGroup,Name,,融灾禁区·第4波,融災禁区・第4波,
StageGroup_53396_TypeText,aRrs,g关卡组_StageGroup_A.csv,254,StageGroup,TypeText,,融灾禁区,融災禁区,
StageGroup_53397_Name,aRru,g关卡组_StageGroup_A.csv,255,StageGroup,Name,,融灾禁区·第5波,融災禁区・第5波,
StageGroup_53397_TypeText,aRrw,g关卡组_StageGroup_A.csv,255,StageGroup,TypeText,,融灾禁区,融災禁区,
StageGroup_53385_Name,aRqy,g关卡组_StageGroup_A.csv,256,StageGroup,Name,,融灾禁区·第1波,融災禁区・第1波,
StageGroup_53385_TypeText,aRqA,g关卡组_StageGroup_A.csv,256,StageGroup,TypeText,,融灾禁区,融災禁区,
StageGroup_53388_Name,aRqK,g关卡组_StageGroup_A.csv,257,StageGroup,Name,,融灾禁区·第2波,融災禁区・第2波,
StageGroup_53388_TypeText,aRqM,g关卡组_StageGroup_A.csv,257,StageGroup,TypeText,,融灾禁区,融災禁区,
StageGroup_53387_Name,aRqG,g关卡组_StageGroup_A.csv,258,StageGroup,Name,,融灾禁区·第3波,融災禁区・第3波,
StageGroup_53387_TypeText,aRqI,g关卡组_StageGroup_A.csv,258,StageGroup,TypeText,,融灾禁区,融災禁区,
StageGroup_53390_Name,aRqS,g关卡组_StageGroup_A.csv,259,StageGroup,Name,,融灾禁区·第4波,融災禁区・第4波,
StageGroup_53390_TypeText,aRqU,g关卡组_StageGroup_A.csv,259,StageGroup,TypeText,,融灾禁区,融災禁区,
StageGroup_53389_Name,aRqO,g关卡组_StageGroup_A.csv,260,StageGroup,Name,,融灾禁区·第5波,融災禁区・第5波,
StageGroup_53389_TypeText,aRqQ,g关卡组_StageGroup_A.csv,260,StageGroup,TypeText,,融灾禁区,融災禁区,
StageGroup_53410_Name,aRsu,g关卡组_StageGroup_A.csv,261,StageGroup,Name,,融灾禁区·第1波,融災禁区・第1波,
StageGroup_53410_TypeText,aRsw,g关卡组_StageGroup_A.csv,261,StageGroup,TypeText,,融灾禁区,融災禁区,
StageGroup_53408_Name,aRsm,g关卡组_StageGroup_A.csv,262,StageGroup,Name,,融灾禁区·第2波,融災禁区・第2波,
StageGroup_53408_TypeText,aRso,g关卡组_StageGroup_A.csv,262,StageGroup,TypeText,,融灾禁区,融災禁区,
StageGroup_53409_Name,aRsq,g关卡组_StageGroup_A.csv,263,StageGroup,Name,,融灾禁区·第3波,融災禁区・第3波,
StageGroup_53409_TypeText,aRss,g关卡组_StageGroup_A.csv,263,StageGroup,TypeText,,融灾禁区,融災禁区,
StageGroup_53406_Name,aRse,g关卡组_StageGroup_A.csv,264,StageGroup,Name,,融灾禁区·第4波,融災禁区・第4波,
StageGroup_53406_TypeText,aRsg,g关卡组_StageGroup_A.csv,264,StageGroup,TypeText,,融灾禁区,融災禁区,
StageGroup_53407_Name,aRsi,g关卡组_StageGroup_A.csv,265,StageGroup,Name,,融灾禁区·第5波,融災禁区・第5波,
StageGroup_53407_TypeText,aRsk,g关卡组_StageGroup_A.csv,265,StageGroup,TypeText,,融灾禁区,融災禁区,
StageGroup_53404_Name,aRrW,g关卡组_StageGroup_A.csv,266,StageGroup,Name,,融灾禁区·第1波,融災禁区・第1波,
StageGroup_53404_TypeText,aRrY,g关卡组_StageGroup_A.csv,266,StageGroup,TypeText,,融灾禁区,融災禁区,
StageGroup_53403_Name,aRrS,g关卡组_StageGroup_A.csv,267,StageGroup,Name,,融灾禁区·第2波,融災禁区・第2波,
StageGroup_53403_TypeText,aRrU,g关卡组_StageGroup_A.csv,267,StageGroup,TypeText,,融灾禁区,融災禁区,
StageGroup_53402_Name,aRrO,g关卡组_StageGroup_A.csv,268,StageGroup,Name,,融灾禁区·第3波,融災禁区・第3波,
StageGroup_53402_TypeText,aRrQ,g关卡组_StageGroup_A.csv,268,StageGroup,TypeText,,融灾禁区,融災禁区,
StageGroup_53401_Name,aRrK,g关卡组_StageGroup_A.csv,269,StageGroup,Name,,融灾禁区·第4波,融災禁区・第4波,
StageGroup_53401_TypeText,aRrM,g关卡组_StageGroup_A.csv,269,StageGroup,TypeText,,融灾禁区,融災禁区,
StageGroup_53400_Name,aRrG,g关卡组_StageGroup_A.csv,270,StageGroup,Name,,融灾禁区·第5波,融災禁区・第5波,
StageGroup_53400_TypeText,aRrI,g关卡组_StageGroup_A.csv,270,StageGroup,TypeText,,融灾禁区,融災禁区,
StageGroup_53421_Name,aRtm,g关卡组_StageGroup_A.csv,271,StageGroup,Name,,融灾禁区·第1波,融災禁区・第1波,
StageGroup_53421_TypeText,aRto,g关卡组_StageGroup_A.csv,271,StageGroup,TypeText,,融灾禁区,融災禁区,
StageGroup_53422_Name,aRtq,g关卡组_StageGroup_A.csv,272,StageGroup,Name,,融灾禁区·第2波,融災禁区・第2波,
StageGroup_53422_TypeText,aRts,g关卡组_StageGroup_A.csv,272,StageGroup,TypeText,,融灾禁区,融災禁区,
StageGroup_53423_Name,aRtu,g关卡组_StageGroup_A.csv,273,StageGroup,Name,,融灾禁区·第3波,融災禁区・第3波,
StageGroup_53423_TypeText,aRtw,g关卡组_StageGroup_A.csv,273,StageGroup,TypeText,,融灾禁区,融災禁区,
StageGroup_53419_Name,aRte,g关卡组_StageGroup_A.csv,274,StageGroup,Name,,融灾禁区·第4波,融災禁区・第4波,
StageGroup_53419_TypeText,aRtg,g关卡组_StageGroup_A.csv,274,StageGroup,TypeText,,融灾禁区,融災禁区,
StageGroup_53420_Name,aRti,g关卡组_StageGroup_A.csv,275,StageGroup,Name,,融灾禁区·第5波,融災禁区・第5波,
StageGroup_53420_TypeText,aRtk,g关卡组_StageGroup_A.csv,275,StageGroup,TypeText,,融灾禁区,融災禁区,
StageGroup_53416_Name,aRsS,g关卡组_StageGroup_A.csv,276,StageGroup,Name,,融灾禁区·第1波,融災禁区・第1波,
StageGroup_53416_TypeText,aRsU,g关卡组_StageGroup_A.csv,276,StageGroup,TypeText,,融灾禁区,融災禁区,
StageGroup_53418_Name,aRta,g关卡组_StageGroup_A.csv,277,StageGroup,Name,,融灾禁区·第2波,融災禁区・第2波,
StageGroup_53418_TypeText,aRtc,g关卡组_StageGroup_A.csv,277,StageGroup,TypeText,,融灾禁区,融災禁区,
StageGroup_53417_Name,aRsW,g关卡组_StageGroup_A.csv,278,StageGroup,Name,,融灾禁区·第3波,融災禁区・第1波,
StageGroup_53417_TypeText,aRsY,g关卡组_StageGroup_A.csv,278,StageGroup,TypeText,,融灾禁区,融災禁区,
StageGroup_53414_Name,aRsK,g关卡组_StageGroup_A.csv,279,StageGroup,Name,,融灾禁区·第4波,融災禁区・第4波,
StageGroup_53414_TypeText,aRsM,g关卡组_StageGroup_A.csv,279,StageGroup,TypeText,,融灾禁区,融災禁区,
StageGroup_53413_Name,aRsG,g关卡组_StageGroup_A.csv,280,StageGroup,Name,,融灾禁区·第5波,融災禁区・第5波,
StageGroup_53413_TypeText,aRsI,g关卡组_StageGroup_A.csv,280,StageGroup,TypeText,,融灾禁区,融災禁区,
StageGroup_53382_Name,aRqm,g关卡组_StageGroup_A.csv,281,StageGroup,Name,,融灾禁区·第1波,融災禁区・第1波,
StageGroup_53382_TypeText,aRqo,g关卡组_StageGroup_A.csv,281,StageGroup,TypeText,,融灾禁区,融災禁区,
StageGroup_53384_Name,aRqu,g关卡组_StageGroup_A.csv,282,StageGroup,Name,,融灾禁区·第2波,融災禁区・第2波,
StageGroup_53384_TypeText,aRqw,g关卡组_StageGroup_A.csv,282,StageGroup,TypeText,,融灾禁区,融災禁区,
StageGroup_53383_Name,aRqq,g关卡组_StageGroup_A.csv,283,StageGroup,Name,,融灾禁区·第3波,融災禁区・第3波,
StageGroup_53383_TypeText,aRqs,g关卡组_StageGroup_A.csv,283,StageGroup,TypeText,,融灾禁区,融災禁区,
StageGroup_53412_Name,aRsC,g关卡组_StageGroup_A.csv,284,StageGroup,Name,,融灾禁区·第4波,融災禁区・第4波,
StageGroup_53412_TypeText,aRsE,g关卡组_StageGroup_A.csv,284,StageGroup,TypeText,,融灾禁区,融災禁区,
StageGroup_53378_Name,aRpW,g关卡组_StageGroup_A.csv,285,StageGroup,Name,,融灾禁区·第5波,融災禁区・第5波,
StageGroup_53378_TypeText,aRpY,g关卡组_StageGroup_A.csv,285,StageGroup,TypeText,,融灾禁区,融災禁区,
StageGroup_53431_Name,aRua,g关卡组_StageGroup_A.csv,286,StageGroup,Name,,融灾禁区·第1波,融災禁区・第1波,
StageGroup_53431_TypeText,aRuc,g关卡组_StageGroup_A.csv,286,StageGroup,TypeText,,融灾禁区,融災禁区,
StageGroup_53391_Name,aRqW,g关卡组_StageGroup_A.csv,287,StageGroup,Name,,融灾禁区·第2波,融災禁区・第2波,
StageGroup_53391_TypeText,aRqY,g关卡组_StageGroup_A.csv,287,StageGroup,TypeText,,融灾禁区,融災禁区,
StageGroup_53392_Name,aRra,g关卡组_StageGroup_A.csv,288,StageGroup,Name,,融灾禁区·第3波,融災禁区・第3波,
StageGroup_53392_TypeText,aRrc,g关卡组_StageGroup_A.csv,288,StageGroup,TypeText,,融灾禁区,融災禁区,
StageGroup_53427_Name,aRtK,g关卡组_StageGroup_A.csv,289,StageGroup,Name,,融灾禁区·第4波,融災禁区・第4波,
StageGroup_53427_TypeText,aRtM,g关卡组_StageGroup_A.csv,289,StageGroup,TypeText,,融灾禁区,融災禁区,
StageGroup_53386_Name,aRqC,g关卡组_StageGroup_A.csv,290,StageGroup,Name,,融灾禁区·第5波,融災禁区・第5波,
StageGroup_53386_TypeText,aRqE,g关卡组_StageGroup_A.csv,290,StageGroup,TypeText,,融灾禁区,融災禁区,
StageGroup_53424_Name,aRty,g关卡组_StageGroup_A.csv,291,StageGroup,Name,,融灾禁区·第1波,融災禁区・第1波,
StageGroup_53424_TypeText,aRtA,g关卡组_StageGroup_A.csv,291,StageGroup,TypeText,,融灾禁区,融災禁区,
StageGroup_53399_Name,aRrC,g关卡组_StageGroup_A.csv,292,StageGroup,Name,,融灾禁区·第2波,融災禁区・第2波,
StageGroup_53399_TypeText,aRrE,g关卡组_StageGroup_A.csv,292,StageGroup,TypeText,,融灾禁区,融災禁区,
StageGroup_53398_Name,aRry,g关卡组_StageGroup_A.csv,293,StageGroup,Name,,融灾禁区·第3波,融災禁区・第3波,
StageGroup_53398_TypeText,aRrA,g关卡组_StageGroup_A.csv,293,StageGroup,TypeText,,融灾禁区,融災禁区,
StageGroup_53405_Name,aRsa,g关卡组_StageGroup_A.csv,294,StageGroup,Name,,融灾禁区·第4波,融災禁区・第4波,
StageGroup_53405_TypeText,aRsc,g关卡组_StageGroup_A.csv,294,StageGroup,TypeText,,融灾禁区,融災禁区,
StageGroup_53428_Name,aRtO,g关卡组_StageGroup_A.csv,295,StageGroup,Name,,融灾禁区·第5波,融災禁区・第5波,
StageGroup_53428_TypeText,aRtQ,g关卡组_StageGroup_A.csv,295,StageGroup,TypeText,,融灾禁区,融災禁区,
StageGroup_69346_Name,aREO,g关卡组_StageGroup_A.csv,296,StageGroup,Name,,融灾禁区·第1波,融災禁区・第1波,
StageGroup_69346_TypeText,aREQ,g关卡组_StageGroup_A.csv,296,StageGroup,TypeText,,融灾禁区,融災禁区,
StageGroup_69338_Name,aREi,g关卡组_StageGroup_A.csv,297,StageGroup,Name,,融灾禁区·第2波,融災禁区・第2波,
StageGroup_69338_TypeText,aREk,g关卡组_StageGroup_A.csv,297,StageGroup,TypeText,,融灾禁区,融災禁区,
StageGroup_69339_Name,aREm,g关卡组_StageGroup_A.csv,298,StageGroup,Name,,融灾禁区·第3波,融災禁区・第3波,
StageGroup_69339_TypeText,aREo,g关卡组_StageGroup_A.csv,298,StageGroup,TypeText,,融灾禁区,融災禁区,
StageGroup_69344_Name,aREG,g关卡组_StageGroup_A.csv,299,StageGroup,Name,,融灾禁区·第4波,融災禁区・第4波,
StageGroup_69344_TypeText,aREI,g关卡组_StageGroup_A.csv,299,StageGroup,TypeText,,融灾禁区,融災禁区,
StageGroup_69345_Name,aREK,g关卡组_StageGroup_A.csv,300,StageGroup,Name,,融灾禁区·第5波,融災禁区・第5波,
StageGroup_69345_TypeText,aREM,g关卡组_StageGroup_A.csv,300,StageGroup,TypeText,,融灾禁区,融災禁区,
StageGroup_69361_Name,aRFW,g关卡组_StageGroup_A.csv,301,StageGroup,Name,,融灾禁区·第1波,融災禁区・第1波,
StageGroup_69361_TypeText,aRFY,g关卡组_StageGroup_A.csv,301,StageGroup,TypeText,,融灾禁区,融災禁区,
StageGroup_69336_Name,aREa,g关卡组_StageGroup_A.csv,302,StageGroup,Name,,融灾禁区·第2波,融災禁区・第2波,
StageGroup_69336_TypeText,aREc,g关卡组_StageGroup_A.csv,302,StageGroup,TypeText,,融灾禁区,融災禁区,
StageGroup_69340_Name,aREq,g关卡组_StageGroup_A.csv,303,StageGroup,Name,,融灾禁区·第3波,融災禁区・第3波,
StageGroup_69340_TypeText,aREs,g关卡组_StageGroup_A.csv,303,StageGroup,TypeText,,融灾禁区,融災禁区,
StageGroup_69343_Name,aREC,g关卡组_StageGroup_A.csv,304,StageGroup,Name,,融灾禁区·第4波,融災禁区・第4波,
StageGroup_69343_TypeText,aREE,g关卡组_StageGroup_A.csv,304,StageGroup,TypeText,,融灾禁区,融災禁区,
StageGroup_69342_Name,aREy,g关卡组_StageGroup_A.csv,305,StageGroup,Name,,融灾禁区·第5波,融災禁区・第5波,
StageGroup_69342_TypeText,aREA,g关卡组_StageGroup_A.csv,305,StageGroup,TypeText,,融灾禁区,融災禁区,
StageGroup_69337_Name,aREe,g关卡组_StageGroup_A.csv,306,StageGroup,Name,,融灾禁区·第1波,融災禁区・第1波,
StageGroup_69337_TypeText,aREg,g关卡组_StageGroup_A.csv,306,StageGroup,TypeText,,融灾禁区,融災禁区,
StageGroup_69347_Name,aRES,g关卡组_StageGroup_A.csv,307,StageGroup,Name,,融灾禁区·第2波,融災禁区・第2波,
StageGroup_69347_TypeText,aREU,g关卡组_StageGroup_A.csv,307,StageGroup,TypeText,,融灾禁区,融災禁区,
StageGroup_69348_Name,aREW,g关卡组_StageGroup_A.csv,308,StageGroup,Name,,融灾禁区·第3波,融災禁区・第3波,
StageGroup_69348_TypeText,aREY,g关卡组_StageGroup_A.csv,308,StageGroup,TypeText,,融灾禁区,融災禁区,
StageGroup_69349_Name,aRFa,g关卡组_StageGroup_A.csv,309,StageGroup,Name,,融灾禁区·第4波,融災禁区・第4波,
StageGroup_69349_TypeText,aRFc,g关卡组_StageGroup_A.csv,309,StageGroup,TypeText,,融灾禁区,融災禁区,
StageGroup_69350_Name,aRFe,g关卡组_StageGroup_A.csv,310,StageGroup,Name,,融灾禁区·第5波,融災禁区・第5波,
StageGroup_69350_TypeText,aRFg,g关卡组_StageGroup_A.csv,310,StageGroup,TypeText,,融灾禁区,融災禁区,
StageGroup_69355_Name,aRFy,g关卡组_StageGroup_A.csv,311,StageGroup,Name,,融灾禁区·第1波,融災禁区・第1波,
StageGroup_69355_TypeText,aRFA,g关卡组_StageGroup_A.csv,311,StageGroup,TypeText,,融灾禁区,融災禁区,
StageGroup_69354_Name,aRFu,g关卡组_StageGroup_A.csv,312,StageGroup,Name,,融灾禁区·第2波,融災禁区・第2波,
StageGroup_69354_TypeText,aRFw,g关卡组_StageGroup_A.csv,312,StageGroup,TypeText,,融灾禁区,融災禁区,
StageGroup_69353_Name,aRFq,g关卡组_StageGroup_A.csv,313,StageGroup,Name,,融灾禁区·第3波,融災禁区・第3波,
StageGroup_69353_TypeText,aRFs,g关卡组_StageGroup_A.csv,313,StageGroup,TypeText,,融灾禁区,融災禁区,
StageGroup_69352_Name,aRFm,g关卡组_StageGroup_A.csv,314,StageGroup,Name,,融灾禁区·第4波,融災禁区・第4波,
StageGroup_69352_TypeText,aRFo,g关卡组_StageGroup_A.csv,314,StageGroup,TypeText,,融灾禁区,融災禁区,
StageGroup_69351_Name,aRFi,g关卡组_StageGroup_A.csv,315,StageGroup,Name,,融灾禁区·第5波,融災禁区・第5波,
StageGroup_69351_TypeText,aRFk,g关卡组_StageGroup_A.csv,315,StageGroup,TypeText,,融灾禁区,融災禁区,
StageGroup_69341_Name,aREu,g关卡组_StageGroup_A.csv,316,StageGroup,Name,,融灾禁区·第1波,融災禁区・第1波,
StageGroup_69341_TypeText,aREw,g关卡组_StageGroup_A.csv,316,StageGroup,TypeText,,融灾禁区,融災禁区,
StageGroup_69335_Name,aRDW,g关卡组_StageGroup_A.csv,317,StageGroup,Name,,融灾禁区·第2波,融災禁区・第2波,
StageGroup_69335_TypeText,aRDY,g关卡组_StageGroup_A.csv,317,StageGroup,TypeText,,融灾禁区,融災禁区,
StageGroup_69327_Name,aRDq,g关卡组_StageGroup_A.csv,318,StageGroup,Name,,融灾禁区·第3波,融災禁区・第3波,
StageGroup_69327_TypeText,aRDs,g关卡组_StageGroup_A.csv,318,StageGroup,TypeText,,融灾禁区,融災禁区,
StageGroup_69324_Name,aRDe,g关卡组_StageGroup_A.csv,319,StageGroup,Name,,融灾禁区·第4波,融災禁区・第4波,
StageGroup_69324_TypeText,aRDg,g关卡组_StageGroup_A.csv,319,StageGroup,TypeText,,融灾禁区,融災禁区,
StageGroup_69325_Name,aRDi,g关卡组_StageGroup_A.csv,320,StageGroup,Name,,融灾禁区·第5波,融災禁区・第5波,
StageGroup_69325_TypeText,aRDk,g关卡组_StageGroup_A.csv,320,StageGroup,TypeText,,融灾禁区,融災禁区,
StageGroup_69326_Name,aRDm,g关卡组_StageGroup_A.csv,321,StageGroup,Name,,融灾禁区·第1波,融災禁区・第1波,
StageGroup_69326_TypeText,aRDo,g关卡组_StageGroup_A.csv,321,StageGroup,TypeText,,融灾禁区,融災禁区,
StageGroup_69329_Name,aRDy,g关卡组_StageGroup_A.csv,322,StageGroup,Name,,融灾禁区·第2波,融災禁区・第2波,
StageGroup_69329_TypeText,aRDA,g关卡组_StageGroup_A.csv,322,StageGroup,TypeText,,融灾禁区,融災禁区,
StageGroup_69328_Name,aRDu,g关卡组_StageGroup_A.csv,323,StageGroup,Name,,融灾禁区·第3波,融災禁区・第3波,
StageGroup_69328_TypeText,aRDw,g关卡组_StageGroup_A.csv,323,StageGroup,TypeText,,融灾禁区,融災禁区,
StageGroup_69323_Name,aRDa,g关卡组_StageGroup_A.csv,324,StageGroup,Name,,融灾禁区·第4波,融災禁区・第4波,
StageGroup_69323_TypeText,aRDc,g关卡组_StageGroup_A.csv,324,StageGroup,TypeText,,融灾禁区,融災禁区,
StageGroup_69322_Name,aRCW,g关卡组_StageGroup_A.csv,325,StageGroup,Name,,融灾禁区·第5波,融災禁区・第5波,
StageGroup_69322_TypeText,aRCY,g关卡组_StageGroup_A.csv,325,StageGroup,TypeText,,融灾禁区,融災禁区,
StageGroup_69332_Name,aRDK,g关卡组_StageGroup_A.csv,326,StageGroup,Name,,融灾禁区·第1波,融災禁区・第1波,
StageGroup_69332_TypeText,aRDM,g关卡组_StageGroup_A.csv,326,StageGroup,TypeText,,融灾禁区,融災禁区,
StageGroup_69333_Name,aRDO,g关卡组_StageGroup_A.csv,327,StageGroup,Name,,融灾禁区·第2波,融災禁区・第2波,
StageGroup_69333_TypeText,aRDQ,g关卡组_StageGroup_A.csv,327,StageGroup,TypeText,,融灾禁区,融災禁区,
StageGroup_69334_Name,aRDS,g关卡组_StageGroup_A.csv,328,StageGroup,Name,,融灾禁区·第3波,融災禁区・第3波,
StageGroup_69334_TypeText,aRDU,g关卡组_StageGroup_A.csv,328,StageGroup,TypeText,,融灾禁区,融災禁区,
StageGroup_69330_Name,aRDC,g关卡组_StageGroup_A.csv,329,StageGroup,Name,,融灾禁区·第4波,融災禁区・第4波,
StageGroup_69330_TypeText,aRDE,g关卡组_StageGroup_A.csv,329,StageGroup,TypeText,,融灾禁区,融災禁区,
StageGroup_69331_Name,aRDG,g关卡组_StageGroup_A.csv,330,StageGroup,Name,,融灾禁区·第5波,融災禁区・第5波,
StageGroup_69331_TypeText,aRDI,g关卡组_StageGroup_A.csv,330,StageGroup,TypeText,,融灾禁区,融災禁区,
StageGroup_69358_Name,aRFK,g关卡组_StageGroup_A.csv,331,StageGroup,Name,,融灾禁区·第1波,融災禁区・第1波,
StageGroup_69358_TypeText,aRFM,g关卡组_StageGroup_A.csv,331,StageGroup,TypeText,,融灾禁区,融災禁区,
StageGroup_69356_Name,aRFC,g关卡组_StageGroup_A.csv,332,StageGroup,Name,,融灾禁区·第2波,融災禁区・第2波,
StageGroup_69356_TypeText,aRFE,g关卡组_StageGroup_A.csv,332,StageGroup,TypeText,,融灾禁区,融災禁区,
StageGroup_69357_Name,aRFG,g关卡组_StageGroup_A.csv,333,StageGroup,Name,,融灾禁区·第3波,融災禁区・第3波,
StageGroup_69357_TypeText,aRFI,g关卡组_StageGroup_A.csv,333,StageGroup,TypeText,,融灾禁区,融災禁区,
StageGroup_69359_Name,aRFO,g关卡组_StageGroup_A.csv,334,StageGroup,Name,,融灾禁区·第4波,融災禁区・第4波,
StageGroup_69359_TypeText,aRFQ,g关卡组_StageGroup_A.csv,334,StageGroup,TypeText,,融灾禁区,融災禁区,
StageGroup_69360_Name,aRFS,g关卡组_StageGroup_A.csv,335,StageGroup,Name,,融灾禁区·第5波,融災禁区・第5波,
StageGroup_69360_TypeText,aRFU,g关卡组_StageGroup_A.csv,335,StageGroup,TypeText,,融灾禁区,融災禁区,
StageGroup_75286_Name,aRJm,g关卡组_StageGroup_A.csv,565,StageGroup,Name,,幻梦深潜,幻夢の深潜,
StageGroup_75286_TypeText,aRJo,g关卡组_StageGroup_A.csv,565,StageGroup,TypeText,,幻梦深潜,幻夢の深潜,
StageGroup_77134_Name,aRMa,g关卡组_StageGroup_A.csv,566,StageGroup,Name,,融灾禁区·第1波,融災禁区・第1波,
StageGroup_77134_TypeText,aRMc,g关卡组_StageGroup_A.csv,566,StageGroup,TypeText,,队伍配置-融灾禁区,チーム編成-融災禁区,
StageGroup_77133_Name,aRLW,g关卡组_StageGroup_A.csv,567,StageGroup,Name,,融灾禁区·第2波,融災禁区・第2波,
StageGroup_77133_TypeText,aRLY,g关卡组_StageGroup_A.csv,567,StageGroup,TypeText,,队伍配置-融灾禁区,チーム編成-融災禁区,
StageGroup_77132_Name,aRLS,g关卡组_StageGroup_A.csv,568,StageGroup,Name,,融灾禁区·第3波,融災禁区・第3波,
StageGroup_77132_TypeText,aRLU,g关卡组_StageGroup_A.csv,568,StageGroup,TypeText,,队伍配置-融灾禁区,チーム編成-融災禁区,
StageGroup_77138_Name,aRMq,g关卡组_StageGroup_A.csv,569,StageGroup,Name,,融灾禁区·第4波,融災禁区・第4波,
StageGroup_77138_TypeText,aRMs,g关卡组_StageGroup_A.csv,569,StageGroup,TypeText,,队伍配置-融灾禁区,チーム編成-融災禁区,
StageGroup_77137_Name,aRMm,g关卡组_StageGroup_A.csv,570,StageGroup,Name,,融灾禁区·第5波,融災禁区・第5波,
StageGroup_77137_TypeText,aRMo,g关卡组_StageGroup_A.csv,570,StageGroup,TypeText,,队伍配置-融灾禁区,チーム編成-融災禁区,
StageGroup_77124_Name,aRLm,g关卡组_StageGroup_A.csv,571,StageGroup,Name,,融灾禁区·第1波,融災禁区・第1波,
StageGroup_77124_TypeText,aRLo,g关卡组_StageGroup_A.csv,571,StageGroup,TypeText,,队伍配置-融灾禁区,チーム編成-融災禁区,
StageGroup_77125_Name,aRLq,g关卡组_StageGroup_A.csv,572,StageGroup,Name,,融灾禁区·第2波,融災禁区・第2波,
StageGroup_77125_TypeText,aRLs,g关卡组_StageGroup_A.csv,572,StageGroup,TypeText,,队伍配置-融灾禁区,チーム編成-融災禁区,
StageGroup_77126_Name,aRLu,g关卡组_StageGroup_A.csv,573,StageGroup,Name,,融灾禁区·第3波,融災禁区・第3波,
StageGroup_77126_TypeText,aRLw,g关卡组_StageGroup_A.csv,573,StageGroup,TypeText,,队伍配置-融灾禁区,チーム編成-融災禁区,
StageGroup_77121_Name,aRLa,g关卡组_StageGroup_A.csv,574,StageGroup,Name,,融灾禁区·第4波,融災禁区・第4波,
StageGroup_77121_TypeText,aRLc,g关卡组_StageGroup_A.csv,574,StageGroup,TypeText,,队伍配置-融灾禁区,チーム編成-融災禁区,
StageGroup_77122_Name,aRLe,g关卡组_StageGroup_A.csv,575,StageGroup,Name,,融灾禁区·第5波,融災禁区・第5波,
StageGroup_77122_TypeText,aRLg,g关卡组_StageGroup_A.csv,575,StageGroup,TypeText,,队伍配置-融灾禁区,チーム編成-融災禁区,
StageGroup_77118_Name,aRKO,g关卡组_StageGroup_A.csv,576,StageGroup,Name,,融灾禁区·第1波,融災禁区・第1波,
StageGroup_77118_TypeText,aRKQ,g关卡组_StageGroup_A.csv,576,StageGroup,TypeText,,队伍配置-融灾禁区,チーム編成-融災禁区,
StageGroup_77120_Name,aRKW,g关卡组_StageGroup_A.csv,577,StageGroup,Name,,融灾禁区·第2波,融災禁区・第2波,
StageGroup_77120_TypeText,aRKY,g关卡组_StageGroup_A.csv,577,StageGroup,TypeText,,队伍配置-融灾禁区,チーム編成-融災禁区,
StageGroup_77119_Name,aRKS,g关卡组_StageGroup_A.csv,578,StageGroup,Name,,融灾禁区·第3波,融災禁区・第3波,
StageGroup_77119_TypeText,aRKU,g关卡组_StageGroup_A.csv,578,StageGroup,TypeText,,队伍配置-融灾禁区,チーム編成-融災禁区,
StageGroup_77117_Name,aRKK,g关卡组_StageGroup_A.csv,579,StageGroup,Name,,融灾禁区·第4波,融災禁区・第4波,
StageGroup_77117_TypeText,aRKM,g关卡组_StageGroup_A.csv,579,StageGroup,TypeText,,队伍配置-融灾禁区,チーム編成-融災禁区,
StageGroup_77116_Name,aRKG,g关卡组_StageGroup_A.csv,580,StageGroup,Name,,融灾禁区·第5波,融災禁区・第5波,
StageGroup_77116_TypeText,aRKI,g关卡组_StageGroup_A.csv,580,StageGroup,TypeText,,队伍配置-融灾禁区,チーム編成-融災禁区,
StageGroup_77115_Name,aRKC,g关卡组_StageGroup_A.csv,581,StageGroup,Name,,融灾禁区·第1波,融災禁区・第1波,
StageGroup_77115_TypeText,aRKE,g关卡组_StageGroup_A.csv,581,StageGroup,TypeText,,队伍配置-融灾禁区,チーム編成-融災禁区,
StageGroup_77113_Name,aRKu,g关卡组_StageGroup_A.csv,582,StageGroup,Name,,融灾禁区·第2波,融災禁区・第2波,
StageGroup_77113_TypeText,aRKw,g关卡组_StageGroup_A.csv,582,StageGroup,TypeText,,队伍配置-融灾禁区,チーム編成-融災禁区,
StageGroup_77114_Name,aRKy,g关卡组_StageGroup_A.csv,583,StageGroup,Name,,融灾禁区·第3波,融災禁区・第3波,
StageGroup_77114_TypeText,aRKA,g关卡组_StageGroup_A.csv,583,StageGroup,TypeText,,队伍配置-融灾禁区,チーム編成-融災禁区,
StageGroup_77111_Name,aRKm,g关卡组_StageGroup_A.csv,584,StageGroup,Name,,融灾禁区·第4波,融災禁区・第4波,
StageGroup_77111_TypeText,aRKo,g关卡组_StageGroup_A.csv,584,StageGroup,TypeText,,队伍配置-融灾禁区,チーム編成-融災禁区,
StageGroup_77112_Name,aRKq,g关卡组_StageGroup_A.csv,585,StageGroup,Name,,融灾禁区·第5波,融災禁区・第5波,
StageGroup_77112_TypeText,aRKs,g关卡组_StageGroup_A.csv,585,StageGroup,TypeText,,队伍配置-融灾禁区,チーム編成-融災禁区,
StageGroup_77153_Name,aRNy,g关卡组_StageGroup_A.csv,586,StageGroup,Name,,融灾禁区·第1波,融災禁区・第1波,
StageGroup_77153_TypeText,aRNA,g关卡组_StageGroup_A.csv,586,StageGroup,TypeText,,队伍配置-融灾禁区,チーム編成-融災禁区,
StageGroup_77152_Name,aRNu,g关卡组_StageGroup_A.csv,587,StageGroup,Name,,融灾禁区·第2波,融災禁区・第2波,
StageGroup_77152_TypeText,aRNw,g关卡组_StageGroup_A.csv,587,StageGroup,TypeText,,队伍配置-融灾禁区,チーム編成-融災禁区,
StageGroup_77151_Name,aRNq,g关卡组_StageGroup_A.csv,588,StageGroup,Name,,融灾禁区·第3波,融災禁区・第3波,
StageGroup_77151_TypeText,aRNs,g关卡组_StageGroup_A.csv,588,StageGroup,TypeText,,队伍配置-融灾禁区,チーム編成-融災禁区,
StageGroup_77150_Name,aRNm,g关卡组_StageGroup_A.csv,589,StageGroup,Name,,融灾禁区·第4波,融災禁区・第4波,
StageGroup_77150_TypeText,aRNo,g关卡组_StageGroup_A.csv,589,StageGroup,TypeText,,队伍配置-融灾禁区,チーム編成-融災禁区,
StageGroup_77149_Name,aRNi,g关卡组_StageGroup_A.csv,590,StageGroup,Name,,融灾禁区·第5波,融災禁区・第5波,
StageGroup_77149_TypeText,aRNk,g关卡组_StageGroup_A.csv,590,StageGroup,TypeText,,队伍配置-融灾禁区,チーム編成-融災禁区,
StageGroup_77144_Name,aRMO,g关卡组_StageGroup_A.csv,591,StageGroup,Name,,融灾禁区·第1波,融災禁区・第1波,
StageGroup_77144_TypeText,aRMQ,g关卡组_StageGroup_A.csv,591,StageGroup,TypeText,,队伍配置-融灾禁区,チーム編成-融災禁区,
StageGroup_77145_Name,aRMS,g关卡组_StageGroup_A.csv,592,StageGroup,Name,,融灾禁区·第2波,融災禁区・第2波,
StageGroup_77145_TypeText,aRMU,g关卡组_StageGroup_A.csv,592,StageGroup,TypeText,,队伍配置-融灾禁区,チーム編成-融災禁区,
StageGroup_77146_Name,aRMW,g关卡组_StageGroup_A.csv,593,StageGroup,Name,,融灾禁区·第3波,融災禁区・第3波,
StageGroup_77146_TypeText,aRMY,g关卡组_StageGroup_A.csv,593,StageGroup,TypeText,,队伍配置-融灾禁区,チーム編成-融災禁区,
StageGroup_77147_Name,aRNa,g关卡组_StageGroup_A.csv,594,StageGroup,Name,,融灾禁区·第4波,融災禁区・第4波,
StageGroup_77147_TypeText,aRNc,g关卡组_StageGroup_A.csv,594,StageGroup,TypeText,,队伍配置-融灾禁区,チーム編成-融災禁区,
StageGroup_77148_Name,aRNe,g关卡组_StageGroup_A.csv,595,StageGroup,Name,,融灾禁区·第5波,融災禁区・第5波,
StageGroup_77148_TypeText,aRNg,g关卡组_StageGroup_A.csv,595,StageGroup,TypeText,,队伍配置-融灾禁区,チーム編成-融災禁区,
StageGroup_77139_Name,aRMu,g关卡组_StageGroup_A.csv,596,StageGroup,Name,,融灾禁区·第1波,融災禁区・第1波,
StageGroup_77139_TypeText,aRMw,g关卡组_StageGroup_A.csv,596,StageGroup,TypeText,,队伍配置-融灾禁区,チーム編成-融災禁区,
StageGroup_77141_Name,aRMC,g关卡组_StageGroup_A.csv,597,StageGroup,Name,,融灾禁区·第2波,融災禁区・第2波,
StageGroup_77141_TypeText,aRME,g关卡组_StageGroup_A.csv,597,StageGroup,TypeText,,队伍配置-融灾禁区,チーム編成-融災禁区,
StageGroup_77140_Name,aRMy,g关卡组_StageGroup_A.csv,598,StageGroup,Name,,融灾禁区·第3波,融災禁区・第3波,
StageGroup_77140_TypeText,aRMA,g关卡组_StageGroup_A.csv,598,StageGroup,TypeText,,队伍配置-融灾禁区,チーム編成-融災禁区,
StageGroup_77143_Name,aRMK,g关卡组_StageGroup_A.csv,599,StageGroup,Name,,融灾禁区·第4波,融災禁区・第4波,
StageGroup_77143_TypeText,aRMM,g关卡组_StageGroup_A.csv,599,StageGroup,TypeText,,队伍配置-融灾禁区,チーム編成-融災禁区,
StageGroup_77142_Name,aRMG,g关卡组_StageGroup_A.csv,600,StageGroup,Name,,融灾禁区·第5波,融災禁区・第5波,
StageGroup_77142_TypeText,aRMI,g关卡组_StageGroup_A.csv,600,StageGroup,TypeText,,队伍配置-融灾禁区,チーム編成-融災禁区,
StageGroup_77123_Name,aRLi,g关卡组_StageGroup_A.csv,601,StageGroup,Name,,融灾禁区·第1波,融災禁区・第1波,
StageGroup_77123_TypeText,aRLk,g关卡组_StageGroup_A.csv,601,StageGroup,TypeText,,队伍配置-融灾禁区,チーム編成-融災禁区,
StageGroup_77110_Name,aRKi,g关卡组_StageGroup_A.csv,602,StageGroup,Name,,融灾禁区·第2波,融災禁区・第2波,
StageGroup_77110_TypeText,aRKk,g关卡组_StageGroup_A.csv,602,StageGroup,TypeText,,队伍配置-融灾禁区,チーム編成-融災禁区,
StageGroup_77135_Name,aRMe,g关卡组_StageGroup_A.csv,603,StageGroup,Name,,融灾禁区·第3波,融災禁区・第3波,
StageGroup_77135_TypeText,aRMg,g关卡组_StageGroup_A.csv,603,StageGroup,TypeText,,队伍配置-融灾禁区,チーム編成-融災禁区,
StageGroup_77136_Name,aRMi,g关卡组_StageGroup_A.csv,604,StageGroup,Name,,融灾禁区·第4波,融災禁区・第4波,
StageGroup_77136_TypeText,aRMk,g关卡组_StageGroup_A.csv,604,StageGroup,TypeText,,队伍配置-融灾禁区,チーム編成-融災禁区,
StageGroup_77104_Name,aRJK,g关卡组_StageGroup_A.csv,605,StageGroup,Name,,融灾禁区·第5波,融災禁区・第5波,
StageGroup_77104_TypeText,aRJM,g关卡组_StageGroup_A.csv,605,StageGroup,TypeText,,队伍配置-融灾禁区,チーム編成-融災禁区,
StageGroup_77129_Name,aRLG,g关卡组_StageGroup_A.csv,606,StageGroup,Name,,第1波,第1波,
StageGroup_77129_TypeText,aRLI,g关卡组_StageGroup_A.csv,606,StageGroup,TypeText,,队伍配置-融灾禁区,チーム編成-融災禁区,
StageGroup_77128_Name,aRLC,g关卡组_StageGroup_A.csv,607,StageGroup,Name,,第2波,第2波,
StageGroup_77128_TypeText,aRLE,g关卡组_StageGroup_A.csv,607,StageGroup,TypeText,,队伍配置-融灾禁区,チーム編成-融災禁区,
StageGroup_77127_Name,aRLy,g关卡组_StageGroup_A.csv,608,StageGroup,Name,,第3波,第3波,
StageGroup_77127_TypeText,aRLA,g关卡组_StageGroup_A.csv,608,StageGroup,TypeText,,队伍配置-融灾禁区,チーム編成-融災禁区,
StageGroup_77131_Name,aRLO,g关卡组_StageGroup_A.csv,609,StageGroup,Name,,第4波,第4波,
StageGroup_77131_TypeText,aRLQ,g关卡组_StageGroup_A.csv,609,StageGroup,TypeText,,队伍配置-融灾禁区,チーム編成-融災禁区,
StageGroup_77130_Name,aRLK,g关卡组_StageGroup_A.csv,610,StageGroup,Name,,第5波,第5波,
StageGroup_77130_TypeText,aRLM,g关卡组_StageGroup_A.csv,610,StageGroup,TypeText,,队伍配置-融灾禁区,チーム編成-融災禁区,
StageGroup_77107_Name,aRJW,g关卡组_StageGroup_A.csv,611,StageGroup,Name,,第1波,第1波,
StageGroup_77107_TypeText,aRJY,g关卡组_StageGroup_A.csv,611,StageGroup,TypeText,,队伍配置-融灾禁区,チーム編成-融災禁区,
StageGroup_77106_Name,aRJS,g关卡组_StageGroup_A.csv,612,StageGroup,Name,,第2波,第2波,
StageGroup_77106_TypeText,aRJU,g关卡组_StageGroup_A.csv,612,StageGroup,TypeText,,队伍配置-融灾禁区,チーム編成-融災禁区,
StageGroup_77105_Name,aRJO,g关卡组_StageGroup_A.csv,613,StageGroup,Name,,第3波,第3波,
StageGroup_77105_TypeText,aRJQ,g关卡组_StageGroup_A.csv,613,StageGroup,TypeText,,队伍配置-融灾禁区,チーム編成-融災禁区,
StageGroup_77109_Name,aRKe,g关卡组_StageGroup_A.csv,614,StageGroup,Name,,第4波,第4波,
StageGroup_77109_TypeText,aRKg,g关卡组_StageGroup_A.csv,614,StageGroup,TypeText,,队伍配置-融灾禁区,チーム編成-融災禁区,
StageGroup_77108_Name,aRKa,g关卡组_StageGroup_A.csv,615,StageGroup,Name,,第5波,第5波,
StageGroup_77108_TypeText,aRKc,g关卡组_StageGroup_A.csv,615,StageGroup,TypeText,,队伍配置-融灾禁区,チーム編成-融災禁区,
StageGroup_80885_Name,bsMS,g关卡组_StageGroup_A.csv,616,StageGroup,Name,,第1波,第1波,
StageGroup_80885_TypeText,bsMU,g关卡组_StageGroup_A.csv,616,StageGroup,TypeText,,队伍配置-融灾禁区,チーム編成-融災禁区,
StageGroup_80883_Name,bsMK,g关卡组_StageGroup_A.csv,617,StageGroup,Name,,第2波,第2波,
StageGroup_80883_TypeText,bsMM,g关卡组_StageGroup_A.csv,617,StageGroup,TypeText,,队伍配置-融灾禁区,チーム編成-融災禁区,
StageGroup_80884_Name,bsMO,g关卡组_StageGroup_A.csv,618,StageGroup,Name,,第3波,第3波,
StageGroup_80884_TypeText,bsMQ,g关卡组_StageGroup_A.csv,618,StageGroup,TypeText,,队伍配置-融灾禁区,チーム編成-融災禁区,
StageGroup_80886_Name,bsMW,g关卡组_StageGroup_A.csv,619,StageGroup,Name,,第4波,第4波,
StageGroup_80886_TypeText,bsMY,g关卡组_StageGroup_A.csv,619,StageGroup,TypeText,,队伍配置-融灾禁区,チーム編成-融災禁区,
StageGroup_80887_Name,bsNa,g关卡组_StageGroup_A.csv,620,StageGroup,Name,,第5波,第5波,
StageGroup_80887_TypeText,bsNc,g关卡组_StageGroup_A.csv,620,StageGroup,TypeText,,队伍配置-融灾禁区,チーム編成-融災禁区,
StageGroup_80875_Name,bsMe,g关卡组_StageGroup_A.csv,621,StageGroup,Name,,第1波,第1波,
StageGroup_80875_TypeText,bsMg,g关卡组_StageGroup_A.csv,621,StageGroup,TypeText,,队伍配置-融灾禁区,チーム編成-融災禁区,
StageGroup_80877_Name,bsMm,g关卡组_StageGroup_A.csv,622,StageGroup,Name,,第2波,第2波,
StageGroup_80877_TypeText,bsMo,g关卡组_StageGroup_A.csv,622,StageGroup,TypeText,,队伍配置-融灾禁区,チーム編成-融災禁区,
StageGroup_80876_Name,bsMi,g关卡组_StageGroup_A.csv,623,StageGroup,Name,,第3波,第3波,
StageGroup_80876_TypeText,bsMk,g关卡组_StageGroup_A.csv,623,StageGroup,TypeText,,队伍配置-融灾禁区,チーム編成-融災禁区,
StageGroup_80874_Name,bsMa,g关卡组_StageGroup_A.csv,624,StageGroup,Name,,第4波,第4波,
StageGroup_80874_TypeText,bsMc,g关卡组_StageGroup_A.csv,624,StageGroup,TypeText,,队伍配置-融灾禁区,チーム編成-融災禁区,
StageGroup_80873_Name,bsLW,g关卡组_StageGroup_A.csv,625,StageGroup,Name,,第5波,第5波,
StageGroup_80873_TypeText,bsLY,g关卡组_StageGroup_A.csv,625,StageGroup,TypeText,,队伍配置-融灾禁区,チーム編成-融災禁区,
StageGroup_80880_Name,bsMy,g关卡组_StageGroup_A.csv,626,StageGroup,Name,,第1波,第1波,
StageGroup_80880_TypeText,bsMA,g关卡组_StageGroup_A.csv,626,StageGroup,TypeText,,队伍配置-融灾禁区,チーム編成-融災禁区,
StageGroup_80881_Name,bsMC,g关卡组_StageGroup_A.csv,627,StageGroup,Name,,第2波,第2波,
StageGroup_80881_TypeText,bsME,g关卡组_StageGroup_A.csv,627,StageGroup,TypeText,,队伍配置-融灾禁区,チーム編成-融災禁区,
StageGroup_80882_Name,bsMG,g关卡组_StageGroup_A.csv,628,StageGroup,Name,,第3波,第3波,
StageGroup_80882_TypeText,bsMI,g关卡组_StageGroup_A.csv,628,StageGroup,TypeText,,队伍配置-融灾禁区,チーム編成-融災禁区,
StageGroup_80878_Name,bsMq,g关卡组_StageGroup_A.csv,629,StageGroup,Name,,第4波,第4波,
StageGroup_80878_TypeText,bsMs,g关卡组_StageGroup_A.csv,629,StageGroup,TypeText,,队伍配置-融灾禁区,チーム編成-融災禁区,
StageGroup_80879_Name,bsMu,g关卡组_StageGroup_A.csv,630,StageGroup,Name,,第5波,第5波,
StageGroup_80879_TypeText,bsMw,g关卡组_StageGroup_A.csv,630,StageGroup,TypeText,,队伍配置-融灾禁区,チーム編成-融災禁区,
StageGroup_80906_Name,bsOy,g关卡组_StageGroup_A.csv,631,StageGroup,Name,,第1波,第1波,
StageGroup_80906_TypeText,bsOA,g关卡组_StageGroup_A.csv,631,StageGroup,TypeText,,队伍配置-融灾禁区,チーム編成-融災禁区,
StageGroup_80850_Name,bsKi,g关卡组_StageGroup_A.csv,632,StageGroup,Name,,第2波,第2波,
StageGroup_80850_TypeText,bsKk,g关卡组_StageGroup_A.csv,632,StageGroup,TypeText,,队伍配置-融灾禁区,チーム編成-融災禁区,
StageGroup_80904_Name,bsOq,g关卡组_StageGroup_A.csv,633,StageGroup,Name,,第3波,第3波,
StageGroup_80904_TypeText,bsOs,g关卡组_StageGroup_A.csv,633,StageGroup,TypeText,,队伍配置-融灾禁区,チーム編成-融災禁区,
StageGroup_80903_Name,bsOm,g关卡组_StageGroup_A.csv,634,StageGroup,Name,,第4波,第4波,
StageGroup_80903_TypeText,bsOo,g关卡组_StageGroup_A.csv,634,StageGroup,TypeText,,队伍配置-融灾禁区,チーム編成-融災禁区,
StageGroup_80847_Name,bsJW,g关卡组_StageGroup_A.csv,635,StageGroup,Name,,第5波,第5波,
StageGroup_80847_TypeText,bsJY,g关卡组_StageGroup_A.csv,635,StageGroup,TypeText,,队伍配置-融灾禁区,チーム編成-融災禁区,
StageGroup_80912_Name,bsOW,g关卡组_StageGroup_A.csv,636,StageGroup,Name,,第1波,第1波,
StageGroup_80912_TypeText,bsOY,g关卡组_StageGroup_A.csv,636,StageGroup,TypeText,,队伍配置-融灾禁区,チーム編成-融災禁区,
StageGroup_80846_Name,bsJS,g关卡组_StageGroup_A.csv,637,StageGroup,Name,,第2波,第2波,
StageGroup_80846_TypeText,bsJU,g关卡组_StageGroup_A.csv,637,StageGroup,TypeText,,队伍配置-融灾禁区,チーム編成-融災禁区,
StageGroup_80862_Name,bsLe,g关卡组_StageGroup_A.csv,638,StageGroup,Name,,第3波,第3波,
StageGroup_80862_TypeText,bsLg,g关卡组_StageGroup_A.csv,638,StageGroup,TypeText,,队伍配置-融灾禁区,チーム編成-融災禁区,
StageGroup_80851_Name,bsKm,g关卡组_StageGroup_A.csv,639,StageGroup,Name,,第4波,第4波,
StageGroup_80851_TypeText,bsKo,g关卡组_StageGroup_A.csv,639,StageGroup,TypeText,,队伍配置-融灾禁区,チーム編成-融災禁区,
StageGroup_80833_Name,bsIS,g关卡组_StageGroup_A.csv,640,StageGroup,Name,,第5波,第5波,
StageGroup_80833_TypeText,bsIU,g关卡组_StageGroup_A.csv,640,StageGroup,TypeText,,队伍配置-融灾禁区,チーム編成-融災禁区,
StageGroup_80890_Name,bsNm,g关卡组_StageGroup_A.csv,641,StageGroup,Name,,第1波,第1波,
StageGroup_80890_TypeText,bsNo,g关卡组_StageGroup_A.csv,641,StageGroup,TypeText,,队伍配置-融灾禁区,チーム編成-融災禁区,
StageGroup_80892_Name,bsNu,g关卡组_StageGroup_A.csv,642,StageGroup,Name,,第2波,第2波,
StageGroup_80892_TypeText,bsNw,g关卡组_StageGroup_A.csv,642,StageGroup,TypeText,,队伍配置-融灾禁区,チーム編成-融災禁区,
StageGroup_80891_Name,bsNq,g关卡组_StageGroup_A.csv,643,StageGroup,Name,,第3波,第3波,
StageGroup_80891_TypeText,bsNs,g关卡组_StageGroup_A.csv,643,StageGroup,TypeText,,队伍配置-融灾禁区,チーム編成-融災禁区,
StageGroup_80894_Name,bsNC,g关卡组_StageGroup_A.csv,644,StageGroup,Name,,第4波,第4波,
StageGroup_80894_TypeText,bsNE,g关卡组_StageGroup_A.csv,644,StageGroup,TypeText,,队伍配置-融灾禁区,チーム編成-融災禁区,
StageGroup_80893_Name,bsNy,g关卡组_StageGroup_A.csv,645,StageGroup,Name,,第5波,第5波,
StageGroup_80893_TypeText,bsNA,g关卡组_StageGroup_A.csv,645,StageGroup,TypeText,,队伍配置-融灾禁区,チーム編成-融災禁区,
StageGroup_80896_Name,bsNK,g关卡组_StageGroup_A.csv,646,StageGroup,Name,,第1波,第1波,
StageGroup_80896_TypeText,bsNM,g关卡组_StageGroup_A.csv,646,StageGroup,TypeText,,队伍配置-融灾禁区,チーム編成-融災禁区,
StageGroup_80834_Name,bsIW,g关卡组_StageGroup_A.csv,647,StageGroup,Name,,第2波,第2波,
StageGroup_80834_TypeText,bsIY,g关卡组_StageGroup_A.csv,647,StageGroup,TypeText,,队伍配置-融灾禁区,チーム編成-融災禁区,
StageGroup_80898_Name,bsNS,g关卡组_StageGroup_A.csv,648,StageGroup,Name,,第3波,第3波,
StageGroup_80898_TypeText,bsNU,g关卡组_StageGroup_A.csv,648,StageGroup,TypeText,,队伍配置-融灾禁区,チーム編成-融災禁区,
StageGroup_80899_Name,bsNW,g关卡组_StageGroup_A.csv,649,StageGroup,Name,,第4波,第4波,
StageGroup_80899_TypeText,bsNY,g关卡组_StageGroup_A.csv,649,StageGroup,TypeText,,队伍配置-融灾禁区,チーム編成-融災禁区,
StageGroup_80900_Name,bsOa,g关卡组_StageGroup_A.csv,650,StageGroup,Name,,第5波,第5波,
StageGroup_80900_TypeText,bsOc,g关卡组_StageGroup_A.csv,650,StageGroup,TypeText,,队伍配置-融灾禁区,チーム編成-融災禁区,
StageGroup_80915_Name,bsPi,g关卡组_StageGroup_A.csv,651,StageGroup,Name,,第1波,第1波,
StageGroup_80915_TypeText,bsPk,g关卡组_StageGroup_A.csv,651,StageGroup,TypeText,,队伍配置-融灾禁区,チーム編成-融災禁区,
StageGroup_80914_Name,bsPe,g关卡组_StageGroup_A.csv,652,StageGroup,Name,,第2波,第2波,
StageGroup_80914_TypeText,bsPg,g关卡组_StageGroup_A.csv,652,StageGroup,TypeText,,队伍配置-融灾禁区,チーム編成-融災禁区,
StageGroup_80913_Name,bsPa,g关卡组_StageGroup_A.csv,653,StageGroup,Name,,第3波,第3波,
StageGroup_80913_TypeText,bsPc,g关卡组_StageGroup_A.csv,653,StageGroup,TypeText,,队伍配置-融灾禁区,チーム編成-融災禁区,
StageGroup_80920_Name,bsPC,g关卡组_StageGroup_A.csv,654,StageGroup,Name,,第4波,第4波,
StageGroup_80920_TypeText,bsPE,g关卡组_StageGroup_A.csv,654,StageGroup,TypeText,,队伍配置-融灾禁区,チーム編成-融災禁区,
StageGroup_80919_Name,bsPy,g关卡组_StageGroup_A.csv,655,StageGroup,Name,,第5波,第5波,
StageGroup_80919_TypeText,bsPA,g关卡组_StageGroup_A.csv,655,StageGroup,TypeText,,队伍配置-融灾禁区,チーム編成-融災禁区,
StageGroup_80832_Name,bsIO,g关卡组_StageGroup_A.csv,656,StageGroup,Name,,第1波,第1波,
StageGroup_80832_TypeText,bsIQ,g关卡组_StageGroup_A.csv,656,StageGroup,TypeText,,队伍配置-融灾禁区,チーム編成-融災禁区,
StageGroup_80921_Name,bsPG,g关卡组_StageGroup_A.csv,657,StageGroup,Name,,第2波,第2波,
StageGroup_80921_TypeText,bsPI,g关卡组_StageGroup_A.csv,657,StageGroup,TypeText,,队伍配置-融灾禁区,チーム編成-融災禁区,
StageGroup_80956_Name,bsSq,g关卡组_StageGroup_A.csv,658,StageGroup,Name,,第3波,第3波,
StageGroup_80956_TypeText,bsSs,g关卡组_StageGroup_A.csv,658,StageGroup,TypeText,,队伍配置-融灾禁区,チーム編成-融災禁区,
StageGroup_80927_Name,bsQe,g关卡组_StageGroup_A.csv,659,StageGroup,Name,,第4波,第4波,
StageGroup_80927_TypeText,bsQg,g关卡组_StageGroup_A.csv,659,StageGroup,TypeText,,队伍配置-融灾禁区,チーム編成-融災禁区,
StageGroup_80928_Name,bsQi,g关卡组_StageGroup_A.csv,660,StageGroup,Name,,第5波,第5波,
StageGroup_80928_TypeText,bsQk,g关卡组_StageGroup_A.csv,660,StageGroup,TypeText,,队伍配置-融灾禁区,チーム編成-融災禁区,
StageGroup_80901_Name,bsOe,g关卡组_StageGroup_A.csv,661,StageGroup,Name,,第1波,第1波,
StageGroup_80901_TypeText,bsOg,g关卡组_StageGroup_A.csv,661,StageGroup,TypeText,,队伍配置-融灾禁区,チーム編成-融災禁区,
StageGroup_80902_Name,bsOi,g关卡组_StageGroup_A.csv,662,StageGroup,Name,,第2波,第2波,
StageGroup_80902_TypeText,bsOk,g关卡组_StageGroup_A.csv,662,StageGroup,TypeText,,队伍配置-融灾禁区,チーム編成-融災禁区,
StageGroup_80848_Name,bsKa,g关卡组_StageGroup_A.csv,663,StageGroup,Name,,第3波,第3波,
StageGroup_80848_TypeText,bsKc,g关卡组_StageGroup_A.csv,663,StageGroup,TypeText,,队伍配置-融灾禁区,チーム編成-融災禁区,
StageGroup_80849_Name,bsKe,g关卡组_StageGroup_A.csv,664,StageGroup,Name,,第4波,第4波,
StageGroup_80849_TypeText,bsKg,g关卡组_StageGroup_A.csv,664,StageGroup,TypeText,,队伍配置-融灾禁区,チーム編成-融災禁区,
StageGroup_80905_Name,bsOu,g关卡组_StageGroup_A.csv,665,StageGroup,Name,,第5波,第5波,
StageGroup_80905_TypeText,bsOw,g关卡组_StageGroup_A.csv,665,StageGroup,TypeText,,队伍配置-融灾禁区,チーム編成-融災禁区,
StageGroup_80895_Name,bsNG,g关卡组_StageGroup_A.csv,666,StageGroup,Name,,第1波,第1波,
StageGroup_80895_TypeText,bsNI,g关卡组_StageGroup_A.csv,666,StageGroup,TypeText,,队伍配置-融灾禁区,チーム編成-融災禁区,
StageGroup_80837_Name,bsJi,g关卡组_StageGroup_A.csv,667,StageGroup,Name,,第2波,第2波,
StageGroup_80837_TypeText,bsJk,g关卡组_StageGroup_A.csv,667,StageGroup,TypeText,,队伍配置-融灾禁区,チーム編成-融災禁区,
StageGroup_80897_Name,bsNO,g关卡组_StageGroup_A.csv,668,StageGroup,Name,,第3波,第3波,
StageGroup_80897_TypeText,bsNQ,g关卡组_StageGroup_A.csv,668,StageGroup,TypeText,,队伍配置-融灾禁区,チーム編成-融災禁区,
StageGroup_80845_Name,bsJO,g关卡组_StageGroup_A.csv,669,StageGroup,Name,,第4波,第4波,
StageGroup_80845_TypeText,bsJQ,g关卡组_StageGroup_A.csv,669,StageGroup,TypeText,,队伍配置-融灾禁区,チーム編成-融災禁区,
StageGroup_80842_Name,bsJC,g关卡组_StageGroup_A.csv,670,StageGroup,Name,,第5波,第5波,
StageGroup_80842_TypeText,bsJE,g关卡组_StageGroup_A.csv,670,StageGroup,TypeText,,队伍配置-融灾禁区,チーム編成-融災禁区,
StageGroup_80934_Name,bsQG,g关卡组_StageGroup_A.csv,671,StageGroup,Name,,第1波,第1波,
StageGroup_80934_TypeText,bsQI,g关卡组_StageGroup_A.csv,671,StageGroup,TypeText,,队伍配置-融灾禁区,チーム編成-融災禁区,
StageGroup_80932_Name,bsQy,g关卡组_StageGroup_A.csv,672,StageGroup,Name,,第2波,第2波,
StageGroup_80932_TypeText,bsQA,g关卡组_StageGroup_A.csv,672,StageGroup,TypeText,,队伍配置-融灾禁区,チーム編成-融災禁区,
StageGroup_80933_Name,bsQC,g关卡组_StageGroup_A.csv,673,StageGroup,Name,,第3波,第3波,
StageGroup_80933_TypeText,bsQE,g关卡组_StageGroup_A.csv,673,StageGroup,TypeText,,队伍配置-融灾禁区,チーム編成-融災禁区,
StageGroup_80930_Name,bsQq,g关卡组_StageGroup_A.csv,674,StageGroup,Name,,第4波,第4波,
StageGroup_80930_TypeText,bsQs,g关卡组_StageGroup_A.csv,674,StageGroup,TypeText,,队伍配置-融灾禁区,チーム編成-融災禁区,
StageGroup_80931_Name,bsQu,g关卡组_StageGroup_A.csv,675,StageGroup,Name,,第5波,第5波,
StageGroup_80931_TypeText,bsQw,g关卡组_StageGroup_A.csv,675,StageGroup,TypeText,,队伍配置-融灾禁区,チーム編成-融災禁区,
StageGroup_80911_Name,bsOS,g关卡组_StageGroup_A.csv,676,StageGroup,Name,,第1波,第1波,
StageGroup_80911_TypeText,bsOU,g关卡组_StageGroup_A.csv,676,StageGroup,TypeText,,队伍配置-融灾禁区,チーム編成-融災禁区,
StageGroup_80910_Name,bsOO,g关卡组_StageGroup_A.csv,677,StageGroup,Name,,第2波,第2波,
StageGroup_80910_TypeText,bsOQ,g关卡组_StageGroup_A.csv,677,StageGroup,TypeText,,队伍配置-融灾禁区,チーム編成-融災禁区,
StageGroup_80909_Name,bsOK,g关卡组_StageGroup_A.csv,678,StageGroup,Name,,第3波,第3波,
StageGroup_80909_TypeText,bsOM,g关卡组_StageGroup_A.csv,678,StageGroup,TypeText,,队伍配置-融灾禁区,チーム編成-融災禁区,
StageGroup_80908_Name,bsOG,g关卡组_StageGroup_A.csv,679,StageGroup,Name,,第4波,第4波,
StageGroup_80908_TypeText,bsOI,g关卡组_StageGroup_A.csv,679,StageGroup,TypeText,,队伍配置-融灾禁区,チーム編成-融災禁区,
StageGroup_80907_Name,bsOC,g关卡组_StageGroup_A.csv,680,StageGroup,Name,,第5波,第5波,
StageGroup_80907_TypeText,bsOE,g关卡组_StageGroup_A.csv,680,StageGroup,TypeText,,队伍配置-融灾禁区,チーム編成-融災禁区,
StageGroup_80943_Name,bsRq,g关卡组_StageGroup_A.csv,681,StageGroup,Name,,第1波,第1波,
StageGroup_80943_TypeText,bsRs,g关卡组_StageGroup_A.csv,681,StageGroup,TypeText,,队伍配置-融灾禁区,チーム編成-融災禁区,
StageGroup_80944_Name,bsRu,g关卡组_StageGroup_A.csv,682,StageGroup,Name,,第2波,第2波,
StageGroup_80944_TypeText,bsRw,g关卡组_StageGroup_A.csv,682,StageGroup,TypeText,,队伍配置-融灾禁区,チーム編成-融災禁区,
StageGroup_80945_Name,bsRy,g关卡组_StageGroup_A.csv,683,StageGroup,Name,,第3波,第3波,
StageGroup_80945_TypeText,bsRA,g关卡组_StageGroup_A.csv,683,StageGroup,TypeText,,队伍配置-融灾禁区,チーム編成-融災禁区,
StageGroup_80941_Name,bsRi,g关卡组_StageGroup_A.csv,684,StageGroup,Name,,第4波,第4波,
StageGroup_80941_TypeText,bsRk,g关卡组_StageGroup_A.csv,684,StageGroup,TypeText,,队伍配置-融灾禁区,チーム編成-融災禁区,
StageGroup_80942_Name,bsRm,g关卡组_StageGroup_A.csv,685,StageGroup,Name,,第5波,第5波,
StageGroup_80942_TypeText,bsRo,g关卡组_StageGroup_A.csv,685,StageGroup,TypeText,,队伍配置-融灾禁区,チーム編成-融災禁区,
StageGroup_80937_Name,bsQS,g关卡组_StageGroup_A.csv,686,StageGroup,Name,,第1波,第1波,
StageGroup_80937_TypeText,bsQU,g关卡组_StageGroup_A.csv,686,StageGroup,TypeText,,队伍配置-融灾禁区,チーム編成-融災禁区,
StageGroup_80940_Name,bsRe,g关卡组_StageGroup_A.csv,687,StageGroup,Name,,第2波,第2波,
StageGroup_80940_TypeText,bsRg,g关卡组_StageGroup_A.csv,687,StageGroup,TypeText,,队伍配置-融灾禁区,チーム編成-融災禁区,
StageGroup_80939_Name,bsRa,g关卡组_StageGroup_A.csv,688,StageGroup,Name,,第3波,第3波,
StageGroup_80939_TypeText,bsRc,g关卡组_StageGroup_A.csv,688,StageGroup,TypeText,,队伍配置-融灾禁区,チーム編成-融災禁区,
StageGroup_80936_Name,bsQO,g关卡组_StageGroup_A.csv,689,StageGroup,Name,,第4波,第4波,
StageGroup_80936_TypeText,bsQQ,g关卡组_StageGroup_A.csv,689,StageGroup,TypeText,,队伍配置-融灾禁区,チーム編成-融災禁区,
StageGroup_80935_Name,bsQK,g关卡组_StageGroup_A.csv,690,StageGroup,Name,,第5波,第5波,
StageGroup_80935_TypeText,bsQM,g关卡组_StageGroup_A.csv,690,StageGroup,TypeText,,队伍配置-融灾禁区,チーム編成-融災禁区,
StageGroup_80953_Name,bsSe,g关卡组_StageGroup_A.csv,691,StageGroup,Name,,第1波,第1波,
StageGroup_80953_TypeText,bsSg,g关卡组_StageGroup_A.csv,691,StageGroup,TypeText,,队伍配置-融灾禁区,チーム編成-融災禁区,
StageGroup_80951_Name,bsRW,g关卡组_StageGroup_A.csv,692,StageGroup,Name,,第2波,第2波,
StageGroup_80951_TypeText,bsRY,g关卡组_StageGroup_A.csv,692,StageGroup,TypeText,,队伍配置-融灾禁区,チーム編成-融災禁区,
StageGroup_80952_Name,bsSa,g关卡组_StageGroup_A.csv,693,StageGroup,Name,,第3波,第3波,
StageGroup_80952_TypeText,bsSc,g关卡组_StageGroup_A.csv,693,StageGroup,TypeText,,队伍配置-融灾禁区,チーム編成-融災禁区,
StageGroup_80954_Name,bsSi,g关卡组_StageGroup_A.csv,694,StageGroup,Name,,第4波,第4波,
StageGroup_80954_TypeText,bsSk,g关卡组_StageGroup_A.csv,694,StageGroup,TypeText,,队伍配置-融灾禁区,チーム編成-融災禁区,
StageGroup_80955_Name,bsSm,g关卡组_StageGroup_A.csv,695,StageGroup,Name,,第5波,第5波,
StageGroup_80955_TypeText,bsSo,g关卡组_StageGroup_A.csv,695,StageGroup,TypeText,,队伍配置-融灾禁区,チーム編成-融災禁区,
StageGroup_80948_Name,bsRK,g关卡组_StageGroup_A.csv,696,StageGroup,Name,,第1波,第1波,
StageGroup_80948_TypeText,bsRM,g关卡组_StageGroup_A.csv,696,StageGroup,TypeText,,队伍配置-融灾禁区,チーム編成-融災禁区,
StageGroup_80947_Name,bsRG,g关卡组_StageGroup_A.csv,697,StageGroup,Name,,第2波,第2波,
StageGroup_80947_TypeText,bsRI,g关卡组_StageGroup_A.csv,697,StageGroup,TypeText,,队伍配置-融灾禁区,チーム編成-融災禁区,
StageGroup_80946_Name,bsRC,g关卡组_StageGroup_A.csv,698,StageGroup,Name,,第3波,第3波,
StageGroup_80946_TypeText,bsRE,g关卡组_StageGroup_A.csv,698,StageGroup,TypeText,,队伍配置-融灾禁区,チーム編成-融災禁区,
StageGroup_80950_Name,bsRS,g关卡组_StageGroup_A.csv,699,StageGroup,Name,,第4波,第4波,
StageGroup_80950_TypeText,bsRU,g关卡组_StageGroup_A.csv,699,StageGroup,TypeText,,队伍配置-融灾禁区,チーム編成-融災禁区,
StageGroup_80949_Name,bsRO,g关卡组_StageGroup_A.csv,700,StageGroup,Name,,第5波,第5波,
StageGroup_80949_TypeText,bsRQ,g关卡组_StageGroup_A.csv,700,StageGroup,TypeText,,队伍配置-融灾禁区,チーム編成-融災禁区,
StageGroup_80922_Name,bsPK,g关卡组_StageGroup_A.csv,701,StageGroup,Name,,第1波,第1波,
StageGroup_80922_TypeText,bsPM,g关卡组_StageGroup_A.csv,701,StageGroup,TypeText,,队伍配置-融灾禁区,チーム編成-融災禁区,
StageGroup_80923_Name,bsPO,g关卡组_StageGroup_A.csv,702,StageGroup,Name,,第2波,第2波,
StageGroup_80923_TypeText,bsPQ,g关卡组_StageGroup_A.csv,702,StageGroup,TypeText,,队伍配置-融灾禁区,チーム編成-融災禁区,
StageGroup_80924_Name,bsPS,g关卡组_StageGroup_A.csv,703,StageGroup,Name,,第3波,第3波,
StageGroup_80924_TypeText,bsPU,g关卡组_StageGroup_A.csv,703,StageGroup,TypeText,,队伍配置-融灾禁区,チーム編成-融災禁区,
StageGroup_80925_Name,bsPW,g关卡组_StageGroup_A.csv,704,StageGroup,Name,,第4波,第4波,
StageGroup_80925_TypeText,bsPY,g关卡组_StageGroup_A.csv,704,StageGroup,TypeText,,队伍配置-融灾禁区,チーム編成-融災禁区,
StageGroup_80926_Name,bsQa,g关卡组_StageGroup_A.csv,705,StageGroup,Name,,第5波,第5波,
StageGroup_80926_TypeText,bsQc,g关卡组_StageGroup_A.csv,705,StageGroup,TypeText,,队伍配置-融灾禁区,チーム編成-融災禁区,
StageGroup_80929_Name,bsQm,g关卡组_StageGroup_A.csv,706,StageGroup,Name,,第1波,第1波,
StageGroup_80929_TypeText,bsQo,g关卡组_StageGroup_A.csv,706,StageGroup,TypeText,,队伍配置-融灾禁区,チーム編成-融災禁区,
StageGroup_80916_Name,bsPm,g关卡组_StageGroup_A.csv,707,StageGroup,Name,,第2波,第2波,
StageGroup_80916_TypeText,bsPo,g关卡组_StageGroup_A.csv,707,StageGroup,TypeText,,队伍配置-融灾禁区,チーム編成-融災禁区,
StageGroup_80938_Name,bsQW,g关卡组_StageGroup_A.csv,708,StageGroup,Name,,第3波,第3波,
StageGroup_80938_TypeText,bsQY,g关卡组_StageGroup_A.csv,708,StageGroup,TypeText,,队伍配置-融灾禁区,チーム編成-融災禁区,
StageGroup_80918_Name,bsPu,g关卡组_StageGroup_A.csv,709,StageGroup,Name,,第4波,第4波,
StageGroup_80918_TypeText,bsPw,g关卡组_StageGroup_A.csv,709,StageGroup,TypeText,,队伍配置-融灾禁区,チーム編成-融災禁区,
StageGroup_80917_Name,bsPq,g关卡组_StageGroup_A.csv,710,StageGroup,Name,,第5波,第5波,
StageGroup_80917_TypeText,bsPs,g关卡组_StageGroup_A.csv,710,StageGroup,TypeText,,队伍配置-融灾禁区,チーム編成-融災禁区,
StageGroup_80852_Name,bsKq,g关卡组_StageGroup_A.csv,711,StageGroup,Name,,第1波,第1波,
StageGroup_80852_TypeText,bsKs,g关卡组_StageGroup_A.csv,711,StageGroup,TypeText,,队伍配置-融灾禁区,チーム編成-融災禁区,
StageGroup_80854_Name,bsKy,g关卡组_StageGroup_A.csv,712,StageGroup,Name,,第2波,第2波,
StageGroup_80854_TypeText,bsKA,g关卡组_StageGroup_A.csv,712,StageGroup,TypeText,,队伍配置-融灾禁区,チーム編成-融災禁区,
StageGroup_80853_Name,bsKu,g关卡组_StageGroup_A.csv,713,StageGroup,Name,,第3波,第3波,
StageGroup_80853_TypeText,bsKw,g关卡组_StageGroup_A.csv,713,StageGroup,TypeText,,队伍配置-融灾禁区,チーム編成-融災禁区,
StageGroup_80856_Name,bsKG,g关卡组_StageGroup_A.csv,714,StageGroup,Name,,第4波,第4波,
StageGroup_80856_TypeText,bsKI,g关卡组_StageGroup_A.csv,714,StageGroup,TypeText,,队伍配置-融灾禁区,チーム編成-融災禁区,
StageGroup_80855_Name,bsKC,g关卡组_StageGroup_A.csv,715,StageGroup,Name,,第5波,第5波,
StageGroup_80855_TypeText,bsKE,g关卡组_StageGroup_A.csv,715,StageGroup,TypeText,,队伍配置-融灾禁区,チーム編成-融災禁区,
StageGroup_80857_Name,bsKK,g关卡组_StageGroup_A.csv,716,StageGroup,Name,,第1波,第1波,
StageGroup_80857_TypeText,bsKM,g关卡组_StageGroup_A.csv,716,StageGroup,TypeText,,队伍配置-融灾禁区,チーム編成-融災禁区,
StageGroup_80858_Name,bsKO,g关卡组_StageGroup_A.csv,717,StageGroup,Name,,第2波,第2波,
StageGroup_80858_TypeText,bsKQ,g关卡组_StageGroup_A.csv,717,StageGroup,TypeText,,队伍配置-融灾禁区,チーム編成-融災禁区,
StageGroup_80859_Name,bsKS,g关卡组_StageGroup_A.csv,718,StageGroup,Name,,第3波,第3波,
StageGroup_80859_TypeText,bsKU,g关卡组_StageGroup_A.csv,718,StageGroup,TypeText,,队伍配置-融灾禁区,チーム編成-融災禁区,
StageGroup_80860_Name,bsKW,g关卡组_StageGroup_A.csv,719,StageGroup,Name,,第4波,第4波,
StageGroup_80860_TypeText,bsKY,g关卡组_StageGroup_A.csv,719,StageGroup,TypeText,,队伍配置-融灾禁区,チーム編成-融災禁区,
StageGroup_80861_Name,bsLa,g关卡组_StageGroup_A.csv,720,StageGroup,Name,,第5波,第5波,
StageGroup_80861_TypeText,bsLc,g关卡组_StageGroup_A.csv,720,StageGroup,TypeText,,队伍配置-融灾禁区,チーム編成-融災禁区,
StageGroup_80867_Name,bsLy,g关卡组_StageGroup_A.csv,721,StageGroup,Name,,第1波,第1波,
StageGroup_80867_TypeText,bsLA,g关卡组_StageGroup_A.csv,721,StageGroup,TypeText,,队伍配置-融灾禁区,チーム編成-融災禁区,
StageGroup_80866_Name,bsLu,g关卡组_StageGroup_A.csv,722,StageGroup,Name,,第2波,第2波,
StageGroup_80866_TypeText,bsLw,g关卡组_StageGroup_A.csv,722,StageGroup,TypeText,,队伍配置-融灾禁区,チーム編成-融災禁区,
StageGroup_80865_Name,bsLq,g关卡组_StageGroup_A.csv,723,StageGroup,Name,,第3波,第3波,
StageGroup_80865_TypeText,bsLs,g关卡组_StageGroup_A.csv,723,StageGroup,TypeText,,队伍配置-融灾禁区,チーム編成-融災禁区,
StageGroup_80864_Name,bsLm,g关卡组_StageGroup_A.csv,724,StageGroup,Name,,第4波,第4波,
StageGroup_80864_TypeText,bsLo,g关卡组_StageGroup_A.csv,724,StageGroup,TypeText,,队伍配置-融灾禁区,チーム編成-融災禁区,
StageGroup_80863_Name,bsLi,g关卡组_StageGroup_A.csv,725,StageGroup,Name,,第5波,第5波,
StageGroup_80863_TypeText,bsLk,g关卡组_StageGroup_A.csv,725,StageGroup,TypeText,,队伍配置-融灾禁区,チーム編成-融災禁区,
StageGroup_80872_Name,bsLS,g关卡组_StageGroup_A.csv,726,StageGroup,Name,,第1波,第1波,
StageGroup_80872_TypeText,bsLU,g关卡组_StageGroup_A.csv,726,StageGroup,TypeText,,队伍配置-融灾禁区,チーム編成-融災禁区,
StageGroup_80870_Name,bsLK,g关卡组_StageGroup_A.csv,727,StageGroup,Name,,第2波,第2波,
StageGroup_80870_TypeText,bsLM,g关卡组_StageGroup_A.csv,727,StageGroup,TypeText,,队伍配置-融灾禁区,チーム編成-融災禁区,
StageGroup_80871_Name,bsLO,g关卡组_StageGroup_A.csv,728,StageGroup,Name,,第3波,第3波,
StageGroup_80871_TypeText,bsLQ,g关卡组_StageGroup_A.csv,728,StageGroup,TypeText,,队伍配置-融灾禁区,チーム編成-融災禁区,
StageGroup_80868_Name,bsLC,g关卡组_StageGroup_A.csv,729,StageGroup,Name,,第4波,第4波,
StageGroup_80868_TypeText,bsLE,g关卡组_StageGroup_A.csv,729,StageGroup,TypeText,,队伍配置-融灾禁区,チーム編成-融災禁区,
StageGroup_80869_Name,bsLG,g关卡组_StageGroup_A.csv,730,StageGroup,Name,,第5波,第5波,
StageGroup_80869_TypeText,bsLI,g关卡组_StageGroup_A.csv,730,StageGroup,TypeText,,队伍配置-融灾禁区,チーム編成-融災禁区,
StageGroup_80838_Name,bsJm,g关卡组_StageGroup_A.csv,731,StageGroup,Name,,第1波,第1波,
StageGroup_80838_TypeText,bsJo,g关卡组_StageGroup_A.csv,731,StageGroup,TypeText,,队伍配置-融灾禁区,チーム編成-融災禁区,
StageGroup_80840_Name,bsJu,g关卡组_StageGroup_A.csv,732,StageGroup,Name,,第2波,第2波,
StageGroup_80840_TypeText,bsJw,g关卡组_StageGroup_A.csv,732,StageGroup,TypeText,,队伍配置-融灾禁区,チーム編成-融災禁区,
StageGroup_80839_Name,bsJq,g关卡组_StageGroup_A.csv,733,StageGroup,Name,,第3波,第3波,
StageGroup_80839_TypeText,bsJs,g关卡组_StageGroup_A.csv,733,StageGroup,TypeText,,队伍配置-融灾禁区,チーム編成-融災禁区,
StageGroup_80836_Name,bsJe,g关卡组_StageGroup_A.csv,734,StageGroup,Name,,第4波,第4波,
StageGroup_80836_TypeText,bsJg,g关卡组_StageGroup_A.csv,734,StageGroup,TypeText,,队伍配置-融灾禁区,チーム編成-融災禁区,
StageGroup_80835_Name,bsJa,g关卡组_StageGroup_A.csv,735,StageGroup,Name,,第5波,第5波,
StageGroup_80835_TypeText,bsJc,g关卡组_StageGroup_A.csv,735,StageGroup,TypeText,,队伍配置-融灾禁区,チーム編成-融災禁区,
StageGroup_80843_Name,bsJG,g关卡组_StageGroup_A.csv,736,StageGroup,Name,,第1波,第1波,
StageGroup_80843_TypeText,bsJI,g关卡组_StageGroup_A.csv,736,StageGroup,TypeText,,队伍配置-融灾禁区,チーム編成-融災禁区,
StageGroup_80844_Name,bsJK,g关卡组_StageGroup_A.csv,737,StageGroup,Name,,第2波,第2波,
StageGroup_80844_TypeText,bsJM,g关卡组_StageGroup_A.csv,737,StageGroup,TypeText,,队伍配置-融灾禁区,チーム編成-融災禁区,
StageGroup_80889_Name,bsNi,g关卡组_StageGroup_A.csv,738,StageGroup,Name,,第3波,第3波,
StageGroup_80889_TypeText,bsNk,g关卡组_StageGroup_A.csv,738,StageGroup,TypeText,,队伍配置-融灾禁区,チーム編成-融災禁区,
StageGroup_80841_Name,bsJy,g关卡组_StageGroup_A.csv,739,StageGroup,Name,,第4波,第4波,
StageGroup_80841_TypeText,bsJA,g关卡组_StageGroup_A.csv,739,StageGroup,TypeText,,队伍配置-融灾禁区,チーム編成-融災禁区,
StageGroup_80888_Name,bsNe,g关卡组_StageGroup_A.csv,740,StageGroup,Name,,第5波,第5波,
StageGroup_80888_TypeText,bsNg,g关卡组_StageGroup_A.csv,740,StageGroup,TypeText,,队伍配置-融灾禁区,チーム編成-融災禁区,
StageGroup_83381_Name,btXr,g关卡组_StageGroup_A.csv,741,StageGroup,Name,,第1波,第1波,
StageGroup_83381_TypeText,btXt,g关卡组_StageGroup_A.csv,741,StageGroup,TypeText,,队伍配置-融灾禁区,チーム編成-融災禁区,
StageGroup_83380_Name,btXn,g关卡组_StageGroup_A.csv,742,StageGroup,Name,,第2波,第2波,
StageGroup_83380_TypeText,btXp,g关卡组_StageGroup_A.csv,742,StageGroup,TypeText,,队伍配置-融灾禁区,チーム編成-融災禁区,
StageGroup_83379_Name,btXj,g关卡组_StageGroup_A.csv,743,StageGroup,Name,,第3波,第3波,
StageGroup_83379_TypeText,btXl,g关卡组_StageGroup_A.csv,743,StageGroup,TypeText,,队伍配置-融灾禁区,チーム編成-融災禁区,
StageGroup_83383_Name,btXz,g关卡组_StageGroup_A.csv,744,StageGroup,Name,,第4波,第4波,
StageGroup_83383_TypeText,btXB,g关卡组_StageGroup_A.csv,744,StageGroup,TypeText,,队伍配置-融灾禁区,チーム編成-融災禁区,
StageGroup_83382_Name,btXv,g关卡组_StageGroup_A.csv,745,StageGroup,Name,,第5波,第5波,
StageGroup_83382_TypeText,btXx,g关卡组_StageGroup_A.csv,745,StageGroup,TypeText,,队伍配置-融灾禁区,チーム編成-融災禁区,
StageGroup_83386_Name,btXL,g关卡组_StageGroup_A.csv,746,StageGroup,Name,,第1波,第1波,
StageGroup_83386_TypeText,btXN,g关卡组_StageGroup_A.csv,746,StageGroup,TypeText,,队伍配置-融灾禁区,チーム編成-融災禁区,
StageGroup_83384_Name,btXD,g关卡组_StageGroup_A.csv,747,StageGroup,Name,,第2波,第2波,
StageGroup_83384_TypeText,btXF,g关卡组_StageGroup_A.csv,747,StageGroup,TypeText,,队伍配置-融灾禁区,チーム編成-融災禁区,
StageGroup_83385_Name,btXH,g关卡组_StageGroup_A.csv,748,StageGroup,Name,,第3波,第3波,
StageGroup_83385_TypeText,btXJ,g关卡组_StageGroup_A.csv,748,StageGroup,TypeText,,队伍配置-融灾禁区,チーム編成-融災禁区,
StageGroup_83387_Name,btXP,g关卡组_StageGroup_A.csv,749,StageGroup,Name,,第4波,第4波,
StageGroup_83387_TypeText,btXR,g关卡组_StageGroup_A.csv,749,StageGroup,TypeText,,队伍配置-融灾禁区,チーム編成-融災禁区,
StageGroup_83388_Name,btXT,g关卡组_StageGroup_A.csv,750,StageGroup,Name,,第5波,第5波,
StageGroup_83388_TypeText,btXV,g关卡组_StageGroup_A.csv,750,StageGroup,TypeText,,队伍配置-融灾禁区,チーム編成-融災禁区,
StageGroup_83389_Name,btXX,g关卡组_StageGroup_A.csv,751,StageGroup,Name,,第1波,第1波,
StageGroup_83389_TypeText,btXZ,g关卡组_StageGroup_A.csv,751,StageGroup,TypeText,,队伍配置-融灾禁区,チーム編成-融災禁区,
StageGroup_83391_Name,btYf,g关卡组_StageGroup_A.csv,752,StageGroup,Name,,第2波,第2波,
StageGroup_83391_TypeText,btYh,g关卡组_StageGroup_A.csv,752,StageGroup,TypeText,,队伍配置-融灾禁区,チーム編成-融災禁区,
StageGroup_83390_Name,btYb,g关卡组_StageGroup_A.csv,753,StageGroup,Name,,第3波,第3波,
StageGroup_83390_TypeText,btYd,g关卡组_StageGroup_A.csv,753,StageGroup,TypeText,,队伍配置-融灾禁区,チーム編成-融災禁区,
StageGroup_83393_Name,btYn,g关卡组_StageGroup_A.csv,754,StageGroup,Name,,第4波,第4波,
StageGroup_83393_TypeText,btYp,g关卡组_StageGroup_A.csv,754,StageGroup,TypeText,,队伍配置-融灾禁区,チーム編成-融災禁区,
StageGroup_83392_Name,btYj,g关卡组_StageGroup_A.csv,755,StageGroup,Name,,第5波,第5波,
StageGroup_83392_TypeText,btYl,g关卡组_StageGroup_A.csv,755,StageGroup,TypeText,,队伍配置-融灾禁区,チーム編成-融災禁区,
StageGroup_83394_Name,btYr,g关卡组_StageGroup_A.csv,756,StageGroup,Name,,第1波,第1波,
StageGroup_83394_TypeText,btYt,g关卡组_StageGroup_A.csv,756,StageGroup,TypeText,,队伍配置-融灾禁区,チーム編成-融災禁区,
StageGroup_83395_Name,btYv,g关卡组_StageGroup_A.csv,757,StageGroup,Name,,第2波,第2波,
StageGroup_83395_TypeText,btYx,g关卡组_StageGroup_A.csv,757,StageGroup,TypeText,,队伍配置-融灾禁区,チーム編成-融災禁区,
StageGroup_83396_Name,btYz,g关卡组_StageGroup_A.csv,758,StageGroup,Name,,第3波,第3波,
StageGroup_83396_TypeText,btYB,g关卡组_StageGroup_A.csv,758,StageGroup,TypeText,,队伍配置-融灾禁区,チーム編成-融災禁区,
StageGroup_83397_Name,btYD,g关卡组_StageGroup_A.csv,759,StageGroup,Name,,第4波,第4波,
StageGroup_83397_TypeText,btYF,g关卡组_StageGroup_A.csv,759,StageGroup,TypeText,,队伍配置-融灾禁区,チーム編成-融災禁区,
StageGroup_83398_Name,btYH,g关卡组_StageGroup_A.csv,760,StageGroup,Name,,第5波,第5波,
StageGroup_83398_TypeText,btYJ,g关卡组_StageGroup_A.csv,760,StageGroup,TypeText,,队伍配置-融灾禁区,チーム編成-融災禁区,
StageGroup_83444_Name,bucj,g关卡组_StageGroup_A.csv,761,StageGroup,Name,,第1波,第1波,
StageGroup_83444_TypeText,bucl,g关卡组_StageGroup_A.csv,761,StageGroup,TypeText,,队伍配置-融灾禁区,チーム編成-融災禁区,
StageGroup_83441_Name,bubX,g关卡组_StageGroup_A.csv,762,StageGroup,Name,,第2波,第2波,
StageGroup_83441_TypeText,bubZ,g关卡组_StageGroup_A.csv,762,StageGroup,TypeText,,队伍配置-融灾禁区,チーム編成-融災禁区,
StageGroup_83442_Name,bucb,g关卡组_StageGroup_A.csv,763,StageGroup,Name,,第3波,第3波,
StageGroup_83442_TypeText,bucd,g关卡组_StageGroup_A.csv,763,StageGroup,TypeText,,队伍配置-融灾禁区,チーム編成-融災禁区,
StageGroup_83439_Name,bubP,g关卡组_StageGroup_A.csv,764,StageGroup,Name,,第4波,第4波,
StageGroup_83439_TypeText,bubR,g关卡组_StageGroup_A.csv,764,StageGroup,TypeText,,队伍配置-融灾禁区,チーム編成-融災禁区,
StageGroup_83440_Name,bubT,g关卡组_StageGroup_A.csv,765,StageGroup,Name,,第5波,第5波,
StageGroup_83440_TypeText,bubV,g关卡组_StageGroup_A.csv,765,StageGroup,TypeText,,队伍配置-融灾禁区,チーム編成-融災禁区,
StageGroup_83438_Name,bubL,g关卡组_StageGroup_A.csv,766,StageGroup,Name,,第1波,第1波,
StageGroup_83438_TypeText,bubN,g关卡组_StageGroup_A.csv,766,StageGroup,TypeText,,队伍配置-融灾禁区,チーム編成-融災禁区,
StageGroup_83437_Name,bubH,g关卡组_StageGroup_A.csv,767,StageGroup,Name,,第2波,第2波,
StageGroup_83437_TypeText,bubJ,g关卡组_StageGroup_A.csv,767,StageGroup,TypeText,,队伍配置-融灾禁区,チーム編成-融災禁区,
StageGroup_83436_Name,bubD,g关卡组_StageGroup_A.csv,768,StageGroup,Name,,第3波,第3波,
StageGroup_83436_TypeText,bubF,g关卡组_StageGroup_A.csv,768,StageGroup,TypeText,,队伍配置-融灾禁区,チーム編成-融災禁区,
StageGroup_83435_Name,bubz,g关卡组_StageGroup_A.csv,769,StageGroup,Name,,第4波,第4波,
StageGroup_83435_TypeText,bubB,g关卡组_StageGroup_A.csv,769,StageGroup,TypeText,,队伍配置-融灾禁区,チーム編成-融災禁区,
StageGroup_83434_Name,bubv,g关卡组_StageGroup_A.csv,770,StageGroup,Name,,第5波,第5波,
StageGroup_83434_TypeText,bubx,g关卡组_StageGroup_A.csv,770,StageGroup,TypeText,,队伍配置-融灾禁区,チーム編成-融災禁区,
StageGroup_83429_Name,bubb,g关卡组_StageGroup_A.csv,771,StageGroup,Name,,第1波,第1波,
StageGroup_83429_TypeText,bubd,g关卡组_StageGroup_A.csv,771,StageGroup,TypeText,,队伍配置-融灾禁区,チーム編成-融災禁区,
StageGroup_83430_Name,bubf,g关卡组_StageGroup_A.csv,772,StageGroup,Name,,第2波,第2波,
StageGroup_83430_TypeText,bubh,g关卡组_StageGroup_A.csv,772,StageGroup,TypeText,,队伍配置-融灾禁区,チーム編成-融災禁区,
StageGroup_83431_Name,bubj,g关卡组_StageGroup_A.csv,773,StageGroup,Name,,第3波,第3波,
StageGroup_83431_TypeText,bubl,g关卡组_StageGroup_A.csv,773,StageGroup,TypeText,,队伍配置-融灾禁区,チーム編成-融災禁区,
StageGroup_83432_Name,bubn,g关卡组_StageGroup_A.csv,774,StageGroup,Name,,第4波,第4波,
StageGroup_83432_TypeText,bubp,g关卡组_StageGroup_A.csv,774,StageGroup,TypeText,,队伍配置-融灾禁区,チーム編成-融災禁区,
StageGroup_83433_Name,bubr,g关卡组_StageGroup_A.csv,775,StageGroup,Name,,第5波,第5波,
StageGroup_83433_TypeText,bubt,g关卡组_StageGroup_A.csv,775,StageGroup,TypeText,,队伍配置-融灾禁区,チーム編成-融災禁区,
StageGroup_83424_Name,buaH,g关卡组_StageGroup_A.csv,776,StageGroup,Name,,第1波,第1波,
StageGroup_83424_TypeText,buaJ,g关卡组_StageGroup_A.csv,776,StageGroup,TypeText,,队伍配置-融灾禁区,チーム編成-融災禁区,
StageGroup_83426_Name,buaP,g关卡组_StageGroup_A.csv,777,StageGroup,Name,,第2波,第2波,
StageGroup_83426_TypeText,buaR,g关卡组_StageGroup_A.csv,777,StageGroup,TypeText,,队伍配置-融灾禁区,チーム編成-融災禁区,
StageGroup_83425_Name,buaL,g关卡组_StageGroup_A.csv,778,StageGroup,Name,,第3波,第3波,
StageGroup_83425_TypeText,buaN,g关卡组_StageGroup_A.csv,778,StageGroup,TypeText,,队伍配置-融灾禁区,チーム編成-融災禁区,
StageGroup_83428_Name,buaX,g关卡组_StageGroup_A.csv,779,StageGroup,Name,,第4波,第4波,
StageGroup_83428_TypeText,buaZ,g关卡组_StageGroup_A.csv,779,StageGroup,TypeText,,队伍配置-融灾禁区,チーム編成-融災禁区,
StageGroup_83427_Name,buaT,g关卡组_StageGroup_A.csv,780,StageGroup,Name,,第5波,第5波,
StageGroup_83427_TypeText,buaV,g关卡组_StageGroup_A.csv,780,StageGroup,TypeText,,队伍配置-融灾禁区,チーム編成-融災禁区,
StageGroup_83416_Name,buab,g关卡组_StageGroup_A.csv,781,StageGroup,Name,,第1波,第1波,
StageGroup_83416_TypeText,buad,g关卡组_StageGroup_A.csv,781,StageGroup,TypeText,,队伍配置-融灾禁区,チーム編成-融災禁区,
StageGroup_83414_Name,btZT,g关卡组_StageGroup_A.csv,782,StageGroup,Name,,第2波,第2波,
StageGroup_83414_TypeText,btZV,g关卡组_StageGroup_A.csv,782,StageGroup,TypeText,,队伍配置-融灾禁区,チーム編成-融災禁区,
StageGroup_83415_Name,btZX,g关卡组_StageGroup_A.csv,783,StageGroup,Name,,第3波,第3波,
StageGroup_83415_TypeText,btZZ,g关卡组_StageGroup_A.csv,783,StageGroup,TypeText,,队伍配置-融灾禁区,チーム編成-融災禁区,
StageGroup_83417_Name,buaf,g关卡组_StageGroup_A.csv,784,StageGroup,Name,,第4波,第4波,
StageGroup_83417_TypeText,buah,g关卡组_StageGroup_A.csv,784,StageGroup,TypeText,,队伍配置-融灾禁区,チーム編成-融災禁区,
StageGroup_83418_Name,buaj,g关卡组_StageGroup_A.csv,785,StageGroup,Name,,第5波,第5波,
StageGroup_83418_TypeText,bual,g关卡组_StageGroup_A.csv,785,StageGroup,TypeText,,队伍配置-融灾禁区,チーム編成-融災禁区,
StageGroup_83411_Name,btZH,g关卡组_StageGroup_A.csv,786,StageGroup,Name,,第1波,第1波,
StageGroup_83411_TypeText,btZJ,g关卡组_StageGroup_A.csv,786,StageGroup,TypeText,,队伍配置-融灾禁区,チーム編成-融災禁区,
StageGroup_83410_Name,btZD,g关卡组_StageGroup_A.csv,787,StageGroup,Name,,第2波,第2波,
StageGroup_83410_TypeText,btZF,g关卡组_StageGroup_A.csv,787,StageGroup,TypeText,,队伍配置-融灾禁区,チーム編成-融災禁区,
StageGroup_83409_Name,btZz,g关卡组_StageGroup_A.csv,788,StageGroup,Name,,第3波,第3波,
StageGroup_83409_TypeText,btZB,g关卡组_StageGroup_A.csv,788,StageGroup,TypeText,,队伍配置-融灾禁区,チーム編成-融災禁区,
StageGroup_83413_Name,btZP,g关卡组_StageGroup_A.csv,789,StageGroup,Name,,第4波,第4波,
StageGroup_83413_TypeText,btZR,g关卡组_StageGroup_A.csv,789,StageGroup,TypeText,,队伍配置-融灾禁区,チーム編成-融災禁区,
StageGroup_83412_Name,btZL,g关卡组_StageGroup_A.csv,790,StageGroup,Name,,第5波,第5波,
StageGroup_83412_TypeText,btZN,g关卡组_StageGroup_A.csv,790,StageGroup,TypeText,,队伍配置-融灾禁区,チーム編成-融災禁区,
StageGroup_83406_Name,btZn,g关卡组_StageGroup_A.csv,791,StageGroup,Name,,第1波,第1波,
StageGroup_83406_TypeText,btZp,g关卡组_StageGroup_A.csv,791,StageGroup,TypeText,,队伍配置-融灾禁区,チーム編成-融災禁区,
StageGroup_83407_Name,btZr,g关卡组_StageGroup_A.csv,792,StageGroup,Name,,第2波,第2波,
StageGroup_83407_TypeText,btZt,g关卡组_StageGroup_A.csv,792,StageGroup,TypeText,,队伍配置-融灾禁区,チーム編成-融災禁区,
StageGroup_83408_Name,btZv,g关卡组_StageGroup_A.csv,793,StageGroup,Name,,第3波,第3波,
StageGroup_83408_TypeText,btZx,g关卡组_StageGroup_A.csv,793,StageGroup,TypeText,,队伍配置-融灾禁区,チーム編成-融災禁区,
StageGroup_83404_Name,btZf,g关卡组_StageGroup_A.csv,794,StageGroup,Name,,第4波,第4波,
StageGroup_83404_TypeText,btZh,g关卡组_StageGroup_A.csv,794,StageGroup,TypeText,,队伍配置-融灾禁区,チーム編成-融災禁区,
StageGroup_83405_Name,btZj,g关卡组_StageGroup_A.csv,795,StageGroup,Name,,第5波,第5波,
StageGroup_83405_TypeText,btZl,g关卡组_StageGroup_A.csv,795,StageGroup,TypeText,,队伍配置-融灾禁区,チーム編成-融災禁区,
StageGroup_83401_Name,btYT,g关卡组_StageGroup_A.csv,796,StageGroup,Name,,第1波,第1波,
StageGroup_83401_TypeText,btYV,g关卡组_StageGroup_A.csv,796,StageGroup,TypeText,,队伍配置-融灾禁区,チーム編成-融災禁区,
StageGroup_83403_Name,btZb,g关卡组_StageGroup_A.csv,797,StageGroup,Name,,第2波,第2波,
StageGroup_83403_TypeText,btZd,g关卡组_StageGroup_A.csv,797,StageGroup,TypeText,,队伍配置-融灾禁区,チーム編成-融災禁区,
StageGroup_83402_Name,btYX,g关卡组_StageGroup_A.csv,798,StageGroup,Name,,第3波,第3波,
StageGroup_83402_TypeText,btYZ,g关卡组_StageGroup_A.csv,798,StageGroup,TypeText,,队伍配置-融灾禁区,チーム編成-融災禁区,
StageGroup_83400_Name,btYP,g关卡组_StageGroup_A.csv,799,StageGroup,Name,,第4波,第4波,
StageGroup_83400_TypeText,btYR,g关卡组_StageGroup_A.csv,799,StageGroup,TypeText,,队伍配置-融灾禁区,チーム編成-融災禁区,
StageGroup_83399_Name,btYL,g关卡组_StageGroup_A.csv,800,StageGroup,Name,,第5波,第5波,
StageGroup_83399_TypeText,btYN,g关卡组_StageGroup_A.csv,800,StageGroup,TypeText,,队伍配置-融灾禁区,チーム編成-融災禁区,
StageGroup_83449_Name,bucD,g关卡组_StageGroup_A.csv,801,StageGroup,Name,,第1波,第1波,
StageGroup_83449_TypeText,bucF,g关卡组_StageGroup_A.csv,801,StageGroup,TypeText,,队伍配置-融灾禁区,チーム編成-融災禁区,
StageGroup_83447_Name,bucv,g关卡组_StageGroup_A.csv,802,StageGroup,Name,,第2波,第2波,
StageGroup_83447_TypeText,bucx,g关卡组_StageGroup_A.csv,802,StageGroup,TypeText,,队伍配置-融灾禁区,チーム編成-融災禁区,
StageGroup_83448_Name,bucz,g关卡组_StageGroup_A.csv,803,StageGroup,Name,,第3波,第3波,
StageGroup_83448_TypeText,bucB,g关卡组_StageGroup_A.csv,803,StageGroup,TypeText,,队伍配置-融灾禁区,チーム編成-融災禁区,
StageGroup_83445_Name,bucn,g关卡组_StageGroup_A.csv,804,StageGroup,Name,,第4波,第4波,
StageGroup_83445_TypeText,bucp,g关卡组_StageGroup_A.csv,804,StageGroup,TypeText,,队伍配置-融灾禁区,チーム編成-融災禁区,
StageGroup_83446_Name,bucr,g关卡组_StageGroup_A.csv,805,StageGroup,Name,,第5波,第5波,
StageGroup_83446_TypeText,buct,g关卡组_StageGroup_A.csv,805,StageGroup,TypeText,,队伍配置-融灾禁区,チーム編成-融災禁区,
StageGroup_83423_Name,buaD,g关卡组_StageGroup_A.csv,806,StageGroup,Name,,第1波,第1波,
StageGroup_83423_TypeText,buaF,g关卡组_StageGroup_A.csv,806,StageGroup,TypeText,,队伍配置-融灾禁区,チーム編成-融災禁区,
StageGroup_83422_Name,buaz,g关卡组_StageGroup_A.csv,807,StageGroup,Name,,第2波,第2波,
StageGroup_83422_TypeText,buaB,g关卡组_StageGroup_A.csv,807,StageGroup,TypeText,,队伍配置-融灾禁区,チーム編成-融災禁区,
StageGroup_83421_Name,buav,g关卡组_StageGroup_A.csv,808,StageGroup,Name,,第3波,第3波,
StageGroup_83421_TypeText,buax,g关卡组_StageGroup_A.csv,808,StageGroup,TypeText,,队伍配置-融灾禁区,チーム編成-融災禁区,
StageGroup_83420_Name,buar,g关卡组_StageGroup_A.csv,809,StageGroup,Name,,第4波,第4波,
StageGroup_83420_TypeText,buat,g关卡组_StageGroup_A.csv,809,StageGroup,TypeText,,队伍配置-融灾禁区,チーム編成-融災禁区,
StageGroup_83419_Name,buan,g关卡组_StageGroup_A.csv,810,StageGroup,Name,,第5波,第5波,
StageGroup_83419_TypeText,buap,g关卡组_StageGroup_A.csv,810,StageGroup,TypeText,,队伍配置-融灾禁区,チーム編成-融災禁区,
StageGroup_83464_Name,budL,g关卡组_StageGroup_A.csv,811,StageGroup,Name,,第1波,第1波,
StageGroup_83464_TypeText,budN,g关卡组_StageGroup_A.csv,811,StageGroup,TypeText,,队伍配置-融灾禁区,チーム編成-融災禁区,
StageGroup_83463_Name,budH,g关卡组_StageGroup_A.csv,812,StageGroup,Name,,第2波,第2波,
StageGroup_83463_TypeText,budJ,g关卡组_StageGroup_A.csv,812,StageGroup,TypeText,,队伍配置-融灾禁区,チーム編成-融災禁区,
StageGroup_83462_Name,budD,g关卡组_StageGroup_A.csv,813,StageGroup,Name,,第3波,第3波,
StageGroup_83462_TypeText,budF,g关卡组_StageGroup_A.csv,813,StageGroup,TypeText,,队伍配置-融灾禁区,チーム編成-融災禁区,
StageGroup_83461_Name,budz,g关卡组_StageGroup_A.csv,814,StageGroup,Name,,第4波,第4波,
StageGroup_83461_TypeText,budB,g关卡组_StageGroup_A.csv,814,StageGroup,TypeText,,队伍配置-融灾禁区,チーム編成-融災禁区,
StageGroup_83460_Name,budv,g关卡组_StageGroup_A.csv,815,StageGroup,Name,,第5波,第5波,
StageGroup_83460_TypeText,budx,g关卡组_StageGroup_A.csv,815,StageGroup,TypeText,,队伍配置-融灾禁区,チーム編成-融災禁区,
StageGroup_83353_Name,btVj,g关卡组_StageGroup_A.csv,816,StageGroup,Name,,第1波,第1波,
StageGroup_83353_TypeText,btVl,g关卡组_StageGroup_A.csv,816,StageGroup,TypeText,,队伍配置-融灾禁区,チーム編成-融災禁区,
StageGroup_83351_Name,btVb,g关卡组_StageGroup_A.csv,817,StageGroup,Name,,第2波,第2波,
StageGroup_83351_TypeText,btVd,g关卡组_StageGroup_A.csv,817,StageGroup,TypeText,,队伍配置-融灾禁区,チーム編成-融災禁区,
StageGroup_83352_Name,btVf,g关卡组_StageGroup_A.csv,818,StageGroup,Name,,第3波,第4波,
StageGroup_83352_TypeText,btVh,g关卡组_StageGroup_A.csv,818,StageGroup,TypeText,,队伍配置-融灾禁区,チーム編成-融災禁区,
StageGroup_83349_Name,btUT,g关卡组_StageGroup_A.csv,819,StageGroup,Name,,第4波,第4波,
StageGroup_83349_TypeText,btUV,g关卡组_StageGroup_A.csv,819,StageGroup,TypeText,,队伍配置-融灾禁区,チーム編成-融災禁区,
StageGroup_83350_Name,btUX,g关卡组_StageGroup_A.csv,820,StageGroup,Name,,第5波,第5波,
StageGroup_83350_TypeText,btUZ,g关卡组_StageGroup_A.csv,820,StageGroup,TypeText,,队伍配置-融灾禁区,チーム編成-融災禁区,
StageGroup_83450_Name,bucH,g关卡组_StageGroup_A.csv,821,StageGroup,Name,,第1波,第1波,
StageGroup_83450_TypeText,bucJ,g关卡组_StageGroup_A.csv,821,StageGroup,TypeText,,队伍配置-融灾禁区,チーム編成-融災禁区,
StageGroup_83452_Name,bucP,g关卡组_StageGroup_A.csv,822,StageGroup,Name,,第2波,第2波,
StageGroup_83452_TypeText,bucR,g关卡组_StageGroup_A.csv,822,StageGroup,TypeText,,队伍配置-融灾禁区,チーム編成-融災禁区,
StageGroup_83451_Name,bucL,g关卡组_StageGroup_A.csv,823,StageGroup,Name,,第3波,第3波,
StageGroup_83451_TypeText,bucN,g关卡组_StageGroup_A.csv,823,StageGroup,TypeText,,队伍配置-融灾禁区,チーム編成-融災禁区,
StageGroup_83454_Name,bucX,g关卡组_StageGroup_A.csv,824,StageGroup,Name,,第4波,第4波,
StageGroup_83454_TypeText,bucZ,g关卡组_StageGroup_A.csv,824,StageGroup,TypeText,,队伍配置-融灾禁区,チーム編成-融災禁区,
StageGroup_83453_Name,bucT,g关卡组_StageGroup_A.csv,825,StageGroup,Name,,第5波,第5波,
StageGroup_83453_TypeText,bucV,g关卡组_StageGroup_A.csv,825,StageGroup,TypeText,,队伍配置-融灾禁区,チーム編成-融災禁区,
StageGroup_83455_Name,budb,g关卡组_StageGroup_A.csv,826,StageGroup,Name,,第1波,第1波,
StageGroup_83455_TypeText,budd,g关卡组_StageGroup_A.csv,826,StageGroup,TypeText,,队伍配置-融灾禁区,チーム編成-融災禁区,
StageGroup_83456_Name,budf,g关卡组_StageGroup_A.csv,827,StageGroup,Name,,第2波,第2波,
StageGroup_83456_TypeText,budh,g关卡组_StageGroup_A.csv,827,StageGroup,TypeText,,队伍配置-融灾禁区,チーム編成-融災禁区,
StageGroup_83457_Name,budj,g关卡组_StageGroup_A.csv,828,StageGroup,Name,,第3波,第3波,
StageGroup_83457_TypeText,budl,g关卡组_StageGroup_A.csv,828,StageGroup,TypeText,,队伍配置-融灾禁区,チーム編成-融災禁区,
StageGroup_83458_Name,budn,g关卡组_StageGroup_A.csv,829,StageGroup,Name,,第4波,第4波,
StageGroup_83458_TypeText,budp,g关卡组_StageGroup_A.csv,829,StageGroup,TypeText,,队伍配置-融灾禁区,チーム編成-融災禁区,
StageGroup_83459_Name,budr,g关卡组_StageGroup_A.csv,830,StageGroup,Name,,第5波,第5波,
StageGroup_83459_TypeText,budt,g关卡组_StageGroup_A.csv,830,StageGroup,TypeText,,队伍配置-融灾禁区,チーム編成-融災禁区,
StageGroup_83491_Name,bufP,g关卡组_StageGroup_A.csv,831,StageGroup,Name,,第1波,第1波,
StageGroup_83491_TypeText,bufR,g关卡组_StageGroup_A.csv,831,StageGroup,TypeText,,队伍配置-融灾禁区,チーム編成-融災禁区,
StageGroup_83490_Name,bufL,g关卡组_StageGroup_A.csv,832,StageGroup,Name,,第2波,第2波,
StageGroup_83490_TypeText,bufN,g关卡组_StageGroup_A.csv,832,StageGroup,TypeText,,队伍配置-融灾禁区,チーム編成-融災禁区,
StageGroup_83489_Name,bufH,g关卡组_StageGroup_A.csv,833,StageGroup,Name,,第3波,第3波,
StageGroup_83489_TypeText,bufJ,g关卡组_StageGroup_A.csv,833,StageGroup,TypeText,,队伍配置-融灾禁区,チーム編成-融災禁区,
StageGroup_83493_Name,bufX,g关卡组_StageGroup_A.csv,834,StageGroup,Name,,第4波,第4波,
StageGroup_83493_TypeText,bufZ,g关卡组_StageGroup_A.csv,834,StageGroup,TypeText,,队伍配置-融灾禁区,チーム編成-融災禁区,
StageGroup_83492_Name,bufT,g关卡组_StageGroup_A.csv,835,StageGroup,Name,,第5波,第5波,
StageGroup_83492_TypeText,bufV,g关卡组_StageGroup_A.csv,835,StageGroup,TypeText,,队伍配置-融灾禁区,チーム編成-融災禁区,
StageGroup_83496_Name,bugj,g关卡组_StageGroup_A.csv,836,StageGroup,Name,,第1波,第1波,
StageGroup_83496_TypeText,bugl,g关卡组_StageGroup_A.csv,836,StageGroup,TypeText,,队伍配置-融灾禁区,チーム編成-融災禁区,
StageGroup_83494_Name,bugb,g关卡组_StageGroup_A.csv,837,StageGroup,Name,,第2波,第2波,
StageGroup_83494_TypeText,bugd,g关卡组_StageGroup_A.csv,837,StageGroup,TypeText,,队伍配置-融灾禁区,チーム編成-融災禁区,
StageGroup_83495_Name,bugf,g关卡组_StageGroup_A.csv,838,StageGroup,Name,,第3波,第3波,
StageGroup_83495_TypeText,bugh,g关卡组_StageGroup_A.csv,838,StageGroup,TypeText,,队伍配置-融灾禁区,チーム編成-融災禁区,
StageGroup_83497_Name,bugn,g关卡组_StageGroup_A.csv,839,StageGroup,Name,,第4波,第4波,
StageGroup_83497_TypeText,bugp,g关卡组_StageGroup_A.csv,839,StageGroup,TypeText,,队伍配置-融灾禁区,チーム編成-融災禁区,
StageGroup_83498_Name,bugr,g关卡组_StageGroup_A.csv,840,StageGroup,Name,,第5波,第5波,
StageGroup_83498_TypeText,bugt,g关卡组_StageGroup_A.csv,840,StageGroup,TypeText,,队伍配置-融灾禁区,チーム編成-融災禁区,
StageGroup_83356_Name,btVv,g关卡组_StageGroup_A.csv,841,StageGroup,Name,,第1波,第1波,
StageGroup_83356_TypeText,btVx,g关卡组_StageGroup_A.csv,841,StageGroup,TypeText,,队伍配置-融灾禁区,チーム編成-融災禁区,
StageGroup_83358_Name,btVD,g关卡组_StageGroup_A.csv,842,StageGroup,Name,,第2波,第2波,
StageGroup_83358_TypeText,btVF,g关卡组_StageGroup_A.csv,842,StageGroup,TypeText,,队伍配置-融灾禁区,チーム編成-融災禁区,
StageGroup_83357_Name,btVz,g关卡组_StageGroup_A.csv,843,StageGroup,Name,,第3波,第3波,
StageGroup_83357_TypeText,btVB,g关卡组_StageGroup_A.csv,843,StageGroup,TypeText,,队伍配置-融灾禁区,チーム編成-融災禁区,
StageGroup_83355_Name,btVr,g关卡组_StageGroup_A.csv,844,StageGroup,Name,,第4波,第4波,
StageGroup_83355_TypeText,btVt,g关卡组_StageGroup_A.csv,844,StageGroup,TypeText,,队伍配置-融灾禁区,チーム編成-融災禁区,
StageGroup_83354_Name,btVn,g关卡组_StageGroup_A.csv,845,StageGroup,Name,,第5波,第5波,
StageGroup_83354_TypeText,btVp,g关卡组_StageGroup_A.csv,845,StageGroup,TypeText,,队伍配置-融灾禁区,チーム編成-融災禁区,
StageGroup_83361_Name,btVP,g关卡组_StageGroup_A.csv,846,StageGroup,Name,,第1波,第1波,
StageGroup_83361_TypeText,btVR,g关卡组_StageGroup_A.csv,846,StageGroup,TypeText,,队伍配置-融灾禁区,チーム編成-融災禁区,
StageGroup_83362_Name,btVT,g关卡组_StageGroup_A.csv,847,StageGroup,Name,,第2波,第2波,
StageGroup_83362_TypeText,btVV,g关卡组_StageGroup_A.csv,847,StageGroup,TypeText,,队伍配置-融灾禁区,チーム編成-融災禁区,
StageGroup_83363_Name,btVX,g关卡组_StageGroup_A.csv,848,StageGroup,Name,,第3波,第3波,
StageGroup_83363_TypeText,btVZ,g关卡组_StageGroup_A.csv,848,StageGroup,TypeText,,队伍配置-融灾禁区,チーム編成-融災禁区,
StageGroup_83359_Name,btVH,g关卡组_StageGroup_A.csv,849,StageGroup,Name,,第4波,第4波,
StageGroup_83359_TypeText,btVJ,g关卡组_StageGroup_A.csv,849,StageGroup,TypeText,,队伍配置-融灾禁区,チーム編成-融災禁区,
StageGroup_83360_Name,btVL,g关卡组_StageGroup_A.csv,850,StageGroup,Name,,第5波,第5波,
StageGroup_83360_TypeText,btVN,g关卡组_StageGroup_A.csv,850,StageGroup,TypeText,,队伍配置-融灾禁区,チーム編成-融災禁区,
StageGroup_83479_Name,bueT,g关卡组_StageGroup_A.csv,851,StageGroup,Name,,第1波,第1波,
StageGroup_83479_TypeText,bueV,g关卡组_StageGroup_A.csv,851,StageGroup,TypeText,,队伍配置-融灾禁区,チーム編成-融災禁区,
StageGroup_83468_Name,bueb,g关卡组_StageGroup_A.csv,852,StageGroup,Name,,第2波,第2波,
StageGroup_83468_TypeText,bued,g关卡组_StageGroup_A.csv,852,StageGroup,TypeText,,队伍配置-融灾禁区,チーム編成-融災禁区,
StageGroup_83467_Name,budX,g关卡组_StageGroup_A.csv,853,StageGroup,Name,,第3波,第3波,
StageGroup_83467_TypeText,budZ,g关卡组_StageGroup_A.csv,853,StageGroup,TypeText,,队伍配置-融灾禁区,チーム編成-融災禁区,
StageGroup_83466_Name,budT,g关卡组_StageGroup_A.csv,854,StageGroup,Name,,第4波,第4波,
StageGroup_83466_TypeText,budV,g关卡组_StageGroup_A.csv,854,StageGroup,TypeText,,队伍配置-融灾禁区,チーム編成-融災禁区,
StageGroup_83465_Name,budP,g关卡组_StageGroup_A.csv,855,StageGroup,Name,,第5波,第5波,
StageGroup_83465_TypeText,budR,g关卡组_StageGroup_A.csv,855,StageGroup,TypeText,,队伍配置-融灾禁区,チーム編成-融災禁区,
StageGroup_83485_Name,bufr,g关卡组_StageGroup_A.csv,856,StageGroup,Name,,第1波,第1波,
StageGroup_83485_TypeText,buft,g关卡组_StageGroup_A.csv,856,StageGroup,TypeText,,队伍配置-融灾禁区,チーム編成-融災禁区,
StageGroup_83482_Name,buff,g关卡组_StageGroup_A.csv,857,StageGroup,Name,,第2波,第2波,
StageGroup_83482_TypeText,bufh,g关卡组_StageGroup_A.csv,857,StageGroup,TypeText,,队伍配置-融灾禁区,チーム編成-融災禁区,
StageGroup_83483_Name,bufj,g关卡组_StageGroup_A.csv,858,StageGroup,Name,,第3波,第3波,
StageGroup_83483_TypeText,bufl,g关卡组_StageGroup_A.csv,858,StageGroup,TypeText,,队伍配置-融灾禁区,チーム編成-融災禁区,
StageGroup_83480_Name,bueX,g关卡组_StageGroup_A.csv,859,StageGroup,Name,,第4波,第4波,
StageGroup_83480_TypeText,bueZ,g关卡组_StageGroup_A.csv,859,StageGroup,TypeText,,队伍配置-融灾禁区,チーム編成-融災禁区,
StageGroup_83481_Name,bufb,g关卡组_StageGroup_A.csv,860,StageGroup,Name,,第5波,第5波,
StageGroup_83481_TypeText,bufd,g关卡组_StageGroup_A.csv,860,StageGroup,TypeText,,队伍配置-融灾禁区,チーム編成-融災禁区,
StageGroup_83376_Name,btWX,g关卡组_StageGroup_A.csv,861,StageGroup,Name,,第1波,第1波,
StageGroup_83376_TypeText,btWZ,g关卡组_StageGroup_A.csv,861,StageGroup,TypeText,,队伍配置-融灾禁区,チーム編成-融災禁区,
StageGroup_83377_Name,btXb,g关卡组_StageGroup_A.csv,862,StageGroup,Name,,第2波,第2波,
StageGroup_83377_TypeText,btXd,g关卡组_StageGroup_A.csv,862,StageGroup,TypeText,,队伍配置-融灾禁区,チーム編成-融災禁区,
StageGroup_83378_Name,btXf,g关卡组_StageGroup_A.csv,863,StageGroup,Name,,第3波,第3波,
StageGroup_83378_TypeText,btXh,g关卡组_StageGroup_A.csv,863,StageGroup,TypeText,,队伍配置-融灾禁区,チーム編成-融災禁区,
StageGroup_83374_Name,btWP,g关卡组_StageGroup_A.csv,864,StageGroup,Name,,第4波,第4波,
StageGroup_83374_TypeText,btWR,g关卡组_StageGroup_A.csv,864,StageGroup,TypeText,,队伍配置-融灾禁区,チーム編成-融災禁区,
StageGroup_83375_Name,btWT,g关卡组_StageGroup_A.csv,865,StageGroup,Name,,第5波,第5波,
StageGroup_83375_TypeText,btWV,g关卡组_StageGroup_A.csv,865,StageGroup,TypeText,,队伍配置-融灾禁区,チーム編成-融災禁区,
StageGroup_83371_Name,btWD,g关卡组_StageGroup_A.csv,866,StageGroup,Name,,第1波,第1波,
StageGroup_83371_TypeText,btWF,g关卡组_StageGroup_A.csv,866,StageGroup,TypeText,,队伍配置-融灾禁区,チーム編成-融災禁区,
StageGroup_83373_Name,btWL,g关卡组_StageGroup_A.csv,867,StageGroup,Name,,第2波,第2波,
StageGroup_83373_TypeText,btWN,g关卡组_StageGroup_A.csv,867,StageGroup,TypeText,,队伍配置-融灾禁区,チーム編成-融災禁区,
StageGroup_83372_Name,btWH,g关卡组_StageGroup_A.csv,868,StageGroup,Name,,第3波,第3波,
StageGroup_83372_TypeText,btWJ,g关卡组_StageGroup_A.csv,868,StageGroup,TypeText,,队伍配置-融灾禁区,チーム編成-融災禁区,
StageGroup_83370_Name,btWz,g关卡组_StageGroup_A.csv,869,StageGroup,Name,,第4波,第4波,
StageGroup_83370_TypeText,btWB,g关卡组_StageGroup_A.csv,869,StageGroup,TypeText,,队伍配置-融灾禁区,チーム編成-融災禁区,
StageGroup_83369_Name,btWv,g关卡组_StageGroup_A.csv,870,StageGroup,Name,,第5波,第5波,
StageGroup_83369_TypeText,btWx,g关卡组_StageGroup_A.csv,870,StageGroup,TypeText,,队伍配置-融灾禁区,チーム編成-融災禁区,
StageGroup_83346_Name,btUH,g关卡组_StageGroup_A.csv,871,StageGroup,Name,,第1波,第1波,
StageGroup_83346_TypeText,btUJ,g关卡组_StageGroup_A.csv,871,StageGroup,TypeText,,队伍配置-融灾禁区,チーム編成-融災禁区,
StageGroup_83344_Name,btUz,g关卡组_StageGroup_A.csv,872,StageGroup,Name,,第2波,第2波,
StageGroup_83344_TypeText,btUB,g关卡组_StageGroup_A.csv,872,StageGroup,TypeText,,队伍配置-融灾禁区,チーム編成-融災禁区,
StageGroup_83345_Name,btUD,g关卡组_StageGroup_A.csv,873,StageGroup,Name,,第3波,第3波,
StageGroup_83345_TypeText,btUF,g关卡组_StageGroup_A.csv,873,StageGroup,TypeText,,队伍配置-融灾禁区,チーム編成-融災禁区,
StageGroup_83347_Name,btUL,g关卡组_StageGroup_A.csv,874,StageGroup,Name,,第4波,第4波,
StageGroup_83347_TypeText,btUN,g关卡组_StageGroup_A.csv,874,StageGroup,TypeText,,队伍配置-融灾禁区,チーム編成-融災禁区,
StageGroup_83348_Name,btUP,g关卡组_StageGroup_A.csv,875,StageGroup,Name,,第5波,第5波,
StageGroup_83348_TypeText,btUR,g关卡组_StageGroup_A.csv,875,StageGroup,TypeText,,队伍配置-融灾禁区,チーム編成-融災禁区,
StageGroup_83341_Name,btUn,g关卡组_StageGroup_A.csv,876,StageGroup,Name,,第1波,第1波,
StageGroup_83341_TypeText,btUp,g关卡组_StageGroup_A.csv,876,StageGroup,TypeText,,队伍配置-融灾禁区,チーム編成-融災禁区,
StageGroup_83340_Name,btUj,g关卡组_StageGroup_A.csv,877,StageGroup,Name,,第2波,第2波,
StageGroup_83340_TypeText,btUl,g关卡组_StageGroup_A.csv,877,StageGroup,TypeText,,队伍配置-融灾禁区,チーム編成-融災禁区,
StageGroup_83339_Name,btUf,g关卡组_StageGroup_A.csv,878,StageGroup,Name,,第3波,第3波,
StageGroup_83339_TypeText,btUh,g关卡组_StageGroup_A.csv,878,StageGroup,TypeText,,队伍配置-融灾禁区,チーム編成-融災禁区,
StageGroup_83343_Name,btUv,g关卡组_StageGroup_A.csv,879,StageGroup,Name,,第4波,第4波,
StageGroup_83343_TypeText,btUx,g关卡组_StageGroup_A.csv,879,StageGroup,TypeText,,队伍配置-融灾禁区,チーム編成-融災禁区,
StageGroup_83342_Name,btUr,g关卡组_StageGroup_A.csv,880,StageGroup,Name,,第5波,第5波,
StageGroup_83342_TypeText,btUt,g关卡组_StageGroup_A.csv,880,StageGroup,TypeText,,队伍配置-融灾禁区,チーム編成-融災禁区,
StageGroup_83474_Name,buez,g关卡组_StageGroup_A.csv,881,StageGroup,Name,,第1波,第1波,
StageGroup_83474_TypeText,bueB,g关卡组_StageGroup_A.csv,881,StageGroup,TypeText,,队伍配置-融灾禁区,チーム編成-融災禁区,
StageGroup_83475_Name,bueD,g关卡组_StageGroup_A.csv,882,StageGroup,Name,,第2波,第2波,
StageGroup_83475_TypeText,bueF,g关卡组_StageGroup_A.csv,882,StageGroup,TypeText,,队伍配置-融灾禁区,チーム編成-融災禁区,
StageGroup_83476_Name,bueH,g关卡组_StageGroup_A.csv,883,StageGroup,Name,,第3波,第3波,
StageGroup_83476_TypeText,bueJ,g关卡组_StageGroup_A.csv,883,StageGroup,TypeText,,队伍配置-融灾禁区,チーム編成-融災禁区,
StageGroup_83477_Name,bueL,g关卡组_StageGroup_A.csv,884,StageGroup,Name,,第4波,第4波,
StageGroup_83477_TypeText,bueN,g关卡组_StageGroup_A.csv,884,StageGroup,TypeText,,队伍配置-融灾禁区,チーム編成-融災禁区,
StageGroup_83478_Name,bueP,g关卡组_StageGroup_A.csv,885,StageGroup,Name,,第5波,第5波,
StageGroup_83478_TypeText,bueR,g关卡组_StageGroup_A.csv,885,StageGroup,TypeText,,队伍配置-融灾禁区,チーム編成-融災禁区,
StageGroup_83469_Name,buef,g关卡组_StageGroup_A.csv,886,StageGroup,Name,,第1波,第1波,
StageGroup_83469_TypeText,bueh,g关卡组_StageGroup_A.csv,886,StageGroup,TypeText,,队伍配置-融灾禁区,チーム編成-融災禁区,
StageGroup_83471_Name,buen,g关卡组_StageGroup_A.csv,887,StageGroup,Name,,第2波,第2波,
StageGroup_83471_TypeText,buep,g关卡组_StageGroup_A.csv,887,StageGroup,TypeText,,队伍配置-融灾禁区,チーム編成-融災禁区,
StageGroup_83470_Name,buej,g关卡组_StageGroup_A.csv,888,StageGroup,Name,,第3波,第3波,
StageGroup_83470_TypeText,buel,g关卡组_StageGroup_A.csv,888,StageGroup,TypeText,,队伍配置-融灾禁区,チーム編成-融災禁区,
StageGroup_83473_Name,buev,g关卡组_StageGroup_A.csv,889,StageGroup,Name,,第4波,第4波,
StageGroup_83473_TypeText,buex,g关卡组_StageGroup_A.csv,889,StageGroup,TypeText,,队伍配置-融灾禁区,チーム編成-融災禁区,
StageGroup_83472_Name,buer,g关卡组_StageGroup_A.csv,890,StageGroup,Name,,第5波,第5波,
StageGroup_83472_TypeText,buet,g关卡组_StageGroup_A.csv,890,StageGroup,TypeText,,队伍配置-融灾禁区,チーム編成-融災禁区,
StageGroup_83368_Name,btWr,g关卡组_StageGroup_A.csv,891,StageGroup,Name,,第1波,第1波,
StageGroup_83368_TypeText,btWt,g关卡组_StageGroup_A.csv,891,StageGroup,TypeText,,队伍配置-融灾禁区,チーム編成-融災禁区,
StageGroup_83366_Name,btWj,g关卡组_StageGroup_A.csv,892,StageGroup,Name,,第2波,第2波,
StageGroup_83366_TypeText,btWl,g关卡组_StageGroup_A.csv,892,StageGroup,TypeText,,队伍配置-融灾禁区,チーム編成-融災禁区,
StageGroup_83367_Name,btWn,g关卡组_StageGroup_A.csv,893,StageGroup,Name,,第3波,第3波,
StageGroup_83367_TypeText,btWp,g关卡组_StageGroup_A.csv,893,StageGroup,TypeText,,队伍配置-融灾禁区,チーム編成-融災禁区,
StageGroup_83364_Name,btWb,g关卡组_StageGroup_A.csv,894,StageGroup,Name,,第4波,第4波,
StageGroup_83364_TypeText,btWd,g关卡组_StageGroup_A.csv,894,StageGroup,TypeText,,队伍配置-融灾禁区,チーム編成-融災禁区,
StageGroup_83365_Name,btWf,g关卡组_StageGroup_A.csv,895,StageGroup,Name,,第5波,第5波,
StageGroup_83365_TypeText,btWh,g关卡组_StageGroup_A.csv,895,StageGroup,TypeText,,队伍配置-融灾禁区,チーム編成-融災禁区,
StageGroup_83484_Name,bufn,g关卡组_StageGroup_A.csv,896,StageGroup,Name,,第1波,第1波,
StageGroup_83484_TypeText,bufp,g关卡组_StageGroup_A.csv,896,StageGroup,TypeText,,队伍配置-融灾禁区,チーム編成-融災禁区,
StageGroup_83488_Name,bufD,g关卡组_StageGroup_A.csv,897,StageGroup,Name,,第2波,第2波,
StageGroup_83488_TypeText,bufF,g关卡组_StageGroup_A.csv,897,StageGroup,TypeText,,队伍配置-融灾禁区,チーム編成-融災禁区,
StageGroup_83487_Name,bufz,g关卡组_StageGroup_A.csv,898,StageGroup,Name,,第3波,第3波,
StageGroup_83487_TypeText,bufB,g关卡组_StageGroup_A.csv,898,StageGroup,TypeText,,队伍配置-融灾禁区,チーム編成-融災禁区,
StageGroup_83486_Name,bufv,g关卡组_StageGroup_A.csv,899,StageGroup,Name,,第4波,第4波,
StageGroup_83486_TypeText,bufx,g关卡组_StageGroup_A.csv,899,StageGroup,TypeText,,队伍配置-融灾禁区,チーム編成-融災禁区,
StageGroup_83443_Name,bucf,g关卡组_StageGroup_A.csv,900,StageGroup,Name,,第5波,第5波,
StageGroup_83443_TypeText,buch,g关卡组_StageGroup_A.csv,900,StageGroup,TypeText,,队伍配置-融灾禁区,チーム編成-融災禁区,
StageGroup_83506_Name,bugX,g关卡组_StageGroup_A.csv,901,StageGroup,Name,,第1波,第1波,
StageGroup_83506_TypeText,bugZ,g关卡组_StageGroup_A.csv,901,StageGroup,TypeText,,队伍配置-融灾禁区,チーム編成-融災禁区,
StageGroup_83507_Name,buhb,g关卡组_StageGroup_A.csv,902,StageGroup,Name,,第2波,第2波,
StageGroup_83507_TypeText,buhd,g关卡组_StageGroup_A.csv,902,StageGroup,TypeText,,队伍配置-融灾禁区,チーム編成-融災禁区,
StageGroup_83508_Name,buhf,g关卡组_StageGroup_A.csv,903,StageGroup,Name,,第3波,第3波,
StageGroup_83508_TypeText,buhh,g关卡组_StageGroup_A.csv,903,StageGroup,TypeText,,队伍配置-融灾禁区,チーム編成-融災禁区,
StageGroup_83504_Name,bugP,g关卡组_StageGroup_A.csv,904,StageGroup,Name,,第4波,第4波,
StageGroup_83504_TypeText,bugR,g关卡组_StageGroup_A.csv,904,StageGroup,TypeText,,队伍配置-融灾禁区,チーム編成-融災禁区,
StageGroup_83505_Name,bugT,g关卡组_StageGroup_A.csv,905,StageGroup,Name,,第5波,第5波,
StageGroup_83505_TypeText,bugV,g关卡组_StageGroup_A.csv,905,StageGroup,TypeText,,队伍配置-融灾禁区,チーム編成-融災禁区,
StageGroup_83501_Name,bugD,g关卡组_StageGroup_A.csv,906,StageGroup,Name,,第1波,第1波,
StageGroup_83501_TypeText,bugF,g关卡组_StageGroup_A.csv,906,StageGroup,TypeText,,队伍配置-融灾禁区,チーム編成-融災禁区,
StageGroup_83503_Name,bugL,g关卡组_StageGroup_A.csv,907,StageGroup,Name,,第2波,第2波,
StageGroup_83503_TypeText,bugN,g关卡组_StageGroup_A.csv,907,StageGroup,TypeText,,队伍配置-融灾禁区,チーム編成-融災禁区,
StageGroup_83502_Name,bugH,g关卡组_StageGroup_A.csv,908,StageGroup,Name,,第3波,第3波,
StageGroup_83502_TypeText,bugJ,g关卡组_StageGroup_A.csv,908,StageGroup,TypeText,,队伍配置-融灾禁区,チーム編成-融災禁区,
StageGroup_83500_Name,bugz,g关卡组_StageGroup_A.csv,909,StageGroup,Name,,第4波,第4波,
StageGroup_83500_TypeText,bugB,g关卡组_StageGroup_A.csv,909,StageGroup,TypeText,,队伍配置-融灾禁区,チーム編成-融災禁区,
StageGroup_83499_Name,bugv,g关卡组_StageGroup_A.csv,910,StageGroup,Name,,第5波,第5波,
StageGroup_83499_TypeText,bugx,g关卡组_StageGroup_A.csv,910,StageGroup,TypeText,,队伍配置-融灾禁区,チーム編成-融災禁区,
