Charge_18362_Name,auWs,c充值_Charge_A.csv,14,Charge,Name,,月相观测,月相観測,
Charge_18363_Name,auWt,c充值_Charge_A.csv,29,Charge,Name,,6480源液,6480源液,
Charge_18364_Name,auWu,c充值_Charge_A.csv,27,Charge,Name,,1980源液,1980源液,
Charge_18365_Name,auWv,c充值_Charge_A.csv,28,Charge,Name,,3280源液,3280源液,
Charge_18366_Name,auWw,c充值_Charge_A.csv,25,Charge,Name,,300源液,300源液,
Charge_18367_Name,auWx,c充值_Charge_A.csv,26,Charge,Name,,980源液,980源液,
Charge_18368_Name,auWy,c充值_Charge_A.csv,16,Charge,Name,,高阶课题,上位課題,
Charge_18369_Name,auWz,c充值_Charge_A.csv,17,Charge,Name,,核心课题,核心課題,
Charge_18371_Name,auWA,c充值_Charge_A.csv,8,Charge,Name,,60源液,60源液,
Charge_18372_Name,auWB,c充值_Charge_A.csv,10,Charge,Name,,980源液,980源液,
Charge_18373_Name,auWC,c充值_Charge_A.csv,9,Charge,Name,,300源液,300源液,
Charge_18374_Name,auWD,c充值_Charge_A.csv,12,Charge,Name,,3280源液,3280源液,
Charge_18375_Name,auWE,c充值_Charge_A.csv,11,Charge,Name,,1980源液,1980源液,
Charge_18376_Name,auWF,c充值_Charge_A.csv,13,Charge,Name,,6480源液,6480源液,
Charge_18377_Name,auWG,c充值_Charge_A.csv,24,Charge,Name,,60源液,60源液,
Charge_18378_Name,auWH,c充值_Charge_A.csv,47,Charge,Name,,6480源液,6480源液,
Charge_18379_Name,auWI,c充值_Charge_A.csv,45,Charge,Name,,1980源液,1980源液,
Charge_18380_Name,auWJ,c充值_Charge_A.csv,46,Charge,Name,,3280源液,3280源液,
Charge_18381_Name,auWK,c充值_Charge_A.csv,43,Charge,Name,,300源液,300源液,
Charge_18382_Name,auWL,c充值_Charge_A.csv,44,Charge,Name,,980源液,980源液,
Charge_18383_Name,auWM,c充值_Charge_A.csv,42,Charge,Name,,60源液,60源液,
Charge_18384_Name,auWN,c充值_Charge_A.csv,19,Charge,Name,,300源液,300源液,
Charge_18385_Name,auWO,c充值_Charge_A.csv,20,Charge,Name,,980源液,980源液,
Charge_18386_Name,auWP,c充值_Charge_A.csv,18,Charge,Name,,60源液,60源液,
Charge_18387_Name,auWQ,c充值_Charge_A.csv,23,Charge,Name,,6480源液,6480源液,
Charge_18388_Name,auWR,c充值_Charge_A.csv,21,Charge,Name,,1980源液,1980源液,
Charge_18389_Name,auWS,c充值_Charge_A.csv,22,Charge,Name,,3280源液,3280源液,
Charge_18390_Name,auWT,c充值_Charge_A.csv,15,Charge,Name,,基础课题,基本課題,
