普通开场,拉蒙娜,Ramona,PVPOpeningVoice_100050_AwakerVoiceContent,我将以推演辨明前路。,推論から進むべき道を見定めましょう。
角色关系对话1-朵尔,拉蒙娜,Ramona,PVPOpeningVoice_99852_AwakerVoiceContent,和朵尔老师对战，就像回到了调查员特训课堂上一样。,ドール先生と対戦するなんて、授業で特訓を受けていた頃に戻ったみたいだわ。
,朵尔,Doll,PVPOpeningVoice_100223_AwakerVoiceContent,那就让我检查一下你的训练情况吧，优等生。,では、あなたの訓練の成果を見させてもらいましょう、優等生さん。
角色关系对话2-环行·拉蒙娜,拉蒙娜,Ramona,PVPOpeningVoice_100080_AwakerVoiceContent,守护搭档的意志，我不会输给你。,パートナーを守る覚悟なら、あなたにも負けないわ。
,环行·拉蒙娜,Ramona: Timeworn,PVPOpeningVoice_100039_AwakerVoiceContent,我无意竞争，但如果你执意想证明什么，请吧，另一个我。,競うつもりはないが、どうしてもいうのならお好きにどうぞ、もう一人の私。
角色关系对话3-泰旖丝,拉蒙娜,Ramona,PVPOpeningVoice_99906_AwakerVoiceContent,你那套诱骗他人的方法，对我不起作用。,あなたの人を惑わすそのやり方は、私には通用しないわ。
,泰旖丝,Thais,PVPOpeningVoice_100120_AwakerVoiceContent,呵呵，像这样倔强的孩子也别有可爱之处呢。,ふふ、そうやって頑固なところも、かえって可愛らしいわね。
角色关系对话4-詹金,拉蒙娜,Ramona,PVPOpeningVoice_100056_AwakerVoiceContent,詹金同学，看这个样子，想必唤醒体战斗技巧课的作业你都没有做吧？,ジェンキン、その様子だと、覚醒体戦闘技法の宿題もやっていないようね？
,詹金,Jenkin,PVPOpeningVoice_99744_AwakerVoiceContent,……谁说的，你有什么证据？我可不承认！,……誰がそんなこと言ったんだ？証拠でもあるのか？あたしは認めないぞ！
思考,拉蒙娜,Ramona,PVPOpeningVoice_100210_AwakerVoiceContent,要考虑所有细节……,すべての細部まで考えないと……
催促,拉蒙娜,Ramona,PVPOpeningVoice_100090_AwakerVoiceContent,想不出应对的办法了吗？,対応策が思いつかないの？
必杀,拉蒙娜,Ramona,PVPOpeningVoice_99805_AwakerVoiceContent,这是计划的最后一步！,これが計画の最終段階よ！
错误,拉蒙娜,Ramona,PVPOpeningVoice_100192_AwakerVoiceContent,方案需要重新修订……,計画を練り直す必要があるわね……
死亡,拉蒙娜,Ramona,PVPOpeningVoice_100028_AwakerVoiceContent,策略失败，下次要调整方案了……,戦略は失敗ね。次は計画を見直さないと……
普通开场,环行·拉蒙娜,Ramona: Timeworn,PVPOpeningVoice_99799_AwakerVoiceContent,只要你呼唤我，我一直都在。,あなたが呼んでくれさえすれば、私はいつでもそこにいる。
角色关系对话2-萝坦,萝坦,Lotan,PVPOpeningVoice_100132_AwakerVoiceContent,咦？剑术变得很不一样的拉蒙娜，有意思，来过两招！,ほう、ずいぶんと剣技が様変わりしたではないか、ラモンナ。面白い、我が相手をしてやろう！
,环行·拉蒙娜,Ramona: Timeworn,PVPOpeningVoice_99994_AwakerVoiceContent,和萝坦切磋吗，真是……令人怀念的感觉。,ロータンと手合わせか……なんとも懐かしい気分だ。
角色关系对话3-塔薇,环行·拉蒙娜,Ramona: Timeworn,PVPOpeningVoice_99789_AwakerVoiceContent,在我的意识消失之前，我会守护守密人到最后一刻。,私の意識が消えるその時まで、私は守秘者を守り抜く。
,塔薇,Tawil,PVPOpeningVoice_99845_AwakerVoiceContent,很抱歉，即使是我也无法逆转这一过程。,すまぬ……たとえ我といえども、そなたの運命を変えることはできぬのだ。
角色关系对话4-熔毁·朵尔,环行·拉蒙娜,Ramona: Timeworn,PVPOpeningVoice_100196_AwakerVoiceContent,没想到朵尔老师会变成这样，命运真是无常……,ドール先生がこんなふうになってしまうとは……運命とは、つくづく無常なものだ。
,熔毁·朵尔,Doll: Inferno,PVPOpeningVoice_99934_AwakerVoiceContent,我们的优等生倒是一成不变的无趣呢。,うちの優等生は、相変わらずつまらないままね。
思考,环行·拉蒙娜,Ramona: Timeworn,PVPOpeningVoice_99865_AwakerVoiceContent,这样么，我会想出万全的办法……,そうか、万全の策を考えよう……
催促,环行·拉蒙娜,Ramona: Timeworn,PVPOpeningVoice_99988_AwakerVoiceContent,速战速决！,速攻で終わらせる！
必杀,环行·拉蒙娜,Ramona: Timeworn,PVPOpeningVoice_99888_AwakerVoiceContent,这一剑，通往胜利的未来！,この一撃が、勝利の未来へと通じる！
错误,环行·拉蒙娜,Ramona: Timeworn,PVPOpeningVoice_99812_AwakerVoiceContent,怎么会……,どうして……
死亡,环行·拉蒙娜,Ramona: Timeworn,PVPOpeningVoice_100051_AwakerVoiceContent,没能，守护你……,あなたを……守れなかった……
普通开场,朵尔,Doll,PVPOpeningVoice_99782_AwakerVoiceContent,这次战斗最好值得我的出勤。,この戦闘に、私が出撃するだけの価値があるといいわね。
角色关系对话2-塔薇,朵尔,Doll,PVPOpeningVoice_100114_AwakerVoiceContent,与智之质体的战斗，能否获悉未知的奥秘，我很期待。,知の神子との戦い、未知の神秘を解き明かせるか、楽しみだわ。
,塔薇,Tawil,PVPOpeningVoice_100154_AwakerVoiceContent,门后的知识永远为智慧的人敞开。,扉の向こうの知識は、常に知恵ある者に開かれている。
角色关系对话3-熔毁·朵尔,熔毁朵尔,Doll: Inferno,PVPOpeningVoice_99825_AwakerVoiceContent,我现在倒是开始理解血链·希洛那家伙的心情了，看到如此天真的自己，真是有些可笑。,今なら、血鎖・ヘロットの気持ちが分かる気がするわ。あの頃の無垢な自分を見ると、滑稽でたまらない。
,朵尔,Doll,PVPOpeningVoice_100081_AwakerVoiceContent,看到你我才明白自己的傲慢，对知识过于贪婪，无异于玩火自焚。,あなたを見てようやく、自分の傲慢さに気づいたわ。知識を求めすぎれば、火遊びのように身を滅ぼすのだとね。
角色关系对话4-艾瑞卡,朵尔,Doll,PVPOpeningVoice_99840_AwakerVoiceContent,这样强度的战斗反馈，似乎可以用来升级艾瑞卡的战斗系统。,このレベルの実戦なら、エリカの戦闘システムの強化に利用できそうね。
,艾瑞卡,Erica,PVPOpeningVoice_99838_AwakerVoiceContent,收到指令，正在记录战斗数据。,指令を受信しました。戦闘データを記録中。
思考,朵尔,Doll,PVPOpeningVoice_100093_AwakerVoiceContent,有意思的状况……,面白い状況ね……
催促,朵尔,Doll,PVPOpeningVoice_100077_AwakerVoiceContent,浪费天才的时间是一种犯罪。,才ある者の時間を浪費するのは、罪に等しいわ。
必杀,朵尔,Doll,PVPOpeningVoice_99834_AwakerVoiceContent,就这样结束吧。,これで終わりにしましょう。
错误,朵尔,Doll,PVPOpeningVoice_100220_AwakerVoiceContent,判断失误了吗……,私の判断が、間違っていた……？
死亡,朵尔,Doll,PVPOpeningVoice_100062_AwakerVoiceContent,出人意料的展开，值得研究……,予想外の結果ね。研究する価値があるわ……
普通开场,熔毁·朵尔,Doll: Inferno,PVPOpeningVoice_100086_AwakerVoiceContent,放心，我会带来最高效的死亡。,安心して、私が最も効率的な死を与えるわ。
角色关系对话3-血链·希洛,熔毁·朵尔,Doll: Inferno,PVPOpeningVoice_100172_AwakerVoiceContent,我对你那毁灭一切的态度十分欣赏，不过你的效率实在低下，不如加入我的计划如何？,あなたの「すべてを破壊する」姿勢は評価するわ。でもそのやり方は効率が悪すぎる。私の計画に加わってみない？
,血链·希洛,Helot: Catena,PVPOpeningVoice_99945_AwakerVoiceContent,妄图控制我的人只有一个下场，你做好准备了吗？,私を支配しようとする者の末路は決まっている。覚悟はできたか？
角色关系对话4-温柯尔,熔毁·朵尔,Doll: Inferno,PVPOpeningVoice_99948_AwakerVoiceContent,连你这样畏畏缩缩的家伙，也有能拼命的时候嘛。,あなたのような臆病者にも、命を懸けて挑む覚悟があったのね。
,温柯尔,Winkle,PVPOpeningVoice_99749_AwakerVoiceContent,你你你不会回去罚我刷烧杯吧？,か、帰ったら、罰として私にビーカーを洗わせたりしないよね？
思考,熔毁·朵尔,Doll: Inferno,PVPOpeningVoice_100010_AwakerVoiceContent,这次该如何催化毁灭呢？,今回はどうやって破滅を導こうかしら？
催促,熔毁·朵尔,Doll: Inferno,PVPOpeningVoice_99896_AwakerVoiceContent,无知者的反抗，令人厌烦。,愚かな者たちの抵抗には、うんざりするわ。
必杀,熔毁·朵尔,Doll: Inferno,PVPOpeningVoice_100053_AwakerVoiceContent,挣扎就到此为止吧！,もがくのもここまでよ！
错误,熔毁·朵尔,Doll: Inferno,PVPOpeningVoice_100071_AwakerVoiceContent,竟然与实验预期不符？,まさか、実験の想定と違うとでも？
死亡,熔毁·朵尔,Doll: Inferno,PVPOpeningVoice_100075_AwakerVoiceContent,哼，侥幸的运气罢了……,ふん、たまたま運が良かっただけよ……
普通开场,奥吉尔,Ogier,PVPOpeningVoice_100221_AwakerVoiceContent,以骑士之名，恳请指教！,騎士の名にかけて、ご指導お願いします！
角色关系对话1-艾尔瓦,艾尔瓦,Alva,PVPOpeningVoice_99763_AwakerVoiceContent,奥吉尔，找准时机，不要谦让，想想特训课上的内容！,オジール、タイミングを見極めろ。遠慮せず、特訓でやったことを思い出せ！
,奥吉尔,Ogier,PVPOpeningVoice_99928_AwakerVoiceContent,明白，艾尔瓦教官！,はい、アルバ教官！
角色关系对话2-潘狄娅,潘狄娅,Pandia,PVPOpeningVoice_100040_AwakerVoiceContent,哎呀，真是凌厉，作为骑士不应该让一让女士吗？,も～、ずいぶん乱暴ね。騎士なら、少しは女性に優しくするべきじゃない？
,奥吉尔,Ogier,PVPOpeningVoice_99916_AwakerVoiceContent,我……主君说过，可以忽略潘狄娅女士的发言，得罪了！,えっと……主君がパンディアさんの発言は無視してよいと言っていました。失礼します！
角色关系对话3-艾继丝,艾继丝,Aigis,PVPOpeningVoice_99854_AwakerVoiceContent,那个，可不可以……不和奥吉尔打架？,あの、どうしても戦わないと……いけませんか？
,奥吉尔,Ogier,PVPOpeningVoice_99910_AwakerVoiceContent,没事的艾继丝，这是正常的训练，请放心战斗吧！,大丈夫だよ、アイギス。これは普通の訓練だから、安心して戦ってくれ！
角色关系对话4-24,24,24,PVPOpeningVoice_100145_AwakerVoiceContent,奥吉尔明明比詹金还要小上一些，真是沉稳又可靠呢。,オジールはジェンキンより少し年下なのに、しっかりしていて頼りになるわ。
,奥吉尔,Ogier,PVPOpeningVoice_99955_AwakerVoiceContent,谢……谢谢24小姐！,あ、ありがとうございます、「24」さん！
思考,奥吉尔,Ogier,PVPOpeningVoice_100105_AwakerVoiceContent,嗯……快想一想，成熟的骑士会怎么做……,うーん……よく考えるんだ、真の騎士ならどうするか……
催促,奥吉尔,Ogier,PVPOpeningVoice_99989_AwakerVoiceContent,没关系，我会等待您的出手！,構いません、あなたの一手を待ちましょう！
必杀,奥吉尔,Ogier,PVPOpeningVoice_99801_AwakerVoiceContent,请注意，我将使出全力！,気をつけてください、全力でいきます！
错误,奥吉尔,Ogier,PVPOpeningVoice_99908_AwakerVoiceContent,这招式不管用吗……,この技が効かないなんて……
死亡,奥吉尔,Ogier,PVPOpeningVoice_99810_AwakerVoiceContent,真是令人敬佩的对手……,なんて強い相手だ……
普通开场,萝坦,Lotan,PVPOpeningVoice_99781_AwakerVoiceContent,又到了我最喜欢的时候，要不要多打两场？,また我の好きな時間が来たな。もう二戦ほどやるか？
角色关系对话2-希洛,萝坦,Lotan,PVPOpeningVoice_100158_AwakerVoiceContent,又见面了，战士，让我试试你的长进！,また会ったな、戦士よ。どれほど成長したか、見せてもらおう！
,希洛,Helot,PVPOpeningVoice_100180_AwakerVoiceContent,来。,来い。
角色关系对话3-戈利亚,萝坦,Lotan,PVPOpeningVoice_100031_AwakerVoiceContent,不够不够不够！不是说巨人的力量吗？给我全都使出来啊！,まだだ、まだ足りぬ！「巨人の力」とはこの程度か？全力で来い！
,戈利亚,Goliath,PVPOpeningVoice_99991_AwakerVoiceContent,啧，怎么又是这个疯子……,ちっ、またこいつか……
角色关系对话4-尤乌哈希,萝坦,Lotan,PVPOpeningVoice_99924_AwakerVoiceContent,难得碰到一个痛快的对手！再来！,久々に全力で戦えるな！もう一戦だ！
,尤乌哈希,Uvhash,PVPOpeningVoice_100123_AwakerVoiceContent,哈哈哈哈，杀——,はははは、殺す——
思考,萝坦,Lotan,PVPOpeningVoice_100150_AwakerVoiceContent,我只是在想，一会儿该用什么姿势把你打飞！,少し考えていただけだ。どんな技でお前を倒そうかとな！
催促,萝坦,Lotan,PVPOpeningVoice_100023_AwakerVoiceContent,怎么，这就怕了吗？,どうした、怖気づいたか？
必杀,萝坦,Lotan,PVPOpeningVoice_100155_AwakerVoiceContent,准备认输吧！,さあ、降参しろ！
错误,萝坦,Lotan,PVPOpeningVoice_99891_AwakerVoiceContent,啧，失手了吗。,ちっ、しくじったか。
死亡,萝坦,Lotan,PVPOpeningVoice_100067_AwakerVoiceContent,痛快……,悪くない……
普通开场,24,24,PVPOpeningVoice_99754_AwakerVoiceContent,我们……会一起努力的！,私……私たちは、一緒に頑張ります！
角色关系对话2-詹金,24,24,PVPOpeningVoice_100095_AwakerVoiceContent,哎呀，詹金，你的衣服什么时候又磨破了，快拿来让我补一补。,まあ、ジェンキン。あなたの服、いつの間に擦り切れたの？早く持ってきて、私が直してあげるから。
,詹金,Jenkin,PVPOpeningVoice_99878_AwakerVoiceContent,没事的姐姐，这有什么，现在东区街头都这么穿！,大丈夫だって、姉ちゃん！これくらい何でもないさ、東区ではみんなこんな格好してるんだから！
角色关系对话3-宁菲亚,24,24,PVPOpeningVoice_100217_AwakerVoiceContent,宁菲亚小姐的疗养院中，也有很多像我这样的人吗？,ニムフィーアさんの療養所には、私のような人もたくさんいるのでしょうか？
,宁菲亚,Nymphaea,PVPOpeningVoice_100064_AwakerVoiceContent,比起那些病人，梅森小姐已经算非常健康的了。,あの患者さんたちに比べれば、メイソンさんは十分健康な方ですよ。
角色关系对话4-艾继丝,艾继丝,Aigis,PVPOpeningVoice_100007_AwakerVoiceContent,梅森姐……小姐。,こんにちは、メイソン……さん。
,24,24,PVPOpeningVoice_100111_AwakerVoiceContent,没关系的艾继丝，你和詹金一样，叫我姐姐就好。,大丈夫よ、アイギス。あなたもジェンキンと同じように、私のことを「姉さん」と呼んでいいのよ。
思考,24,24,PVPOpeningVoice_99909_AwakerVoiceContent,嗯……好像有些复杂，没关系，和其他的我一起商量吧。,うーん……ちょっと複雑そうだけど、大丈夫。他の私たちと相談してみるわ。
催促,24,24,PVPOpeningVoice_100195_AwakerVoiceContent,我的出场时间有限，不要挑战我的耐心啊。,私の出番は限られているのよ。私を怒らせないで。
必杀,24,24,PVPOpeningVoice_99794_AwakerVoiceContent,一起——给我一起消失吧！,まとめて——消え失せろ！
错误,24,24,PVPOpeningVoice_99917_AwakerVoiceContent,呃……这样不对……不……,うっ……こんな、はずでは……
死亡,24,24,PVPOpeningVoice_99984_AwakerVoiceContent,噫，这是什么感觉，我要死了吗？詹金……,えっ、この感覚は何？私は死んでしまうの？ジェンキン……
普通开场,诺缔拉,Nautila,PVPOpeningVoice_100162_AwakerVoiceContent,诶？这是哪里？是新的冒险吗？,えっ？ここはどこ？新しい冒険？
角色关系对话1-艾瑞卡,诺缔拉,Nautila,PVPOpeningVoice_99951_AwakerVoiceContent,好神奇的机械结构，真想拆开研究一下啊。,なんて不思議な機械の仕組みだろう、分解して研究してみたいなあ。
,艾瑞卡,Erica,PVPOpeningVoice_99882_AwakerVoiceContent,驳回请求，检修权限未通过。,リクエスト却下。メンテナンス権限が承認されていません。
角色关系对话2-艾尔瓦,诺缔拉,Nautila,PVPOpeningVoice_99747_AwakerVoiceContent,我记得你，好久不见！你的伤腿是不是又该保养了？,君のこと、覚えてるよ。久しぶりだね！その怪我した足、また手入れが必要なんじゃない？
,艾尔瓦,Alva,PVPOpeningVoice_100012_AwakerVoiceContent,感谢你的关心，但我们前天不是刚刚检修过？,気遣いに感謝する。だが、一昨日点検したばかりじゃなかったか？
角色关系对话3-希莱斯特,希莱斯特,Celeste,PVPOpeningVoice_99873_AwakerVoiceContent,需要出海的时候，就向我许愿吧。,海に出るなら、私に願いを託すといいわ。
,诺缔拉,Nautila,PVPOpeningVoice_99816_AwakerVoiceContent,永不迷失的引航神女啊，要是当年有这样的存在……那时候我在干什么来着？,決して迷うことのない航海の女神、か……もしあの頃、君のような存在がいたら……あの時、私は何をしていたんだっけ？
角色关系对话4-克珀珊特,克珀珊特,Corposant,PVPOpeningVoice_100118_AwakerVoiceContent,一位优秀的修理工，在远航之中比船长还要重要。,優秀な整備士は、長い航海においては船長よりも重要な存在です。
,诺缔拉,Nautila,PVPOpeningVoice_99798_AwakerVoiceContent,是在夸我吗？谢谢啦，不过我不记得我有修过船啊……我修过吗？,褒めてくれてるの？ありがとう。でも船を修理した覚えはないんだけど……修理したことあったっけ？
思考,诺缔拉,Nautila,PVPOpeningVoice_100127_AwakerVoiceContent,这个我好像没见过……别急，我会弄明白的。,これ、見たことないな……焦らないで、ちゃんと調べるから。
催促,诺缔拉,Nautila,PVPOpeningVoice_99980_AwakerVoiceContent,快点快点，我要忍不住发动引擎啦！,早く早く、待ちきれないよ！エンジンをかけちゃうぞ！
必杀,诺缔拉,Nautila,PVPOpeningVoice_100140_AwakerVoiceContent,鹦鹉螺号，全速前进！,ノーチラス号、全速前進！
错误,诺缔拉,Nautila,PVPOpeningVoice_99821_AwakerVoiceContent,哎哎，发动机怎么熄火了！,えっ、ちょっと、エンジンが止まっちゃったよ！
死亡,诺缔拉,Nautila,PVPOpeningVoice_99913_AwakerVoiceContent,冒险终止，让我先休整一下吧……,冒険はここまで。ちょっと休ませて……
普通开场,宁菲亚,Nymphaea,PVPOpeningVoice_100179_AwakerVoiceContent,以此孱弱之躯，静候您的差遣。,非力な身ですが、何なりとご命令ください。
角色关系对话2-奥尔拉,宁菲亚,Nymphaea,PVPOpeningVoice_99755_AwakerVoiceContent,我拜读了奥尔拉小姐的诗集，里面每一首诗我都很喜欢呢，有机会的话可以邀约您一起读诗吗？,オルラさんの詩集を拝見しましたが、どの詩も本当に素晴らしかったです。もしよろしければ、一緒に詩を読んでみませんか？
,奥尔拉,Horla,PVPOpeningVoice_100203_AwakerVoiceContent,当然可以！原来宁菲亚小姐也喜欢诗，不介意的话，我有很多珍藏的旧诗集可以一起分享。,もちろんです！ニムフィーアさんも詩がお好きだったんですね。よろしければ、私が大切にしている古い詩集もお見せしましょう。
角色关系对话3-莉莉,宁菲亚,Nymphaea,PVPOpeningVoice_99938_AwakerVoiceContent,我每天都在认真打理疗养院，等她回来的时候，一切都会是最好的样子……你放心。,私は毎日、療養所を丁寧に管理しています。彼女が戻ってくる頃には、きっとすべてが整っているでしょう……ですから、安心してください。
,莉莉,Lily,PVPOpeningVoice_100212_AwakerVoiceContent,莉莉，相信你。,リリー、信じてる。
角色关系对话4-珊,宁菲亚,Nymphaea,PVPOpeningVoice_99817_AwakerVoiceContent,一想到还有人也如此向往着深海，我就感到由衷的喜悦。,他にもこれほど深海に憧れている人がいると思うと、心から嬉しくなります。
,珊,Sanga,PVPOpeningVoice_99949_AwakerVoiceContent,当然，您是一位颇有品味的女士。,ええ、あなたは本当にセンスがいいわね。
思考,宁菲亚,Nymphaea,PVPOpeningVoice_99998_AwakerVoiceContent,既然是您的期望，我会尽力而为。,ご期待に沿えるよう、最善を尽くします。
催促,宁菲亚,Nymphaea,PVPOpeningVoice_100097_AwakerVoiceContent,漫长的等待，总是如此令人心焦。,待つ時間が長いと、どうしても心が落ち着きませんね。
必杀,宁菲亚,Nymphaea,PVPOpeningVoice_100089_AwakerVoiceContent,来吧，沉入大海的怀抱吧！,さあ、海の底へ沈みましょう！
错误,宁菲亚,Nymphaea,PVPOpeningVoice_99947_AwakerVoiceContent,终究还是没能避免这份不幸吗？,結局、この不運からは逃れられなかったのでしょうか？
死亡,宁菲亚,Nymphaea,PVPOpeningVoice_99944_AwakerVoiceContent,回归……沉眠……,また……眠りの中へ……
普通开场,莉莉,Lily,PVPOpeningVoice_100066_AwakerVoiceContent,是这样做吗？莉莉明白了。,こうするの？わかった。
角色关系对话1-艾继丝,莉莉,Lily,PVPOpeningVoice_100091_AwakerVoiceContent,脓疱，喜欢艾继丝。,「膿」たち、みんなアイギスが好き。
,艾继丝,Aigis,PVPOpeningVoice_100135_AwakerVoiceContent,哎？谢谢，我，我也喜欢它们……,え？ありがとう、わ、私も好きよ……
角色关系对话2-希洛,莉莉,Lily,PVPOpeningVoice_99964_AwakerVoiceContent,熟悉的气味，很好闻，莉莉很安心。,懐かしい香り……心地よくて、安心する。
,希洛,Helot,PVPOpeningVoice_100043_AwakerVoiceContent,毕竟我们是同源的双子……“姐妹”么，呵。,結局、私たちは同じ源から生まれた双子……「姉妹」か、ふん。
角色关系对话3-奥瑞塔,奥瑞塔,Aurita,PVPOpeningVoice_99894_AwakerVoiceContent,哇，你也有好多好多和奥瑞塔一样的伙伴，大家一起去大海里玩吧！,わあ、あなたもオレッタと同じで仲間がたくさんいるんだね！みんなで一緒に海へ遊びに行こうよ！
,莉莉,Lily,PVPOpeningVoice_99788_AwakerVoiceContent,脓疱，不是水母……,「膿」は、クラゲじゃない……
思考,莉莉,Lily,PVPOpeningVoice_100182_AwakerVoiceContent,莉莉，听主人的话。,ご主人の言うとおりにする。
催促,莉莉,Lily,PVPOpeningVoice_100218_AwakerVoiceContent,脓疱，越来越激动了。,「膿」も興奮してきた。
必杀,莉莉,Lily,PVPOpeningVoice_99804_AwakerVoiceContent,莉莉，会保护主人！,ご主人を守る！
错误,莉莉,Lily,PVPOpeningVoice_100209_AwakerVoiceContent,这样，不对吗？,これじゃ、ダメなの？
死亡,莉莉,Lily,PVPOpeningVoice_99770_AwakerVoiceContent,莉莉……没力气了……,リリー、もう力が出ない……
普通开场,珈伦,Karen,PVPOpeningVoice_99844_AwakerVoiceContent,您的万能女仆，随时恭候您的吩咐！,万能メイドが、いつでもご用命をお待ちしております！
角色关系对话1-索蕾尔,珈伦,Karen,PVPOpeningVoice_100189_AwakerVoiceContent,哦我尊敬的夫人，您最忠心的、勤劳的万能女仆向您致以最崇高的敬意！,おお、敬愛する奥様。奥様に、最も忠実で勤勉な万能メイドが、心よりの敬意を込めてご挨拶申し上げます！
,索蕾尔,Sorel,PVPOpeningVoice_99742_AwakerVoiceContent,能让珈伦这样勤快地干活，想必她收了你不少小费吧。,カレンがこれほど熱心に働くなんて、きっとあなたからたくさんチップを貰ったのでしょうね。
角色关系对话2-墨菲,墨菲,Murphy,PVPOpeningVoice_100003_AwakerVoiceContent,你再敢把你那黑乎乎、臭烘烘的蛋糕拿到我面前来，我就把你的脑袋打开花！,今度またその真っ黒で臭いケーキをわたくしの目の前に持ってきたら、お前の頭をかち割ってやるわ！
,珈伦,Karen,PVPOpeningVoice_99877_AwakerVoiceContent,噫——可是，珈伦明明觉得很好吃啊……,ううっ……でも、カレンは本当に美味しいと思ってるんですけど……
角色关系对话3-阿格里帕,阿格里帕,Agrippa,PVPOpeningVoice_100001_AwakerVoiceContent,你是专业的奴隶吧，去，给我把迷宫都打扫一遍！,お前はプロの下僕なのね？それなら迷宮へ行って、隅々まで掃除してきなさい！
,珈伦,Karen,PVPOpeningVoice_99824_AwakerVoiceContent,珈伦可不是能够随意指使的对象！要给钱的嘛，小姐。,カレンは好き勝手に指図できる相手ではありません！チップはいただきますからね、お嬢さん。
角色关系对话4-杜勒赛因,杜勒赛因,Doresain,PVPOpeningVoice_99773_AwakerVoiceContent,完美的仆人，只差最后一步……成为死灵。这位小姐，有兴趣加入我们的盛筵吗？,なんと素晴らしい従者でしょう。あとは死霊となるのみ……いかがです、お嬢さん。我々の宴に参加してみませんか？
,珈伦,Karen,PVPOpeningVoice_99842_AwakerVoiceContent,哈哈……珈伦、珈伦不需要太完美就好了！,はは……カ、カレンには完璧である必要なんてありません！
思考,珈伦,Karen,PVPOpeningVoice_100214_AwakerVoiceContent,如此高深的问题，让珈伦好好想想，想想……,なんて難しい問題でしょう、ちょっとカレンに考えさせてください……
催促,珈伦,Karen,PVPOpeningVoice_100191_AwakerVoiceContent,抓紧呀，珈伦还要赶回去收衣服呢！,急いでください！カレンは洗濯物を取りに行かないといけないんです！
必杀,珈伦,Karen,PVPOpeningVoice_99973_AwakerVoiceContent,请品尝吧！珈伦的特制大餐！,さあ、どうぞ！カレンの特製料理ですよ！
错误,珈伦,Karen,PVPOpeningVoice_100074_AwakerVoiceContent,啊，忘记放盐了吗？,あっ、塩を入れ忘れたかな？
死亡,珈伦,Karen,PVPOpeningVoice_99995_AwakerVoiceContent,哎呀……搞砸了……,あちゃー……やっちゃった……
普通开场,艾尔瓦,Alva,PVPOpeningVoice_100057_AwakerVoiceContent,艾尔瓦准备完成，随时出战。,準備完了、いつでも出撃可能だ。
角色关系对话2-尤乌哈希,艾尔瓦,Alva,PVPOpeningVoice_100073_AwakerVoiceContent,竟然把一个战士变成了这样的存在，这是对军人的亵渎。,一人の戦士をこのような存在に変えてしまうとは、軍人に対する冒涜だ。
,尤乌哈希,Uvhash,PVPOpeningVoice_99999_AwakerVoiceContent,无所谓，他们早就死光了。,どうでもいい。奴らはとっくに死に絶えている。
角色关系对话4-温柯尔,温柯尔,Winkle,PVPOpeningVoice_100055_AwakerVoiceContent,如果我为你研究一款自动化义肢的话，能不能请你晚上帮我看守我的光源装置……,君のために自動義肢を開発するから、その代わりに夜、私の光源装置を見張ってくれないかな……？
,艾尔瓦,Alva,PVPOpeningVoice_99959_AwakerVoiceContent,虽然不明白这个请求的意义，不过我很乐意帮你的忙。,依頼の意味がよく分かりませんが、喜んで手伝いましょう。
思考,艾尔瓦,Alva,PVPOpeningVoice_99828_AwakerVoiceContent,针对战况，要随时调整战术布局。,戦況に応じて、陣形を整えよう。
催促,艾尔瓦,Alva,PVPOpeningVoice_100035_AwakerVoiceContent,抓紧时机，战场不等人。,好機を逃すな。戦場は待ってくれないぞ。
必杀,艾尔瓦,Alva,PVPOpeningVoice_100113_AwakerVoiceContent,一击制敌！,一撃で仕留める！
错误,艾尔瓦,Alva,PVPOpeningVoice_100019_AwakerVoiceContent,看来这次的战术未能奏效。,どうやら、今回の戦術はうまくいかなかったようだな。
死亡,艾尔瓦,Alva,PVPOpeningVoice_100197_AwakerVoiceContent,失败，是战争的常事……,失敗か、戦争ではよくあることだ……
普通开场,莱克,Ryker,PVPOpeningVoice_99785_AwakerVoiceContent,名侦探的出场费，可是很贵的哦。,名探偵の出演料は、高くつくからね。
角色关系对话1-索蕾尔,莱克,Ryker,PVPOpeningVoice_99771_AwakerVoiceContent,这位尊贵的夫人，以您的财富，想必不介意和我小小地赌一场吧？,そこの高貴なご夫人、あなたほど裕福な方なら、私とささやかな賭け事で勝負をするのもやぶさかではないでしょう？
,索蕾尔,Sorel,PVPOpeningVoice_100103_AwakerVoiceContent,话虽如此，不过我不太喜欢油嘴滑舌的人呢。,そうね、でも口のお上手な方はどうにも信用できなくて。
角色关系对话2-希莱斯特,莱克,Ryker,PVPOpeningVoice_100215_AwakerVoiceContent,虽然对自己的运气很自信，不过如果能许愿的话，当然希望好运越多越好啦。,自分の運には自信があるけれど、願いが叶うなら、もちろん幸運は多ければ多いほどいいよね。
,希莱斯特,Celeste,PVPOpeningVoice_99753_AwakerVoiceContent,好模糊的愿望，不过，我会尽力为你祈祷的。,ずいぶん漠然とした願いだけど、あなたのために精一杯祈るわ。
角色关系对话3-凯刻斯,凯刻斯,Caecus,PVPOpeningVoice_100188_AwakerVoiceContent,好运么……真是个令人嫉妒的天赋。,幸運か……本当に羨ましい才能だな。
,莱克,Ryker,PVPOpeningVoice_99761_AwakerVoiceContent,哎，其实这样的人生，有时候也会略感无聊啦……,まあでも、こういう人生って時々ちょっと退屈に感じることもあるんだよね。
角色关系对话4-达芙黛尔,达芙黛尔,Daffodil,PVPOpeningVoice_99808_AwakerVoiceContent,如果好运也能作为商品，想必会很受欢迎吧……别担心，我不是那种会交易人灵魂的魔鬼。,もし幸運も商品にできたなら、きっととても人気が出るでしょうね……ご心配なく、私は人の魂を取引するような悪魔ではありませんから。
,莱克,Ryker,PVPOpeningVoice_99835_AwakerVoiceContent,您就是想买，我也不卖呀！,買いたいと言われても、売ったりはしないよ！
思考,莱克,Ryker,PVPOpeningVoice_100027_AwakerVoiceContent,蛛丝马迹，就藏在细节之中。,解決の糸口は、物事の細かい部分に隠されているんだ。
催促,莱克,Ryker,PVPOpeningVoice_100130_AwakerVoiceContent,快点快点，好手感稍纵即逝呀！,早く早く、せっかくのチャンスを逃してしまうぞ！
必杀,莱克,Ryker,PVPOpeningVoice_99905_AwakerVoiceContent,就是现在，筹码全押！,今だ、オールイン！
错误,莱克,Ryker,PVPOpeningVoice_100198_AwakerVoiceContent,唉呀唉呀！有种不好的预感！,うわっ、嫌な予感がする！
死亡,莱克,Ryker,PVPOpeningVoice_100100_AwakerVoiceContent,运气……用完了吗……,運も……尽きた、か……
普通开场,潘狄娅,Pandia,PVPOpeningVoice_99745_AwakerVoiceContent,哎呀，又有新的调教机会了吗？,あら、またお仕置きしがいのある子が来たのね？
角色关系对话1-旺达,旺达,Wanda,PVPOpeningVoice_99796_AwakerVoiceContent,那样不入流的鞭打，是在给人挠痒痒吗？,ずいぶん生ぬるい鞭打ちだね。ただくすぐっているだけじゃないか。
,潘狄娅,Pandia,PVPOpeningVoice_100193_AwakerVoiceContent,噫，实在是太冷酷、太残暴了，一点都不甜蜜！,うっ、あんたのやり方は冷酷で残忍すぎるわ！ちっとも甘くない！
角色关系对话3-雷娅,雷娅,Leigh,PVPOpeningVoice_100166_AwakerVoiceContent,啊，是潘狄娅大人！大人是来赐予我甜蜜的痛苦的吗？！,ああ、パンディア様！私に甘美な痛みを与えにきてくださったのですね！？
,潘狄娅,Pandia,PVPOpeningVoice_99830_AwakerVoiceContent,走开！走开！我最讨厌你这样纠缠不休的家伙了！,離れて！あっちへ行って！あんたみたいなしつこい奴が一番嫌いなのよ！
角色关系对话4-艾瑞卡,潘狄娅,Pandia,PVPOpeningVoice_100094_AwakerVoiceContent,机械人也会感到疼痛吗？也会臣服于我的皮鞭之下吗？,機械も痛みを感じるの？私の鞭の前にひれ伏したりするのかしら？
,艾瑞卡,Erica,PVPOpeningVoice_99853_AwakerVoiceContent,回答您的问题：不会，本机体已装配先进的防御系统，并可以与攻击系统无缝切换。,ご質問にお答えします：いいえ。当機は先進防衛システムを搭載しており、攻撃システムへのシームレスな切り替えが可能です。
思考,潘狄娅,Pandia,PVPOpeningVoice_100085_AwakerVoiceContent,让我想想，下一步该怎么调教好呢？,さて、と……次はどうやってお仕置きしようかしら？
催促,潘狄娅,Pandia,PVPOpeningVoice_100038_AwakerVoiceContent,不要让人家等那么久嘛，被放置的感觉真是很寂寞呢。,あんまり待たせないで～。放っておかれるのって、本当に寂しいんだから。
必杀,潘狄娅,Pandia,PVPOpeningVoice_99861_AwakerVoiceContent,迎接最欢愉的疼痛！,最高の痛みを受け入れて！
错误,潘狄娅,Pandia,PVPOpeningVoice_99833_AwakerVoiceContent,人家的鞭子被缠住了啦。,鞭が絡まっちゃったわ。
死亡,潘狄娅,Pandia,PVPOpeningVoice_100092_AwakerVoiceContent,真是……粗鲁的人……,もう……乱暴な人ね……
普通开场,哈姆林,Hameln,PVPOpeningVoice_99929_AwakerVoiceContent,哈姆林，为您献上我的演奏。,ハムリンです。私の演奏をあなたに捧げます。
角色关系对话1-汀克特,哈姆林,Hameln,PVPOpeningVoice_99848_AwakerVoiceContent,你的歌喉有着任何乐器都无法比拟的音色，十分完美。,あなたの歌声は、どんな楽器にも引けをとらない音色で、本当に完璧ですね。
,汀克特,Tinct,PVPOpeningVoice_99859_AwakerVoiceContent,能得到您的赞美，我很荣幸，期待我们日后有合作的机会。,お褒めいただき、光栄です。いつかご一緒できる日を楽しみにしています。
角色关系对话2-莉兹,莉兹,Liz,PVPOpeningVoice_100037_AwakerVoiceContent,好优雅的乐声，如果在跳舞时能有这样的伴奏……,なんて優雅な音色かしら。もしこの音に合わせて踊ることができたなら……
,哈姆林,Hameln,PVPOpeningVoice_100107_AwakerVoiceContent,乐意效劳，阁下的舞姿也足以与我的演奏相配。,喜んでお手伝いしましょう。あなたの舞は、わたくしの演奏に相応しい美しさを持っています。
角色关系对话3-克莱门汀,哈姆林,Hameln,PVPOpeningVoice_99886_AwakerVoiceContent,克莱门汀小姐表面看着无害，实际上与于丽埃特之流是同一类人。,クレメンタイン嬢は一見無害そうに見えますが、実のところジュリエットのような連中と同じ類の人間です。
,克莱门汀,Clementine,PVPOpeningVoice_99963_AwakerVoiceContent,哈姆林先生在演奏之外，原来也对剖析他人这么感兴趣？,ハムリンさんは演奏だけでなく、他人を分析することにも興味があったのですね？
角色关系对话4-奥尔拉,奥尔拉,Horla,PVPOpeningVoice_100004_AwakerVoiceContent,每次听到哈姆林先生的演奏，我都能涌出许许多多的灵感，或许音乐正是在灵魂维度的共振吧。,ハムリンさんの音楽を聴くたびに、たくさんのインスピレーションが湧いてきます。音楽とは、きっと魂の次元での共鳴なのでしょうね。
,哈姆林,Hameln,PVPOpeningVoice_99765_AwakerVoiceContent,艺术是相通的，我亦能从奥尔拉小姐的诗文中联想到优美的乐章。,芸術は通じ合うものです。私もオルラさんの詩から、美しい音楽の旋律を思い描くことができます。
思考,哈姆林,Hameln,PVPOpeningVoice_99847_AwakerVoiceContent,完美的演奏需要最精密的编排。,完璧な演奏には、最も緻密な構成が欠かせません。
催促,哈姆林,Hameln,PVPOpeningVoice_99962_AwakerVoiceContent,快些合入乐曲，不要耽误了演出的节奏。,早く曲に合わせなさい。演奏のリズムを乱してはいけません。
必杀,哈姆林,Hameln,PVPOpeningVoice_100169_AwakerVoiceContent,聆听这乐曲的高潮！,これが、この曲のクライマックスだ！
错误,哈姆林,Hameln,PVPOpeningVoice_99811_AwakerVoiceContent,慢了，小号进慢了！,遅い！トランペット、入りが遅れているぞ！
死亡,哈姆林,Hameln,PVPOpeningVoice_99786_AwakerVoiceContent,音符……乱了……,音が……乱れていく……
普通开场,塔薇,Tawil,PVPOpeningVoice_100187_AwakerVoiceContent,我已回应你的呼唤。,我はそなたの呼びかけに応えた。
角色关系对话3-泰旖丝,塔薇,Tawil,PVPOpeningVoice_100213_AwakerVoiceContent,果然无论见过多少次，都无法认同繁育的理念。,やはり、幾度見ようとも、繁殖の理念は理解できぬ。
,泰旖丝,Thais,PVPOpeningVoice_100025_AwakerVoiceContent,我每次看到你那无欲无求的脸，也都感到十分无趣呢。,あなたの、その欲も執着もない顔を見るたびに、本当に退屈だと感じるわ。
角色关系对话4-萨尔瓦多,塔薇,Tawil,PVPOpeningVoice_100033_AwakerVoiceContent,仅仅拥有奉献的精神，也并不能扭转命运的结局，那是无用功。,献身の精神のみでは、運命の結末を覆すことはできぬ。それは無駄な努力にすぎぬ。
,萨尔瓦多,Salvador,PVPOpeningVoice_100171_AwakerVoiceContent,若蒙父垂怜的侍奉者注定要走上荆棘之路，那就至少让我为众生流血到最后一刻吧。,父なる神の慈悲を受け、茨の道を歩む宿命ならば、せめて最期の瞬間まで衆生のために血を流しましょう。
思考,塔薇,Tawil,PVPOpeningVoice_99981_AwakerVoiceContent,如何选择，将决定命运的走向。,そなたの選択が、運命の行く末を決める。
催促,塔薇,Tawil,PVPOpeningVoice_99791_AwakerVoiceContent,犹豫与纠结，都无法改变最终的结局。,迷いも葛藤も、結末を変えることはできぬ。
必杀,塔薇,Tawil,PVPOpeningVoice_99926_AwakerVoiceContent,请见证，这真实之景——,見届けよ、この真実の光景を——
错误,塔薇,Tawil,PVPOpeningVoice_99766_AwakerVoiceContent,走向了错误的结局……,誤った結末へと至ったか……
死亡,塔薇,Tawil,PVPOpeningVoice_100048_AwakerVoiceContent,早已预见的结局……,とうに予見されていた結末だ……
普通开场,凯蒂古拉,Kathigu-Ra,PVPOpeningVoice_100059_AwakerVoiceContent,狩猎开始，尽情燃烧吧。,狩りの始まりだ、存分に燃え上がれ！
角色关系对话1-泰旖丝,凯蒂古拉,Kathigu-Ra,PVPOpeningVoice_99893_AwakerVoiceContent,这次你会有多少子嗣燃烧殆尽呢？放心，我会尽量控制住，给你留一些孤苗。,今回はお前の子孫がどれだけ燃え尽きるんだろうな？安心しろ。手加減はするさ。少しくらいは苗木を残しておいてやるよ。
,泰旖丝,Thais,PVPOpeningVoice_100133_AwakerVoiceContent,呵呵，那就要看你打算熄灭多少家人了。,ふふ、私があなたの「家族」をどれほど消すことになるのか、見ものね。
角色关系对话2-拉蒙娜,凯蒂古拉,Kathigu-Ra,PVPOpeningVoice_99856_AwakerVoiceContent,小家伙的搭档？来让我看看你是否有这个资格吧。,小僧の相棒か？なら、お前にその資格があるか、確かめてやろう。
,拉蒙娜,Ramona,PVPOpeningVoice_100088_AwakerVoiceContent,不劳您费心，我自会保护守密人直到最后一秒。,心配無用よ。私は最後まで守秘者を守り抜くわ。
角色关系对话4-图鲁,凯蒂古拉,Kathigu-Ra,PVPOpeningVoice_100106_AwakerVoiceContent,我本来以为我会跟你相处不来，没想到「水」「火」居然意外的相容。,お前とは気が合わないと思っていたが、まさか「火」と「水」で、こうもうまくやれるとはな。
,图鲁,Tulu,PVPOpeningVoice_99996_AwakerVoiceContent,无聊……既然不喜，就不要来打扰余休息……,くだらぬ……気に入らぬなら、余の眠りを妨げるでない……
思考,凯蒂古拉,Kathigu-Ra,PVPOpeningVoice_99931_AwakerVoiceContent,成功的作战离不开周密的计划。,作戦を成功させるには、綿密な計画が必要だな。
催促,凯蒂古拉,Kathigu-Ra,PVPOpeningVoice_99912_AwakerVoiceContent,过度的谨慎反而会延误战机，大胆去做吧。,過度な慎重さは、かえって好機を逃すことになるぜ。大胆にやれ。
必杀,凯蒂古拉,Kathigu-Ra,PVPOpeningVoice_99768_AwakerVoiceContent,聆听吧！世界融化的哀嚎！,聞け！炎に溶ける世界の悲鳴を！
错误,凯蒂古拉,Kathigu-Ra,PVPOpeningVoice_99985_AwakerVoiceContent,计划出现偏差了，思考如何补救吧。,計画が狂ったか。どう立て直すか考えるんだ。
死亡,凯蒂古拉,Kathigu-Ra,PVPOpeningVoice_100068_AwakerVoiceContent,火焰……熄灭了么……,炎が……消えちまったのか……？
普通开场,奥瑞塔,Aurita,PVPOpeningVoice_100099_AwakerVoiceContent,伙伴伙伴，好多的伙伴！一起来玩吧！,仲間仲間、仲間がたくさん！一緒に遊ぼう！
角色关系对话1-泰旖丝,泰旖丝,Thais,PVPOpeningVoice_99901_AwakerVoiceContent,这样的存在也算是繁衍的一种，真是可爱呢……,これも一種の繁殖と言えるわね。本当に可愛らしいわ……
,奥瑞塔,Aurita,PVPOpeningVoice_99875_AwakerVoiceContent,繁衍？什么是繁衍，奥瑞塔喜欢繁衍很多很多的伙伴！,繁殖？繁殖って、なあに？オレッタは仲間をいっぱい、いーっぱい増やすの、大好き！
角色关系对话3-法洛斯,奥瑞塔,Aurita,PVPOpeningVoice_100000_AwakerVoiceContent,你说的故国，也叫亚什么特斯吗？那里也有很多伙伴吗？,あなたの言う祖国の、アトなんとかっていうところにも、仲間がたくさんいるのかな？
,法洛斯,Faros,PVPOpeningVoice_99818_AwakerVoiceContent,呵呵，是的，故国之中必定遍布你的伙伴，请满怀期待地前来吧……,ふふ、ええ、その通り。祖国にはきっとあなたの仲間がたくさんいますよ。ぜひ一緒に……
角色关系对话4-阿格里帕,奥瑞塔,Aurita,PVPOpeningVoice_99930_AwakerVoiceContent,哇，你的伙伴好像比奥瑞塔还要多！好厉害！,わあ、あなたの仲間はオレッタよりも多いみたい！すごーい！
,阿格里帕,Agrippa,PVPOpeningVoice_100022_AwakerVoiceContent,哼，子嗣可不是什么伙伴，那都是匍匐于伟大迷宫之主脚下的奴隶！,ふん、子孫は仲間じゃないわ。そいつらは皆、偉大なる迷宮の主の足元にひれ伏す奴隷よ！
思考,奥瑞塔,Aurita,PVPOpeningVoice_100159_AwakerVoiceContent,哎……嗯……伙伴们一起来想想吧！,うーん……そうだ、みんなで一緒に考えよう！
催促,奥瑞塔,Aurita,PVPOpeningVoice_100124_AwakerVoiceContent,快点快点，快来和奥瑞塔一起玩！,早く早く！オレッタと一緒に遊ぼうよ！
必杀,奥瑞塔,Aurita,PVPOpeningVoice_99872_AwakerVoiceContent,伙伴们一起上！,みんな、やっちゃえ！
错误,奥瑞塔,Aurita,PVPOpeningVoice_99779_AwakerVoiceContent,哎呀，有伙伴脱水了！,わあっ！仲間がカラカラになってるよ！
死亡,奥瑞塔,Aurita,PVPOpeningVoice_99966_AwakerVoiceContent,有点……玩累了……,ちょっと……疲れちゃった……
普通开场,图鲁,Tulu,PVPOpeningVoice_99942_AwakerVoiceContent,无聊的战斗，也用得上余出场吗。,こんなつまらぬ戦いに、余の出番は本当に必要なのか？
角色关系对话1-弥利亚姆,弥利亚姆,Miryam,PVPOpeningVoice_99793_AwakerVoiceContent,怎敢与您兵刃相向？对吾主不敬的，都该……,どうしてあなたと刃を交えられましょうか？我が主に不敬を働く者は、皆……
,图鲁,Tulu,PVPOpeningVoice_100168_AwakerVoiceContent,余已经说了很多次了，无谓的祷告只是叨扰梦境的聒噪罢了……,何度も申したであろう。無意味な祈りは、ただ夢の静寂を乱す騒音に過ぎぬ……
角色关系对话2-萨尔瓦多,图鲁,Tulu,PVPOpeningVoice_99895_AwakerVoiceContent,信仰么，能始终坚定相信着神，或许也是一种幸福。,信仰、か。神を常に揺るぎなく信じ続けられることも、また幸福のひとつであろうな。
,萨尔瓦多,Salvador,PVPOpeningVoice_99932_AwakerVoiceContent,那被我们称之为信的，本身就是一种力量，一种从内生发的、能够让人幸福的力量，阁下。,我らが「信仰」と称するものは、それ自体が力であり、内から湧きあがり、人を幸福へと導く力なのです、若き王よ。
角色关系对话3-克莱门汀,克莱门汀,Clementine,PVPOpeningVoice_99890_AwakerVoiceContent,这样疲惫的孩子，好像很需要一场心理治疗呢。,こんなにも疲れているあなたには、少しカウンセリングが必要なようですね。
,图鲁,Tulu,PVPOpeningVoice_99965_AwakerVoiceContent,想要窥探余的梦境吗？你应知晓，对未知过于贪婪的人总会招致狂妄的反噬。,余の夢を覗き見たいと？肝に銘じておくがいい。未知への貪欲が過ぎれば、必ずやその傲慢の報いを受けることになろう。
角色关系对话4-法洛斯,图鲁,Tulu,PVPOpeningVoice_99823_AwakerVoiceContent,没想到，利莫里亚还有留存在外的子民……,まさか、リモリアの民が外の世界に今なお生き残っておるとは……
,法洛斯,Faros,PVPOpeningVoice_99868_AwakerVoiceContent,伟大的吾主！在您身边，我又看到了故国的光辉……,偉大なる我が主よ！あなたの御側にて、再び祖国の輝きを目にいたしました……
思考,图鲁,Tulu,PVPOpeningVoice_99748_AwakerVoiceContent,略感耗神……,少しばかり気力が削がれたな……
催促,图鲁,Tulu,PVPOpeningVoice_99826_AwakerVoiceContent,莫要耽误余的休息。,余の休息を妨げるでない。
必杀,图鲁,Tulu,PVPOpeningVoice_99978_AwakerVoiceContent,群星庇佑！,星々の加護を！
错误,图鲁,Tulu,PVPOpeningVoice_99846_AwakerVoiceContent,啧，晃神了……,ちっ、気が散ったか……
死亡,图鲁,Tulu,PVPOpeningVoice_99975_AwakerVoiceContent,扰余清梦……,余の眠りを妨げるとは……
普通开场,墨菲,Murphy,PVPOpeningVoice_99993_AwakerVoiceContent,本小姐登场，还不快快奉上小蛋糕！,わたくしが来たんだから、ケーキのひとつくらい用意なさい！
角色关系对话2-杜勒赛因,杜勒赛因,Doresain,PVPOpeningVoice_100065_AwakerVoiceContent,这位小姐，我不禁要夸赞你身上那奇异而芬芳的，来自海洋的香味……,あなたから漂う、深海の独特で芳醇なアロマ……実に魅惑的と言わざるを得ませんね。
,墨菲,Murphy,PVPOpeningVoice_99943_AwakerVoiceContent,真没礼貌！把你那看小蛋糕一样的眼神从本小姐身上挪开！,失礼ね！そのケーキでも見るような目でわたくしを見ないで！
角色关系对话3-戈利亚,戈利亚,Goliath,PVPOpeningVoice_100101_AwakerVoiceContent,只吃那些黏糊糊的甜食太没营养了，怎么长出健壮的肌肉来？要多吃肉！,あんなベタベタした甘いもんばかり食ってたら、栄養偏るだろ。そんなんでどうやって筋肉つけるんだ？もっと肉を食え！
,墨菲,Murphy,PVPOpeningVoice_99780_AwakerVoiceContent,烦死了，少管我！,うるさいわね、放っといてよ！
角色关系对话4-弥利亚姆,弥利亚姆,Miryam,PVPOpeningVoice_99760_AwakerVoiceContent,我所做的一切不求你的原谅，如今只希望能稍作补偿……,これまでのわたくしの行いを、許してもらおうとは思っていません。今はただ、せめて少しでも償いができればと……
,墨菲,Murphy,PVPOpeningVoice_99919_AwakerVoiceContent,等一切结束之后，才来展现所谓“母亲”的关爱吗？不好意思，我已经不需要了！,全てが終わってから、今さら「母親」らしい愛情を見せるつもり？悪いけど、もう必要ないわ！
思考,墨菲,Murphy,PVPOpeningVoice_100131_AwakerVoiceContent,真是麻烦……本小姐才没有认输啊！,むっ……まだ負けを認めたわけじゃないわ！
催促,墨菲,Murphy,PVPOpeningVoice_99971_AwakerVoiceContent,怎么样，战胜不了本小姐吗？这不是理所当然的嘛。,わたくしに勝てない？当然でしょ！
必杀,墨菲,Murphy,PVPOpeningVoice_100083_AwakerVoiceContent,哈！尝尝本小姐的厉害！,わたくしのすごさを思い知りなさい！
错误,墨菲,Murphy,PVPOpeningVoice_100006_AwakerVoiceContent,咦？蛋糕都打翻了啊！,ちょっと！ケーキがひっくり返っちゃったじゃない！
死亡,墨菲,Murphy,PVPOpeningVoice_99956_AwakerVoiceContent,本小姐记住了，你给我等着……,覚えておくわ。後で見てなさい……
普通开场,戈利亚,Goliath,PVPOpeningVoice_99879_AwakerVoiceContent,准备面对巨人的力量吧！,巨人の力に歯向かう覚悟はできたか？
角色关系对话3-弥利亚姆,戈利亚,Goliath,PVPOpeningVoice_100164_AwakerVoiceContent,只要主祭大人开口，我立刻为您少用八成力气。,祭司様がお望みとあれば、少しは手加減するぜ。
,弥利亚姆,Miryam,PVPOpeningVoice_100137_AwakerVoiceContent,少油嘴滑舌，做好你的事，非利士人。,その口を閉じて、すべきことをしなさい、ペリシテ人。
角色关系对话4-凯刻斯,凯刻斯,Caecus,PVPOpeningVoice_99990_AwakerVoiceContent,只要勤加锻炼，就能像戈利亚大人一样越来越强吗？,頑張って鍛えれば、ゴリアテ様のように強くなれるのでしょうか？
,戈利亚,Goliath,PVPOpeningVoice_100072_AwakerVoiceContent,当然不能，小子，很遗憾，力量这东西有时候就是天生决定的。,もちろん無理だな、坊主。残念だが、力ってのは生まれつき決まってるもんだ。
思考,戈利亚,Goliath,PVPOpeningVoice_100200_AwakerVoiceContent,全部打倒就好了吧？,全部倒せばいいんだろ？
催促,戈利亚,Goliath,PVPOpeningVoice_100163_AwakerVoiceContent,不要挑战我的耐性。,あまり俺を怒らせるなよ。
必杀,戈利亚,Goliath,PVPOpeningVoice_99827_AwakerVoiceContent,这就是能够征服世界的力量！,これが、世界を制する力だ！
错误,戈利亚,Goliath,PVPOpeningVoice_99759_AwakerVoiceContent,啧，打歪了吗……,ちっ、外したか……
死亡,戈利亚,Goliath,PVPOpeningVoice_99758_AwakerVoiceContent,失败，只会是暂时的……,失敗なんて、一時的なもんだ……
普通开场,弥利亚姆,Miryam,PVPOpeningVoice_99849_AwakerVoiceContent,我所做的一切只为宣扬祂的荣光。,わたくしの行いはすべて、主の栄光を讃えるためにあるのです。
角色关系对话4-法洛斯,弥利亚姆,Miryam,PVPOpeningVoice_99800_AwakerVoiceContent,只要心怀对吾主的虔诚，王就会引领我们前往安宁的未来。,我が主への敬虔な心さえあれば、王は我らを安寧なる未来へと導いてくださるでしょう。
,法洛斯,Faros,PVPOpeningVoice_100087_AwakerVoiceContent,谨遵您的教诲，主祭大人。,謹んでその教えに従います、祭司様。
思考,弥利亚姆,Miryam,PVPOpeningVoice_99839_AwakerVoiceContent,要将吾主的威仪散播四方……,我が主の威光を、遍く知らしめなければ……
催促,弥利亚姆,Miryam,PVPOpeningVoice_99864_AwakerVoiceContent,不可怠慢。,怠惰は許されません。
必杀,弥利亚姆,Miryam,PVPOpeningVoice_99837_AwakerVoiceContent,我将替吾主代行惩戒！,我が主に代わり、わたくしが懲罰を下します！
错误,弥利亚姆,Miryam,PVPOpeningVoice_100128_AwakerVoiceContent,为什么，我的祈祷没有错，没有错！,なぜです……わたくしの祈りは間違っていない、間違ってなどいません！
死亡,弥利亚姆,Miryam,PVPOpeningVoice_99972_AwakerVoiceContent,此微薄之身，还是太渺小了吗……,この非力な身では、やはり無力なのでしょうか……
普通开场,法洛斯,Faros,PVPOpeningVoice_99946_AwakerVoiceContent,我的光芒会照亮通往故国的道路。,わたくしの光が、祖国へと続く道を照らすでしょう。
角色关系对话4-珊,珊,Sanga,PVPOpeningVoice_100181_AwakerVoiceContent,您的面容如此瑰丽而奇异，能否让我将这样的美凝固于永恒的塑像之中呢？,あなたの顔立ちは本当に美しく、不思議な魅力があるわ。この美を永遠の彫像に刻ませてもらえないかしら？
,法洛斯,Faros,PVPOpeningVoice_99751_AwakerVoiceContent,哦当然，或许您愿意与我一起出海采风吗？艺术家小姐。,ええ、もちろんです。よろしければ、わたくしと一緒に海へ閃きをもとめる旅に出てみませんか、芸術家さん？
思考,法洛斯,Faros,PVPOpeningVoice_100121_AwakerVoiceContent,故国的门扉究竟在何方……,祖国に通じる門は、いったいどこにあるのでしょう……
催促,法洛斯,Faros,PVPOpeningVoice_99925_AwakerVoiceContent,快些，快些回应故国的召唤吧！,早く、早く祖国の呼び声に応えなければ！
必杀,法洛斯,Faros,PVPOpeningVoice_99885_AwakerVoiceContent,感受故国的伟岸！,祖国の偉大さを感じるがいい！
错误,法洛斯,Faros,PVPOpeningVoice_100013_AwakerVoiceContent,不，没有回应，故国抛弃了我……,何の応えもない……祖国はわたくしを見捨てたのね……
死亡,法洛斯,Faros,PVPOpeningVoice_100119_AwakerVoiceContent,归……乡……,祖国へ……帰……
普通开场,珊,Sanga,PVPOpeningVoice_100030_AwakerVoiceContent,哎呀哎呀，都是很好的雕刻素材呢……,ああ、どれも素晴らしい彫刻の素材ね……
角色关系对话2-莉兹,珊,Sanga,PVPOpeningVoice_99952_AwakerVoiceContent,如此美丽、纤细而脆弱的身姿，与卡拉拉大理石的色泽多么相配……,なんて美しく、繊細で儚い姿なのかしら。カララ大理石の色合いにとてもよく似合うわ……
,莉兹,Liz,PVPOpeningVoice_99802_AwakerVoiceContent,承蒙夸赞，您是想……邀请我作雕塑的模特吗？,光栄だわ。もしかして……私を彫刻のモデルにしてくださるの？
角色关系对话4-克珀珊特,珊,Sanga,PVPOpeningVoice_100153_AwakerVoiceContent,直面闪电的领航者，多么令人感动的雕塑主题。,稲妻に立ち向かう航法士、なんとも感動的な彫刻のテーマね。
,克珀珊特,Corposant,PVPOpeningVoice_99876_AwakerVoiceContent,谢谢，这是要在哪个公园建一座城市雕像吗？,ありがとうございます。これはどこかの公園に都市のモニュメントを建てる計画なのでしょうか？
思考,珊,Sanga,PVPOpeningVoice_99774_AwakerVoiceContent,灵感出现，亦需要细细打磨……,インスピレーションが沸いたら、丁寧に磨き上げないと……
催促,珊,Sanga,PVPOpeningVoice_99863_AwakerVoiceContent,浪费灵感的每一分钟，都是对艺术的不尊重。,インスピレーションを無駄にする時間はすべて、芸術への冒涜よ。
必杀,珊,Sanga,PVPOpeningVoice_100020_AwakerVoiceContent,欣赏吧，这至美之物！,堪能しなさい、この至高の美を！
错误,珊,Sanga,PVPOpeningVoice_100144_AwakerVoiceContent,平庸的失败之作，没有存在的必要。,平凡な失敗作に、存在する価値はないわ。
死亡,珊,Sanga,PVPOpeningVoice_99762_AwakerVoiceContent,献身于美……,すべては美のために……
普通开场,凯刻斯,Caecus,PVPOpeningVoice_100078_AwakerVoiceContent,我会保护你的，以我的血脉起誓。,お前を守ってやる。この血脈に誓ってな。
角色关系对话2-希莱斯特,凯刻斯,Caecus,PVPOpeningVoice_100029_AwakerVoiceContent,真的什么愿望都能实现吗？算了，这样的捷径想想也不符合成为强者的规律。,本当にどんな願いでも叶うのか？……いや、止めておこう。考えてみれば、そんな近道は強者の道理に反する。
,希莱斯特,Celeste,PVPOpeningVoice_100117_AwakerVoiceContent,所以……你还没有说你的愿望是什么？,ええと……あなたの願いは何か、まだ聞いていなかったよね？
角色关系对话4-希洛,希洛,Helot,PVPOpeningVoice_100138_AwakerVoiceContent,如何变强？一颗全心全意战斗的心。,どうすれば強くなれるかって？必要なのは、全身全霊で戦う心よ。
,凯刻斯,Caecus,PVPOpeningVoice_99790_AwakerVoiceContent,全心全意……看来我还是杂念太多了。,全身全霊か……やっぱり、僕にはまだ雑念が多いようだな。
思考,凯刻斯,Caecus,PVPOpeningVoice_99831_AwakerVoiceContent,这样的难题也是历练的一种……,このような難題も、試練の一種というわけか……
催促,凯刻斯,Caecus,PVPOpeningVoice_100147_AwakerVoiceContent,尽管出手吧，反正最终的胜利会由我带来！,さあ、かかってこい。どうせ最後には僕が勝つんだからな！
必杀,凯刻斯,Caecus,PVPOpeningVoice_99819_AwakerVoiceContent,我会让小瞧我的人付出代价！,僕を侮った報いを受けろ！
错误,凯刻斯,Caecus,PVPOpeningVoice_100129_AwakerVoiceContent,可恶，为什么，血脉还是没有变化……,くそっ、どうして血脈の力が目覚めないんだ……
死亡,凯刻斯,Caecus,PVPOpeningVoice_99832_AwakerVoiceContent,潮水的声音……,潮の……音が……
普通开场,希莱斯特,Celeste,PVPOpeningVoice_99741_AwakerVoiceContent,启航吧，我已为你祈祷。,出航しよう、祈りはもう済ませたわ。
角色关系对话3-克珀珊特,克珀珊特,Corposant,PVPOpeningVoice_100058_AwakerVoiceContent,护佑归航，真是伟大而美好的愿望啊……,帰航の無事を願うとは、なんと壮大で美しい祈りでしょうか……
,希莱斯特,Celeste,PVPOpeningVoice_100190_AwakerVoiceContent,你也是远航的人吗？那么，我也会为你祈祷的。,あなたも遠い船旅に出るの？なら、私もあなたの無事を祈るわ。
思考,希莱斯特,Celeste,PVPOpeningVoice_100174_AwakerVoiceContent,如果这是你的愿望，我会尽力。,それがあなたの願いなら、私は全力を尽くすわ。
催促,希莱斯特,Celeste,PVPOpeningVoice_99986_AwakerVoiceContent,要尽快实现啊……,願いが早く叶いますように……
必杀,希莱斯特,Celeste,PVPOpeningVoice_100201_AwakerVoiceContent,扬起风帆！,帆を上げて！
错误,希莱斯特,Celeste,PVPOpeningVoice_99922_AwakerVoiceContent,不是这样的愿望？我，理解错了吗……,こういう願いではなかったの？私が聞き間違えたのかな……
死亡,希莱斯特,Celeste,PVPOpeningVoice_100173_AwakerVoiceContent,船……还是沉没了……,船は……沈んでしまったのね……
普通开场,克珀珊特,Corposant,PVPOpeningVoice_99904_AwakerVoiceContent,我将以炬火照亮前路！,私が灯火で進むべき道を照らします！
角色关系对话2-奥尔拉,奥尔拉,Horla,PVPOpeningVoice_100008_AwakerVoiceContent,直面闪电的引航者，多么勇敢，第一次听到你的故事时我甚至为此流下眼泪。,稲妻に立ち向かう航法士とは、なんと勇敢なのでしょう。あなたの物語を初めて伺った時、わたくしは思わず涙をこぼしました。
,克珀珊特,Corposant,PVPOpeningVoice_100183_AwakerVoiceContent,感谢你的赞美，但不必为我的命运惋惜，我以此为荣，多愁善感的小姐。,お褒めいただきありがとうございます。ですが、私の運命を憐れむ必要はありません。私はこれを誇りに思っていますから。
思考,克珀珊特,Corposant,PVPOpeningVoice_99858_AwakerVoiceContent,接下来，船舵应该左打10度还是15度呢……,次に、舵は左に10度切るべきか、それとも15度か……
催促,克珀珊特,Corposant,PVPOpeningVoice_100216_AwakerVoiceContent,该扬起风帆了。,帆を上げる時です。
必杀,克珀珊特,Corposant,PVPOpeningVoice_99752_AwakerVoiceContent,我的船队永远不会沉没！,我が船は、決して沈まない！
错误,克珀珊特,Corposant,PVPOpeningVoice_99871_AwakerVoiceContent,船头的方向偏了……,船首の向きがずれましたか……
死亡,克珀珊特,Corposant,PVPOpeningVoice_100175_AwakerVoiceContent,青蓝的闪光，熄灭了……,蒼き閃光が、消えてしまった……
普通开场,艾继丝,Aigis,PVPOpeningVoice_100084_AwakerVoiceContent,艾……艾继丝会努力的！,あ……アイギス、頑張ります！
角色关系对话1-詹金,詹金,Jenkin,PVPOpeningVoice_100157_AwakerVoiceContent,抬起头来，艾继丝！让大家看看你的厉害！,顔を上げろ、アイギス！みんなにあんたの力を見せてやれ！
,艾继丝,Aigis,PVPOpeningVoice_99915_AwakerVoiceContent,呀，你，你小点声呀！,ちょ、ちょっと、ジェンキン！声が大きいわ！
思考,艾继丝,Aigis,PVPOpeningVoice_99920_AwakerVoiceContent,这个……莎拉小姐没有教过……,えっと……これはサラさんにも教わっていません……
催促,艾继丝,Aigis,PVPOpeningVoice_99997_AwakerVoiceContent,请继续吧！艾继丝能坚持住！,続けてください！アイギスはまだ頑張れます！
必杀,艾继丝,Aigis,PVPOpeningVoice_99795_AwakerVoiceContent,都停在那里！,止まってください！
错误,艾继丝,Aigis,PVPOpeningVoice_100026_AwakerVoiceContent,啊，艾继丝又给大家添麻烦了吗……,あ、アイギスは、また皆さんに迷惑をかけてしまったのでしょうか……
死亡,艾继丝,Aigis,PVPOpeningVoice_100148_AwakerVoiceContent,对不起……,ごめんなさい……
普通开场,泰旖丝,Thais,PVPOpeningVoice_99887_AwakerVoiceContent,哎呀，你又在邀请我了吗？,あら、また私を誘っているの？
角色关系对话3-萨尔瓦多,泰旖丝,Thais,PVPOpeningVoice_100017_AwakerVoiceContent,居然有神明要求信徒抛却所有欲望，真是无趣的信仰啊。,神が信徒にあらゆる欲を捨てよと要求するなんて、なんて退屈な信仰かしら。
,萨尔瓦多,Salvador,PVPOpeningVoice_100152_AwakerVoiceContent,我并非没有欲望，女士，我渴求着抹去尘世所有的苦痛，我期盼着众生皆能分得圣杯中满是福祉的甘露。,私とて、欲望がないわけではありません。この世のすべての苦しみを拭い去りたいと渇望し、衆生が幸福に満ちた聖杯の甘露を分かち合えることを願っているのです。
角色关系对话4-奥瑞塔,泰旖丝,Thais,PVPOpeningVoice_99901_AwakerVoiceContent,这样的存在也算是繁衍的一种，真是可爱呢。,これも一種の繁殖と言えるわね。本当に可愛らしいわ……
,奥瑞塔,Aurita,PVPOpeningVoice_99875_AwakerVoiceContent,繁衍？什么是繁衍，奥瑞塔喜欢繁衍很多很多的伙伴！,繁殖？繁殖って、なあに？オレッタは仲間をいっぱい、いーっぱい増やすの、大好き！
思考,泰旖丝,Thais,PVPOpeningVoice_99979_AwakerVoiceContent,真是令人纠结的选择，虽然我很想全都要呢……,なんて悩ましい選択かしら。本当は全部欲しいくらいなのに……
催促,泰旖丝,Thais,PVPOpeningVoice_99806_AwakerVoiceContent,快些靠近我吧，我已经等不及了~,早く私の元へいらっしゃい、もう待ちきれないわ～
必杀,泰旖丝,Thais,PVPOpeningVoice_100069_AwakerVoiceContent,饮下母树甘美的汁液吧！,母樹の甘美な樹液を味わいなさい！
错误,泰旖丝,Thais,PVPOpeningVoice_99967_AwakerVoiceContent,哎呀，好像有些玩过头了……,あら、ちょっとはしゃぎすぎたかしら……
死亡,泰旖丝,Thais,PVPOpeningVoice_99777_AwakerVoiceContent,尚未……播种……,まだ……種が……
普通开场,萨尔瓦多,Salvador,PVPOpeningVoice_99976_AwakerVoiceContent,我将听从你的指引，苍白的使者。,私はあなたの導きに従います、白き御使いよ。
角色关系对话4-杜勒赛因,杜勒赛因,Doresain,PVPOpeningVoice_100009_AwakerVoiceContent,嗯……赞美生命的信仰，一如既往的没有什么新意又无聊啊。,ふむ……生命を讃える信仰ですか。相変わらず目新しさがなく、退屈ですね。
,萨尔瓦多,Salvador,PVPOpeningVoice_99757_AwakerVoiceContent,听说您为死去的亡者赐予了归宿与意义，这也不失为对生命的一种救赎。,あなたが亡者に安らぎと意義を与えていると聞きました。それもまた、生命に対する一種の救済と言えるでしょう。
思考,萨尔瓦多,Salvador,PVPOpeningVoice_99902_AwakerVoiceContent,一切救赎的旨意早已记于父的圣言之中……,すべての救済の御心は、すでに父なる神の御言葉に記されています……
催促,萨尔瓦多,Salvador,PVPOpeningVoice_100102_AwakerVoiceContent,不必忧心，仁慈的父终会消解苦难。,憂うことはありません。慈悲深き父なる神が必ずや苦難を取り除いてくださるでしょう。
必杀,萨尔瓦多,Salvador,PVPOpeningVoice_99921_AwakerVoiceContent,聆听父神的教诲吧！,父なる神の御言葉に耳を傾けよ！
错误,萨尔瓦多,Salvador,PVPOpeningVoice_99923_AwakerVoiceContent,这或许是不必要的争斗……,これは、きっと不要な争いなのでしょう……
死亡,萨尔瓦多,Salvador,PVPOpeningVoice_100042_AwakerVoiceContent,父神在呼唤我……,父なる神が、私を呼んでいます……
普通开场,索蕾尔,Sorel,PVPOpeningVoice_100108_AwakerVoiceContent,为了你，我可是盛装出席而来。,あなたのために、特別に正装してまいりました。
角色关系对话3-达芙黛尔,索蕾尔,Sorel,PVPOpeningVoice_99829_AwakerVoiceContent,真应该让伦蒂尼恩的贵族们来您的店里看看，像这样有多少财富也买不了的宝物，才是货真价实的奢侈品啊。,本当に、ロンディニウムの貴族たちにも、ぜひあなたのお店をご覧いただきたいものですね。このように、どれほど富を積んでも手に入れることができない宝物こそ、真の贅沢品と呼べるのですから。
,达芙黛尔,Daffodil,PVPOpeningVoice_100015_AwakerVoiceContent,过奖了，小店只是公平交易而已，要是来了太多只看不买的客人，我也是会头疼的呢。,褒めすぎですわ。当店は、ただ公正な取引をしているだけです。もっとも、見るだけで買わないお客様がたくさんいらしても、それはそれで頭が痛いことではありますが。
角色关系对话4-旺达,索蕾尔,Sorel,PVPOpeningVoice_99813_AwakerVoiceContent,恕我直言，您对权力的态度有些过于粗暴了，若只靠暴力与恐惧筑起宝座，那宝座也总有一天会因恐惧滋生的愤怒而坍塌。,失礼ながら、あなたの権力に対する考え方は少々乱暴過ぎます。暴力と恐怖のみで玉座を築いたとしても、いずれその恐怖から生まれた怒りによって崩れ落ちるでしょう。
,旺达,Wanda,PVPOpeningVoice_100222_AwakerVoiceContent,那又如何？羔羊之间有怎样的法则，我不在乎，也不必遵守。,それがどうしたというんだい？子羊同士の掟など、あたしには関係ないし、従う必要もないね。
思考,索蕾尔,Sorel,PVPOpeningVoice_100044_AwakerVoiceContent,让各方宾客全部满意，才是沙龙主人的能力所在。,すべてのゲストを満足させてこそ、ホストとしての力量が示されるのです。
催促,索蕾尔,Sorel,PVPOpeningVoice_100202_AwakerVoiceContent,请继续宴会吧，还是说，我有哪里招待不周吗？,どうぞ宴を続けてください。それとも、わたくしに何か不手際でもありましたか？
必杀,索蕾尔,Sorel,PVPOpeningVoice_100054_AwakerVoiceContent,亲吻这红色的裙摆！,跪き、深紅のドレスの裾に口づけなさい！
错误,索蕾尔,Sorel,PVPOpeningVoice_99836_AwakerVoiceContent,衣服不小心弄脏了，这可不够优雅。,うっかり服を汚してしまうとは、優雅さに欠けますね。
死亡,索蕾尔,Sorel,PVPOpeningVoice_99898_AwakerVoiceContent,如此不留情面，我可是好好记住了……,その非常な仕打ち……しっかり覚えておきます……
普通开场,希洛,Helot,PVPOpeningVoice_99807_AwakerVoiceContent,战士的剑，现在供你驱使。,戦士の剣、これよりお前のために振るおう。
角色关系对话2-血链·希洛,血链·希洛,Helot: Catena,PVPOpeningVoice_99935_AwakerVoiceContent,天真、软弱、无能，你，赢不了我！,無知で弱く、無能なお前が、私に勝てるものか！
,希洛,Helot,PVPOpeningVoice_100032_AwakerVoiceContent,那就来试试！,だったら、試してみればいい！
角色关系对话4-尤乌哈希,希洛,Helot,PVPOpeningVoice_100143_AwakerVoiceContent,你，为什么会甘愿成为供人驱使的奴隶？,お前は、なぜ人に使われるだけの奴隷に甘んじている？
,尤乌哈希,Uvhash,PVPOpeningVoice_99982_AwakerVoiceContent,喝谁的血都一样，况且……我可以随时扭断他们的脖子？,誰の血を吸おうと同じことだ。それに……奴らの首など、いつでもへし折ってやれるだろ？
思考,希洛,Helot,PVPOpeningVoice_100204_AwakerVoiceContent,我的剑应斩向何处，才能暂消胸中焚烧的火焰……,この剣はどこへ向ければ、胸を焼く炎を一時でも鎮めることができるのか……
催促,希洛,Helot,PVPOpeningVoice_99974_AwakerVoiceContent,复仇之剑，不应犹豫。,復讐の剣に躊躇は無用よ。
必杀,希洛,Helot,PVPOpeningVoice_100178_AwakerVoiceContent,品尝我的怒火吧！,我が怒りを味わえ！
错误,希洛,Helot,PVPOpeningVoice_99977_AwakerVoiceContent,打偏了……我的力量还不够吗……,外した……私の力はまだ足りないのか……
死亡,希洛,Helot,PVPOpeningVoice_99907_AwakerVoiceContent,复仇之火不会熄灭……,復讐の炎は、決して消えはしない……
普通开场,血链·希洛,Helot: Catena,PVPOpeningVoice_100142_AwakerVoiceContent,我来了，准备看到一地废墟吧。,私が来たからには、辺り一帯が瓦礫の山と化す覚悟をしておけ。
角色关系对话3-雷娅,血链·希洛,Helot: Catena,PVPOpeningVoice_100047_AwakerVoiceContent,怎么会有这样纠缠不休又砸不烂的东西？真是恶心……,こんなにもしつこくて、叩き潰しても壊れない奴がいるのか……本当に気持ち悪い。
,雷娅,Leigh,PVPOpeningVoice_100184_AwakerVoiceContent,太棒了，这种级别的痛苦真是太棒了！感谢你的馈赠，好心人！,ああ、たまらない……これほどの痛み、最高よ！素敵な贈り物をありがとう、親切な人！
角色关系对话4-克莱门汀,血链·希洛,Helot: Catena,PVPOpeningVoice_100151_AwakerVoiceContent,我讨厌你的嘴脸，你那副温柔的样子和当初我的养母一样虚伪。,私はお前の顔が嫌いだ。その優しいふりをする様子は、かつての私の義母と同じくらい偽善的だ。
,克莱门汀,Clementine,PVPOpeningVoice_100045_AwakerVoiceContent,看来你经历过很严重的创伤呢，或许都讲出来你会好受一些？,どうやら、あなたは相当つらい経験をされてきたようですね。全部話せば、少しは楽になるかもしれませんよ？
思考,血链·希洛,Helot: Catena,PVPOpeningVoice_100207_AwakerVoiceContent,要扭断脖子，还是捅穿心脏呢……,首をへし折るか、それとも心臓を貫くか……
催促,血链·希洛,Helot: Catena,PVPOpeningVoice_99822_AwakerVoiceContent,我已经迫不及待将你的鲜血涂在我的链条上了……,早くお前の血で私の鎖を染めたくて、待ちきれないな……
必杀,血链·希洛,Helot: Catena,PVPOpeningVoice_99792_AwakerVoiceContent,求饶也没用，在见到我的一刻，你就该想到死亡的结局！,命乞いなど無駄だ！私に会った瞬間から、お前は死の結末を覚悟すべきだったな！
错误,血链·希洛,Helot: Catena,PVPOpeningVoice_100109_AwakerVoiceContent,这次没有砸扁你的脑袋，下次可不会了……,今回は頭を潰さずに見逃してやるが、次はこうはいかない……
死亡,血链·希洛,Helot: Catena,PVPOpeningVoice_99841_AwakerVoiceContent,绝不原谅……,絶対に許さない……
普通开场,尤乌哈希,Uvhash,PVPOpeningVoice_100046_AwakerVoiceContent,只要不断给我血，我就能一直为你打下去。,血を与え続けてくれる限り、俺はお前のために戦おう。
角色关系对话4-雷娅,雷娅,Leigh,PVPOpeningVoice_100115_AwakerVoiceContent,啊啊，尤乌哈希大人，这次您还想要我的牙齿吗，或者手指、耳朵……都可以的！,ああ、ユウハシュ様、今度は私の歯をお望みですか？それとも指や耳でも……何でも差し上げます！
,尤乌哈希,Uvhash,PVPOpeningVoice_100211_AwakerVoiceContent,我什么都不想要，离我远点！,欲しいものなどない、俺から離れろ！
思考,尤乌哈希,Uvhash,PVPOpeningVoice_99968_AwakerVoiceContent,直接撕掉他的头怎么样？,いっそ、奴の頭を引きちぎるのはどうだ？
催促,尤乌哈希,Uvhash,PVPOpeningVoice_99884_AwakerVoiceContent,鲜血的味道，我已经等不及了！,鮮血の味……もう待ちきれないな！
必杀,尤乌哈希,Uvhash,PVPOpeningVoice_100122_AwakerVoiceContent,哈哈哈哈哈，杀，杀！,ははははは、殺せ、殺せ！
错误,尤乌哈希,Uvhash,PVPOpeningVoice_100063_AwakerVoiceContent,没有血？怎么会有人没有血……,血がない？血がない人間などいるはずか……
死亡,尤乌哈希,Uvhash,PVPOpeningVoice_100018_AwakerVoiceContent,战士，就该在战场站立到最后一刻……,戦士たるもの、最後の瞬間まで戦場に立ち続けるべきだ……
普通开场,雷娅,Leigh,PVPOpeningVoice_100156_AwakerVoiceContent,不要怜惜，请尽情地伤害我吧！,遠慮はいらないよ、思いっきり痛めつけて！
角色关系对话3-阿格里帕,雷娅,Leigh,PVPOpeningVoice_100136_AwakerVoiceContent,迷宫之主大人，我愿意做您的奴隶！那么您能够每天奖励我两个小时……不，三个小时的鞭打吗？,迷宮の主様、私は喜んであなたの奴隷になります！つきましては、ご褒美として毎日2時間……いえ、3時間の鞭打ちをいただけますか？
,阿格里帕,Agrippa,PVPOpeningVoice_100160_AwakerVoiceContent,那当然……什么？三个小时？这也太累了吧！,もちろん……って、え？3時間だって？そんなの、こっちが疲れちゃうじゃない！
角色关系对话4-艾瑞卡,雷娅,Leigh,PVPOpeningVoice_100052_AwakerVoiceContent,如果向机械人偶下达指令的话，可以获得鞭打的疼痛吗？,この機械人形に命令を出せば、鞭打ちの痛みを味わえるかな？
,艾瑞卡,Erica,PVPOpeningVoice_99867_AwakerVoiceContent,当然，我会打死死死死——抱歉，系统错误，您刚才提交的申请不在艾瑞卡的服务范围内。,もちろんです。殺して、殺し、殺——申し訳ありません。システムエラーです。先ほどの申請は、エリカのサービス対象外です。
思考,雷娅,Leigh,PVPOpeningVoice_99756_AwakerVoiceContent,怎样做才能获得更多的疼痛呢……,もっと痛くしてもらうには、どうしたらいいのかな……
催促,雷娅,Leigh,PVPOpeningVoice_99918_AwakerVoiceContent,血或者疼痛，您总要给我一个呀……,血でも痛みでも、どちらかひとつは私に与えて……
必杀,雷娅,Leigh,PVPOpeningVoice_99889_AwakerVoiceContent,这样甘美的享受，我会慷慨分享的！,これほど甘美な快楽、あなたにも喜んで分け与えるよ！
错误,雷娅,Leigh,PVPOpeningVoice_99860_AwakerVoiceContent,呀，太轻了，完全没有感觉啊。,もう、軽すぎて、これではまったく感じないよ。
死亡,雷娅,Leigh,PVPOpeningVoice_99954_AwakerVoiceContent,我愿意领受失败的惩罚……,私は喜んで敗北の罰を受け入れます……
普通开场,菲茵特,Faint,PVPOpeningVoice_100161_AwakerVoiceContent,我不能离你们太近……,私はあなたたちにあまり近付けないんです……
角色关系对话1-汀克特,汀克特,Tinct,PVPOpeningVoice_100082_AwakerVoiceContent,尽情释放吧，姐姐，让他们看看你的色彩！,思いっきり解き放って、姉さま！皆に貴方の輝きを見せてあげて！
,菲茵特,Faint,PVPOpeningVoice_99970_AwakerVoiceContent,啊啊汀克特！不要突然喊出这种令人羞耻的话啊……,ああ、ティンクト！そんな恥ずかしいことを急に叫ばないで……
角色关系对话2-温柯尔,温柯尔,Winkle,PVPOpeningVoice_100126_AwakerVoiceContent,可以借用一下你的壳吗？我想研究一种仿生结构，这样我的定位仪也可以像摇篮一样舒适了。,君の殻を少し借りてもいいかな？バイオニック構造の研究をしたいんだ。そうすれば、私の測位システムも揺りかごのように快適になると思うから。
,菲茵特,Faint,PVPOpeningVoice_99797_AwakerVoiceContent,可是，太靠近的话，你的能量会被吸走……,でも、近づきすぎると、あなたの精気が吸い取られてしまうかもしれません……
角色关系对话3-杜勒赛因,杜勒赛因,Doresain,PVPOpeningVoice_100177_AwakerVoiceContent,吸收了如此多的生命力量，却仍然如此娇小的身躯究竟会是什么味道呢？请务必让我在您的终局之后品尝一番。,これほど多くの生命力を吸収していながら、依然としてか弱いその身体は、いったいどのような味がするのでしょう？あなたが最期を迎えた暁には、ぜひわたくしに味わわせてください。
,菲茵特,Faint,PVPOpeningVoice_99851_AwakerVoiceContent,虽然听不懂你在说什么，但让人感觉很不舒服呢……,何を言っているのかよく分かりませんが、とても不快な感じがします……
角色关系对话4-莉兹,菲茵特,Faint,PVPOpeningVoice_99897_AwakerVoiceContent,多么修长的四肢，舒展的身体……,なんて長くてしなやかな手足、伸びやかな身体……
,莉兹,Liz,PVPOpeningVoice_99850_AwakerVoiceContent,你的身体也很美，如果你想学习舞蹈，我可以教你，你也可以做到的。,あなたの身体も美しいわ。もしダンスを習いたいのなら、私が教えてあげる。きっとあなたにもできるようになるわ。
思考,菲茵特,Faint,PVPOpeningVoice_100186_AwakerVoiceContent,我会保护你的，即使身处壳中。,たとえ殻の中にいても、私はあなたを守ります。
催促,菲茵特,Faint,PVPOpeningVoice_99814_AwakerVoiceContent,我快要无法控制吸取的冲动了……,精気を吸い取りたい衝動が、抑えられなくなりそうです……
必杀,菲茵特,Faint,PVPOpeningVoice_99820_AwakerVoiceContent,注视我独一无二的色彩吧！,私だけの輝きを、その目に焼きつけて！
错误,菲茵特,Faint,PVPOpeningVoice_100104_AwakerVoiceContent,不小心又吸收了能量……我再离远一点！,うっかり吸いすぎてしまいました……ごめんなさい、もう少し離れます！
死亡,菲茵特,Faint,PVPOpeningVoice_100024_AwakerVoiceContent,下次，让我走出摇篮吧……,次は、私を揺りかごから、外に出してください……
普通开场,阿格里帕,Agrippa,PVPOpeningVoice_99969_AwakerVoiceContent,伟大的迷宫之神降临了，颤抖吧奴隶们！,偉大なる迷宮の神の降臨に震えなさい、奴隷ども！
角色关系对话4-旺达,阿格里帕,Agrippa,PVPOpeningVoice_99933_AwakerVoiceContent,喂，教教我，怎样才能获得那么多的奴隶？,ちょっと、教えてよ。どうすれば、あんなにたくさんの奴隷を手に入れられるの？
,旺达,Wanda,PVPOpeningVoice_100036_AwakerVoiceContent,很简单，你只需要将他们踩在脚下每天抽打，必要的时候做成肉泥，所有人都会臣服于你的。,簡単なことさ。奴らを足元で踏みつけ、毎日鞭で打ち、必要ならミンチにしてやるんだよ。そうすれば、誰もがお前にひれ伏すだろうね。
思考,阿格里帕,Agrippa,PVPOpeningVoice_100165_AwakerVoiceContent,别吵，这种简单的事……干脆让所有角斗士一起上好了！,うるさいな、こんなの簡単でしょ……剣闘士たちが全員まとめてかかればいいのよ！
催促,阿格里帕,Agrippa,PVPOpeningVoice_99950_AwakerVoiceContent,喂，快打啊，角斗的过程怎么能停下！,ちょっと、早く戦いなさいよ！闘いの途中で手を止めるなんて、ありえない！
必杀,阿格里帕,Agrippa,PVPOpeningVoice_100005_AwakerVoiceContent,准备迎接苍白之主的审判吧！,蒼白の主の審判を受ける覚悟はいい？
错误,阿格里帕,Agrippa,PVPOpeningVoice_99862_AwakerVoiceContent,咦？又搞错了？这么麻烦的规矩到底是谁定下的！我不玩了！,え？また間違えたの？こんな面倒なルール、いったい誰が決めたのよ！付き合ってられるか！
死亡,阿格里帕,Agrippa,PVPOpeningVoice_100070_AwakerVoiceContent,可恶，把你们都拿去喂子嗣……,くそっ、お前たち全員、下僕の餌にしてやる……
普通开场,杜勒赛因,Doresain,PVPOpeningVoice_99764_AwakerVoiceContent,死者之友、死亡之神，向您致敬。,死の神、そして死にゆく者の友として、あなたに敬意を表します。
思考,杜勒赛因,Doresain,PVPOpeningVoice_100146_AwakerVoiceContent,耐心些，复杂的处理方式能让食材焕发出充满层次的味道。,焦ってはなりません。丁寧な下ごしらえこそ、食材の奥深い味わいを引き出すのです。
催促,杜勒赛因,Doresain,PVPOpeningVoice_99787_AwakerVoiceContent,再等下下去，美食可就要凉了呀。,これ以上待っていては、せっかくのご馳走が冷めてしまいます。
必杀,杜勒赛因,Doresain,PVPOpeningVoice_99784_AwakerVoiceContent,我将为你带来一场芬芳的盛宴——,わたくしがあなたに、芳しい饗宴をお届けしましょう——
错误,杜勒赛因,Doresain,PVPOpeningVoice_99843_AwakerVoiceContent,唉呀，火候不到家呀。,おや、火加減が足りなかったようですね。
死亡,杜勒赛因,Doresain,PVPOpeningVoice_100034_AwakerVoiceContent,归于安宁……,静寂へと還りましょう……
普通开场,达芙黛尔,Daffodil,PVPOpeningVoice_99874_AwakerVoiceContent,新委托的报酬，想必您已经准备好了？,新しいご依頼の報酬は、もうご用意いただけましたか？
角色关系对话1-卡茜亚,达芙黛尔,Daffodil,PVPOpeningVoice_99869_AwakerVoiceContent,希望你稍微听话一些呢，我对驯化怪物这件事可没有她那样耐心。,もう少し聞き分けがよくなっていただけると嬉しいですわ。怪物を手懐けることに関して、わたくしは彼女ほど辛抱強くありませんから。
,卡茜亚,Casiah,PVPOpeningVoice_99937_AwakerVoiceContent,好的店长，明白了店长！,はい！分かりました、店長！
角色关系对话4-詹金,詹金,Jenkin,PVPOpeningVoice_99772_AwakerVoiceContent,听说那个女巫的仓库里有数不清的稀罕宝贝，要是能让布朗进去溜达一圈……,あの魔女の倉庫には数えきれないほどの珍しい宝があるらしいぞ。ブラウンを忍び込ませて、中を探れたら……
,达芙黛尔,Daffodil,PVPOpeningVoice_99815_AwakerVoiceContent,不听话的小老鼠，可是要被五花大绑起来挠痒痒的哦。,お行儀の悪い子ネズミは、ぐるぐる巻きにしてくすぐりの刑に処しますよ。
思考,达芙黛尔,Daffodil,PVPOpeningVoice_99941_AwakerVoiceContent,嗯……这有些难度，但当然是我可以为您解决的。,ふむ……これは少々難しいですが、もちろんあなたのために解決いたしましょう。
催促,达芙黛尔,Daffodil,PVPOpeningVoice_99778_AwakerVoiceContent,过多的等待时间，也要计算在委托的费用中哦。,待ち時間が長引くようでしたら、その分も依頼料に上乗せさせていただきますわ。
必杀,达芙黛尔,Daffodil,PVPOpeningVoice_99892_AwakerVoiceContent,这是无尽头颅的海洋！,果てなき首の海よ！
错误,达芙黛尔,Daffodil,PVPOpeningVoice_100060_AwakerVoiceContent,真是抱歉，失误的部分就不收取费用了。,申し訳ございません。失敗した分の料金はいただかないことにしますわ。
死亡,达芙黛尔,Daffodil,PVPOpeningVoice_100219_AwakerVoiceContent,我也有力所不能及的时刻呀……,わたくしにも、力の及ばぬときがあるのです……
普通开场,卡茜亚,Casiah,PVPOpeningVoice_100134_AwakerVoiceContent,嘭——魔术大师登场！,ジャーン！マジシャンの登場だよ！
角色关系对话2-温柯尔,温柯尔,Winkle,PVPOpeningVoice_100011_AwakerVoiceContent,维度转移的力量，可以转移精神吗？可以让我逃离那些黑色的恐怖的……,次元転移か……精神の転移もできるの？あの黒くて恐ろしいものたちから逃げられるのかな……
,卡茜亚,Casiah,PVPOpeningVoice_100185_AwakerVoiceContent,哎？魔术只是让大家笑一笑的东西啦，卡茜亚可办不到那么厉害的事。,え？マジックはみんなを笑顔にするためのものだよ。カーシアにそんなすごいことはできないって！
角色关系对话3-克莱门汀,克莱门汀,Clementine,PVPOpeningVoice_99866_AwakerVoiceContent,完全没有情绪的存在……真像个怪物呢。,感情がまったくない存在……まるで怪物のようですね。
,卡茜亚,Casiah,PVPOpeningVoice_100176_AwakerVoiceContent,咦，这里我应该生气吗？即使你这样说，我也什么都感觉不到呀。,ん？これは怒るべきなのかな？そう言われても、本当に何も感じないんだよね。
角色关系对话4-旺达,旺达,Wanda,PVPOpeningVoice_100016_AwakerVoiceContent,不懂的惧怕的奴隶吗？很好，很有调教的趣味。,恐怖を知らない奴隷か。面白い、調教のしがいがありそうだ。
,卡茜亚,Casiah,PVPOpeningVoice_99881_AwakerVoiceContent,哇，能教会卡茜亚恐惧？我要试我要试！,わお、カーシアに「恐怖」を教えてくれるの？やるやる、やってみたい！
思考,卡茜亚,Casiah,PVPOpeningVoice_99992_AwakerVoiceContent,猜一猜，哪一顶帽子里面有小球？,さあ当ててごらん。どの帽子の中にボールがあるかな？
催促,卡茜亚,Casiah,PVPOpeningVoice_99803_AwakerVoiceContent,快猜呀，魔术没了观众互动不就失去意义了嘛！,ほら、早く当てて！観客の反応がなきゃ、マジックの意味がなくなっちゃうよ！
必杀,卡茜亚,Casiah,PVPOpeningVoice_99983_AwakerVoiceContent,让我来揭开演出的幕布！,ショーの幕開けだよ！
错误,卡茜亚,Casiah,PVPOpeningVoice_99767_AwakerVoiceContent,哎呀，好险好险，差点穿帮了！,おっと、危ない危ない。もう少しでタネがバレるところだった！
死亡,卡茜亚,Casiah,PVPOpeningVoice_100199_AwakerVoiceContent,我的演出……,ああ、カーシアのショーが……
普通开场,艾瑞卡,Erica,PVPOpeningVoice_99743_AwakerVoiceContent,自动人偶艾瑞卡，很高兴为你效劳。,オートマタのエリカです。どうぞよろしくお願いいたします。
思考,艾瑞卡,Erica,PVPOpeningVoice_100110_AwakerVoiceContent,正在检索战斗系统方案。,戦闘システム案を検索中。
催促,艾瑞卡,Erica,PVPOpeningVoice_99870_AwakerVoiceContent,请下达战斗指令。,作戦コマンドを入力してください。
必杀,艾瑞卡,Erica,PVPOpeningVoice_99940_AwakerVoiceContent,杀伤性爆破武器准备启动——,殺傷性爆破兵器、起動準備——
错误,艾瑞卡,Erica,PVPOpeningVoice_99775_AwakerVoiceContent,系统故障，请尝试重新启动。,システム故障。再起動してください。
死亡,艾瑞卡,Erica,PVPOpeningVoice_99769_AwakerVoiceContent,机体功能损毁，请前往弥萨格资源管理室递交维修申请。,機体機能が損傷。ミサゴ資源管理室へ修理申請を提出してください。
普通开场,莉兹,Liz,PVPOpeningVoice_100112_AwakerVoiceContent,你需要的，是这青绿色的火焰吗？,この緑の炎が、あなたの望むものなの？
角色关系对话3-汀克特,汀克特,Tinct,PVPOpeningVoice_99939_AwakerVoiceContent,虽然我非常想邀请你为我的演唱伴舞，但会不会有些屈就你的舞姿？,私の歌に合わせて、あなたにダンスを踊ってもらいたいのですが、失礼でしょうか？
,莉兹,Liz,PVPOpeningVoice_99987_AwakerVoiceContent,不用这样想，在舞台之上，音乐与舞蹈都是平等的，也可以说这是你在为我伴唱呢？,そんなふうに思わなくていいわ。ステージでは、音楽もダンスも平等よ。むしろ、あなたが私のダンスに合わせて歌っているとも言えるでしょう？
思考,莉兹,Liz,PVPOpeningVoice_100194_AwakerVoiceContent,下一个八拍要编入怎样的舞步呢……,次の8拍子には、どんなステップを入れようかしら…‥
催促,莉兹,Liz,PVPOpeningVoice_99883_AwakerVoiceContent,跟上节奏，手臂抬起来！,リズムに合わせて、腕を上げて！
必杀,莉兹,Liz,PVPOpeningVoice_99953_AwakerVoiceContent,在绿炎的拥抱中一同燃烧吧！,緑の炎に抱かれて、燃え上がれ！
错误,莉兹,Liz,PVPOpeningVoice_100205_AwakerVoiceContent,不，不对，这里要多转一圈。,いえ、違うわね。ここはもう一回転多く回らないと。
死亡,莉兹,Liz,PVPOpeningVoice_100139_AwakerVoiceContent,化为……灰烬……,灰と……化す……
普通开场,汀克特,Tinct,PVPOpeningVoice_100014_AwakerVoiceContent,希望这副歌喉能为您带来愉悦的时光。,私の歌で、皆さまが楽しいひとときを過ごせますように。
角色关系对话2-奥尔拉,汀克特,Tinct,PVPOpeningVoice_99957_AwakerVoiceContent,读了您的诗句后，我一直想将它们编成歌曲来咏唱，不知道奥尔拉小姐是否愿意？,あなたの詩を読んで以来、ずっとそれを歌にしてみたいと思っていました。オルラさん、よろしければお聞きいただけますか？
,奥尔拉,Horla,PVPOpeningVoice_99936_AwakerVoiceContent,啊，请尽情地唱吧，我……我很荣幸。,もちろん、どうぞ存分に歌ってください。わたくしは……とても光栄です。
思考,汀克特,Tinct,PVPOpeningVoice_100098_AwakerVoiceContent,您喜欢高亢的曲子，还是更宁静些的？,力強い曲がお好きですか、それとももっと静かな曲をお好みでしょうか？
催促,汀克特,Tinct,PVPOpeningVoice_99900_AwakerVoiceContent,请全心全意，聆听我的声音。,どうか、私の歌に耳を傾けてください。
必杀,汀克特,Tinct,PVPOpeningVoice_99809_AwakerVoiceContent,我将为您高歌！,あなたのために、高らかに歌いましょう！
错误,汀克特,Tinct,PVPOpeningVoice_99776_AwakerVoiceContent,不小心唱错了歌词，实在太不应该了。,うっかり歌詞を間違えてしまうなんて、あってはならないことです。
死亡,汀克特,Tinct,PVPOpeningVoice_99903_AwakerVoiceContent,星星……坠落……,星々が……堕ちていく……
普通开场,旺达,Wanda,PVPOpeningVoice_99961_AwakerVoiceContent,低下你的头，然后跪下。,頭を下げて、跪け。
思考,旺达,Wanda,PVPOpeningVoice_99746_AwakerVoiceContent,你的双手还算好看，砍了实在可惜。,あんたのその両手はなかなか見栄えがいい。切り落とすには惜しいね。
催促,旺达,Wanda,PVPOpeningVoice_100002_AwakerVoiceContent,如果再让我等，就把你的四肢全部砍下，做成肉泥。,これ以上あたしを待たせるなら、その四肢をすべて切り落としてミンチにしてやるよ。
必杀,旺达,Wanda,PVPOpeningVoice_100149_AwakerVoiceContent,哭着求饶吧！,泣いて許しを乞いな！
错误,旺达,Wanda,PVPOpeningVoice_100141_AwakerVoiceContent,一次犯错只需惩罚，两次犯错便是愚蠢，我讨厌愚蠢的仆从。,一度の過ちは罰すれば済む。だが、二度の過ちは愚かさの証拠だ。あたしは愚かな下僕が嫌いでね。
死亡,旺达,Wanda,PVPOpeningVoice_100206_AwakerVoiceContent,冒犯者，该承受千刀万剐之刑……,愚かな奴め、八つ裂きの刑にしてやるよ……
普通开场,詹金,Jenkin,PVPOpeningVoice_100076_AwakerVoiceContent,神偷侠盗——布朗与詹金在此！,ロンディニウム一番の大怪盗——ブラウンとジェンキン、ここに参上！
思考,詹金,Jenkin,PVPOpeningVoice_99880_AwakerVoiceContent,再结实的锁头，也能从内部轻巧打开……,どんなに丈夫な鍵でも、内側からなら簡単に開けられるんだ……
催促,詹金,Jenkin,PVPOpeningVoice_99958_AwakerVoiceContent,快动手啊，偷东西让人发现就完了！,早くしろって、盗みが見つかったらおしまいだぞ！
必杀,詹金,Jenkin,PVPOpeningVoice_100021_AwakerVoiceContent,看看东区之王的厉害！,東区一の腕前を見せてやる！
错误,詹金,Jenkin,PVPOpeningVoice_99739_AwakerVoiceContent,潜行的时候好像踩到了一根树枝……,潜入中に小枝を踏んじゃったみたいだ……
死亡,詹金,Jenkin,PVPOpeningVoice_100041_AwakerVoiceContent,布朗快走……,ブラウン、急げ……
普通开场,奥尔拉,Horla,PVPOpeningVoice_100116_AwakerVoiceContent,您想听一听我新作的诗吗？,わたくしの新しい詩を聞いてみませんか？
思考,奥尔拉,Horla,PVPOpeningVoice_100049_AwakerVoiceContent,花与春天，是怎么都写不够的东西……,花と春は、いくら書いても書き足りないものですね……
催促,奥尔拉,Horla,PVPOpeningVoice_100096_AwakerVoiceContent,好的诗句的确要仔细斟酌。,良い詩は、やはり丁寧に推敲しなければなりません。
必杀,奥尔拉,Horla,PVPOpeningVoice_99927_AwakerVoiceContent,请听听这首这夜莺对玫瑰的情诗吧！,さあ、このナイチンゲールが薔薇に捧げる恋の詩を聞いてください！
错误,奥尔拉,Horla,PVPOpeningVoice_100125_AwakerVoiceContent,这里的用词需要修改一下……,ここの言葉の選び方は、少し修正が必要ですね……
死亡,奥尔拉,Horla,PVPOpeningVoice_100061_AwakerVoiceContent,玫瑰……枯萎了……,薔薇が……枯れて……
普通开场,温柯尔,Winkle,PVPOpeningVoice_99855_AwakerVoiceContent,一定要我来吗，不能换一个人吗……,どうしても私でないとダメなの？誰かに代わってもらえない……？
思考,温柯尔,Winkle,PVPOpeningVoice_100079_AwakerVoiceContent,不要想，不要看，不要想，不要看……,考えるな、見るな、考えるな、見るな……
催促,温柯尔,Winkle,PVPOpeningVoice_99750_AwakerVoiceContent,呃呃，好想逃，快要坚持不住了……,うっ……すごく逃げたい、もう限界だ……
必杀,温柯尔,Winkle,PVPOpeningVoice_99740_AwakerVoiceContent,迁移的能量，省着点用啊！,転移のエネルギー、節約して使わないと！
错误,温柯尔,Winkle,PVPOpeningVoice_99914_AwakerVoiceContent,啊啊啊黑色的，我看见了，要被追上了！,あああ！黒いヤツだ、見えた！追いつかれる！
死亡,温柯尔,Winkle,PVPOpeningVoice_99783_AwakerVoiceContent,逃不掉，为什么逃不掉……,逃げられない……どうして逃げられないんだ……
普通开场,克莱门汀,Clementine,PVPOpeningVoice_99911_AwakerVoiceContent,嘘，不要说话，静静跟随我的灵摆吧。,しっ、声を出さずに、静かに私の振り子に従って。
思考,克莱门汀,Clementine,PVPOpeningVoice_100167_AwakerVoiceContent,嗯……这样的病症很罕见呢，请务必与我多聊一聊。,ふむ……こんな症状は珍しいですね。ぜひ、もっと詳しく私に聞かせてください。
催促,克莱门汀,Clementine,PVPOpeningVoice_99899_AwakerVoiceContent,不多倾诉一下的话，心灵的创伤是无法愈合的哦。,胸の内を十分に打ち明けてくださらないと、心の傷は癒えませんよ。
必杀,克莱门汀,Clementine,PVPOpeningVoice_100170_AwakerVoiceContent,跟随我、听从我，温顺地迈入那个终局吧！,さあ、私に従い、私の言うことを聞いて。そして、おとなしく運命の終焉へ歩みを進めるのです！
错误,克莱门汀,Clementine,PVPOpeningVoice_99857_AwakerVoiceContent,脱离了催眠吗？没关系，我们还有很多其他治疗方案……,催眠が解けてしまいましたか？ですが、ご心配なく。他にいくらでも治療のプランがありますから……
死亡,克莱门汀,Clementine,PVPOpeningVoice_100208_AwakerVoiceContent,被拒绝了呢，没关系，下一次……,拒絶されてしまいましたか……いえ、構いません。次こそは……
普通开场,卡斯托尔,Castor,PVPOpeningVoice_116789_AwakerVoiceContent,我与飓风都已准备好。,俺もこの翼も、準備はできている。
角色关系对话1-波吕克斯,卡斯托尔,Castor,PVPOpeningVoice_120268_AwakerVoiceContent,如果可以，我不想和你战斗，哪怕是切磋。,できることなら、お前とは戦いたくないな。たとえ手合わせだとしても。
,波吕克斯,Pollux,PVPOpeningVoice_120248_AwakerVoiceContent,不要再婆婆妈妈了，卡斯托尔，放马过来吧，你以为我会输给你吗？,いつまでもぐずぐずするな、カストル！潔くかかってくるがいい。我がそなたに負けるとでも思っているのか？
角色关系对话2-诞妄·墨菲,诞妄·墨菲,Murphy: Fauxborn,PVPOpeningVoice_120274_AwakerVoiceContent,我也曾如你一般冥顽不灵……为何不肯接纳侍奉神明的伟大命运？,わたくしもかつてはお前のように頑なに拒んでいたわ……なぜ、神に仕えるという偉大な使命を受け入れようとしないの？
,卡斯托尔,Castor,PVPOpeningVoice_120252_AwakerVoiceContent,我不明白什么是伟大，我只知道自由的权力无人可以剥夺。,俺にその「偉大さ」は分からない。俺はただ、自由を奪われることが許せないだけだ。
思考,卡斯托尔,Castor,PVPOpeningVoice_116786_AwakerVoiceContent,要先行出击吗，还是全力防御……,先手を打つべきか、それとも守りに徹するべきか……
催促,卡斯托尔,Castor,PVPOpeningVoice_116788_AwakerVoiceContent,你的犹豫将成为失败的前兆。,迷いは失敗につながるぞ。
必杀,卡斯托尔,Castor,PVPOpeningVoice_116791_AwakerVoiceContent,面对飓风吧！,この嵐を受けてみろ！
错误,卡斯托尔,Castor,PVPOpeningVoice_116790_AwakerVoiceContent,没能阻拦到吗……,防ぎきれなかったか……
死亡,卡斯托尔,Castor,PVPOpeningVoice_116787_AwakerVoiceContent,羽翼……凋零了……,羽根が……散っていく……
普通开场,波吕克斯,Pollux,PVPOpeningVoice_120280_AwakerVoiceContent,我将净化你心中的罪孽。,我がそなたの罪を清めよう。
角色关系对话,波吕克斯,Pollux,PVPOpeningVoice_120284_AwakerVoiceContent,无法变强？莫非是因为你的灵魂过于肮脏？,強くなれない？そなたの魂はそれほどまでに穢れているのか。
,凯刻斯,Caecus,PVPOpeningVoice_120258_AwakerVoiceContent,肮脏……还是因为我的血脉不够纯净吗……,穢れている……やっぱり、僕の血脈が純粋ではないからなのか……
角色关系对话,波吕克斯,Pollux,PVPOpeningVoice_120283_AwakerVoiceContent,既然你是神明，为何要对世间的罪恶坐视不理？,神ともあろう御方が、なにゆえこの世の罪を看過なさるのか？
,图鲁,Tulu,PVPOpeningVoice_120256_AwakerVoiceContent,你想要清除罪恶吗……真是执迷不悟，余不会做如此徒劳无功之事。,罪を消し去りたいと望むか……愚かじゃな。余はそのような無意味なことはせぬ。
思考,波吕克斯,Pollux,PVPOpeningVoice_120287_AwakerVoiceContent,纯洁的圣心将引导你走向净化之路。,純潔なる聖心が、そなたを浄化の道へと導かん。
催促,波吕克斯,Pollux,PVPOpeningVoice_120286_AwakerVoiceContent,在犹豫什么？你的信仰动摇了吗？,何を躊躇うことがあろう？そなたの信仰が揺らいだというのか？
必杀,波吕克斯,Pollux,PVPOpeningVoice_120259_AwakerVoiceContent,我嗅到了不洁的气息，不敬的罪人！,穢れの気配を感じるぞ、不敬なる罪人よ！
错误,波吕克斯,Pollux,PVPOpeningVoice_120279_AwakerVoiceContent,给你一次忏悔的机会……向我证明你的虔诚吧。,懺悔の機会を一度だけ与えよう……我にそなたの敬虔さを示してみせよ。
死亡,波吕克斯,Pollux,PVPOpeningVoice_120275_AwakerVoiceContent,直面罪恶……这是我应得的惩罚……,自らの罪と向き合う……これこそ、我が背負うべき罪なのだ……
普通开场,皮克曼,Pickman,PVPOpeningVoice_120261_AwakerVoiceContent,来吧！见证我的艺术！,さあ、俺の芸術を見てくれ！
角色关系对话,杜勒赛因,Doresain,PVPOpeningVoice_120262_AwakerVoiceContent,我欣赏你的才华，可惜亵渎尸体有违我的艺术，我会给你一个认错的机会。,あなたの才能は認めておりますが、死体を冒涜することはわたくしの美学に反します。過ちを認める機会を与えましょう。
,皮克曼,Pickman,PVPOpeningVoice_120253_AwakerVoiceContent,可恶，就算你是杜勒赛因也不可以侮辱我的画作！,くそ、たとえドゥルセイン様であろうと、俺の絵を侮辱することは許さない！
角色关系对话,皮克曼,Pickman,PVPOpeningVoice_120247_AwakerVoiceContent,珊，让我们来一场艺术的切磋吧！,サンガー、さあ、芸術の腕を競い合おう！
,珊,Sanga,PVPOpeningVoice_120276_AwakerVoiceContent,正合我意，皮克曼先生。相信您的画作不会让我失望。,お望みとあらば、ピックマン先生。あなたの絵には期待しているわ。
角色关系对话,奥吉尔,Ogier,PVPOpeningVoice_120244_AwakerVoiceContent,你想要在钥冢中挖掘尸体作为模特？我会阻止你的！,鍵塚で死体を掘り起こしてモデルにするというのですか？僕が阻止します！
,皮克曼,Pickman,PVPOpeningVoice_120270_AwakerVoiceContent,啊啊啊啊怎么连你也要干扰我的创作？,ああああ、どうして君まで俺の創作を邪魔するんだ！？
角色关系对话,索蕾尔,Sorel,PVPOpeningVoice_120271_AwakerVoiceContent,想要办一场画展？可惜我和伦蒂尼恩的贵族们并不认为你有这样的才华。,絵画展を開きたい？残念ながら、わたくしやロンディニウムの貴族たちは、あなたにそのような才能があるとは思っておりません。
,皮克曼,Pickman,PVPOpeningVoice_120260_AwakerVoiceContent,索蕾尔夫人，我会向你们证明什么才是真正的艺术！,ソレール夫人、俺は皆さんに、真の芸術とは何かをお見せします！
角色关系对话,诞妄·墨菲,Murphy: Fauxborn,PVPOpeningVoice_120282_AwakerVoiceContent,你要为我献上神明诞生的至高绘卷吗？,これは何？わたくしに、神の誕生を描いた至高の絵巻を捧げようというの？
,皮克曼,Pickman,PVPOpeningVoice_120299_AwakerVoiceContent,不，不……灵感之神已经为这幅画作赐名《囚笼中的圣母》！,いや、インスピレーションの神は、すでにこの絵を「檻の中の聖母」と名付けている！
思考,皮克曼,Pickman,PVPOpeningVoice_120246_AwakerVoiceContent,应该如何构图呢？,構図はどうしようか？
催促,皮克曼,Pickman,PVPOpeningVoice_120255_AwakerVoiceContent,灵感枯竭了……不行，我需要新的模特！,インスピレーションが降りてこない……ダメだ、新しいモデルを探さないと！
必杀,皮克曼,Pickman,PVPOpeningVoice_120277_AwakerVoiceContent,成为我的模特吧！,俺のモデルになってくれ！
错误,皮克曼,Pickman,PVPOpeningVoice_120251_AwakerVoiceContent,差一点！只差一点我就能创造出完美的作品了！,もう少しだ！あと少しで、完璧な作品が生み出せるのに！
死亡,皮克曼,Pickman,PVPOpeningVoice_120257_AwakerVoiceContent,我的画作……还没有完成……,俺の絵は……まだ完成していない……
普通开场,诞妄·墨菲,Murphy: Fauxborn,PVPOpeningVoice_120265_AwakerVoiceContent,让我看看你究竟有何等紧要之事，竟敢惊扰神母的休憩？,神母の眠りを妨げるとは、よほどの急用なのでしょうね？言ってごらんなさい。
角色关系对话1-墨菲,诞妄·墨菲,Murphy: Fauxborn,PVPOpeningVoice_120263_AwakerVoiceContent,软弱、天真……一想到过去的我的愚蠢模样，就觉得可笑。,軟弱で世間知らず……かつての自分の愚かさを思うと、思わず笑ってしまうわ。
,墨菲,Murphy,PVPOpeningVoice_120285_AwakerVoiceContent,自愿失去自由，成为顺从的囚徒……我是绝对不会成为你的！,自ら自由を捨て、囚人になり下がるなんて……わたくしは絶対にお前のようにはならないわ！
角色关系对话2-弥利亚姆,弥利亚姆,Miryam,PVPOpeningVoice_120272_AwakerVoiceContent,利莫里亚的荣光正在呼唤你我，神母。,リモリアの栄光が我らを呼んでいます、神母よ。
,诞妄·墨菲,Murphy: Fauxborn,PVPOpeningVoice_120245_AwakerVoiceContent,既然知道，还不赶紧把胜利拱手呈上？,分かっているなら、さっさと勝利を明け渡したらどうなの？
角色关系对话3-戈利亚,戈利亚,Goliath,PVPOpeningVoice_120269_AwakerVoiceContent,愚蠢的小姑娘，绝对的力量从来应该牢牢掌握在自己手中。,愚かな娘だな。絶対的な力というものは、自分の手で掴むものだろう。
,诞妄·墨菲,Murphy: Fauxborn,PVPOpeningVoice_120267_AwakerVoiceContent,屈居于弥利亚姆之下的庸才，为何敢冒犯神母的权威？,ミリアムの配下に甘んじる凡才が、なぜ神母の権威に挑むなどという愚を犯そうとするのかしら？
思考,诞妄·墨菲,Murphy: Fauxborn,PVPOpeningVoice_120264_AwakerVoiceContent,祂的孕育……究竟是在何时？,神の誕生は……いつになるかしら？
催促,诞妄·墨菲,Murphy: Fauxborn,PVPOpeningVoice_120250_AwakerVoiceContent,一群蝼蚁。速战速决，本神母要回去安歇了。,たかが蟻の群れ、速やかに片付けなさい。神母は戻って休まねばならないの。
必杀,诞妄·墨菲,Murphy: Fauxborn,PVPOpeningVoice_120281_AwakerVoiceContent,哼，不敬之人。,ふん、不敬な者め。
错误,诞妄·墨菲,Murphy: Fauxborn,PVPOpeningVoice_120273_AwakerVoiceContent,不，我的命运不该如此，一定有哪里出错了！,いや、わたくしの運命はこんなはずがないわ。きっとどこかで何かが間違ったのよ！

死亡,诞妄·墨菲,Murphy: Fauxborn,PVPOpeningVoice_120266_AwakerVoiceContent,难道……这就是我的宿命？,これが……わたくしの運命だというの？

