Key,ShortKey,Source,Row,Module,Field,Role,CN,TH
FeatureUnlock_17041_LockTip,aCqG,g功能解锁_FeatureUnlock_A.csv,53,FeatureUnlock,LockTip,,完成 「调查行动」1-2·普通 后解锁,"ปลดล็อกเมื่อเสร็จสิ้นเควส ""ภารกิจสืบสวน"" 1-2: ปกติ"
FeatureUnlock_17059_LockTip,aCrI,g功能解锁_FeatureUnlock_A.csv,54,FeatureUnlock,LockTip,,完成 「调查行动」1-2·普通 后解锁,"ปลดล็อกเมื่อเสร็จสิ้นเควส ""ภารกิจสืบสวน"" 1-2: ปกติ"
FeatureUnlock_17057_LockTip,aCrC,g功能解锁_FeatureUnlock_A.csv,55,FeatureUnlock,LockTip,,完成 「调查行动」1-2·普通 后解锁,"ปลดล็อกเมื่อเสร็จสิ้นเควส ""ภารกิจสืบสวน"" 1-2: ปกติ"
FeatureUnlock_17006_FeatureName,aCoE,g功能解锁_FeatureUnlock_A.csv,57,FeatureUnlock,FeatureName,,器质残像,เงาตกค้างแห่งกายา
FeatureUnlock_16985_FeatureName,aCnt,g功能解锁_FeatureUnlock_A.csv,64,FeatureUnlock,FeatureName,,禁忌纂录,ตำราต้องห้าม
FeatureUnlock_16985_UnlockDesc,aCnv,g功能解锁_FeatureUnlock_A.csv,64,FeatureUnlock,UnlockDesc,,<FeatureUnlockTitle:禁忌纂录已开启>\n\n<FeatureUnlockDesc:在黑暗时代，这些符号被禁止抄写、转录。\n追溯禁忌的过往，获取更多密契套装。>,<FeatureUnlockTitle:ปลดล็อคตำราต้องห้ามแล้ว>\n\n<FeatureUnlockDesc:ในยุคมืด สัญญะเหล่านี้ถูกบัญญัติให้เป็นสิ่งต้องห้าม ทั้งห้ามคัดลอกและถอดความ\nย้อนรอยอดีตที่ถูกปกปิด เพื่อเข้าถึงเซ็ทพันธสัญญาเพิ่มมากขึ้น>
FeatureUnlock_16985_LockTip,aCnu,g功能解锁_FeatureUnlock_A.csv,64,FeatureUnlock,LockTip,,调查等级 25 级 解锁,ปลดล็อคเมื่อเลเวลการสืบสวนถึง 25
FeatureUnlock_16994_FeatureName,aCnU,g功能解锁_FeatureUnlock_A.csv,65,FeatureUnlock,FeatureName,,怪雾之都,นครหมอกลี้ลับ
FeatureUnlock_16994_LockTip,aCnV,g功能解锁_FeatureUnlock_A.csv,65,FeatureUnlock,LockTip,,完成 「调查行动」第1章·普通 后解锁,"ปลดล็อกเมื่อเสร็จสิ้นเควส ""ภารกิจสืบสวน"" บทที่ 1: ปกติ"
FeatureUnlock_16978_FeatureName,aCmY,g功能解锁_FeatureUnlock_A.csv,66,FeatureUnlock,FeatureName,,狂躁蜡馆,พิพิธภัณฑ์หุ่นขี้ผึ้งวิปลาส
FeatureUnlock_16978_LockTip,aCmZ,g功能解锁_FeatureUnlock_A.csv,66,FeatureUnlock,LockTip,,完成 「调查行动」第2章·普通 后解锁,"ปลดล็อกเมื่อเสร็จสิ้นเควส ""ภารกิจสืบสวน"" บทที่ 2: ปกติ"
FeatureUnlock_16960_FeatureName,aClW,g功能解锁_FeatureUnlock_A.csv,67,FeatureUnlock,FeatureName,,错乱异镇,เมืองวิกล
FeatureUnlock_16960_LockTip,aClX,g功能解锁_FeatureUnlock_A.csv,67,FeatureUnlock,LockTip,,完成 「调查行动」第3章·普通 后解锁,"ปลดล็อกเมื่อเสร็จสิ้นเควส ""ภารกิจสืบสวน"" บทที่ 3: ปกติ"
FeatureUnlock_16969_FeatureName,aCmx,g功能解锁_FeatureUnlock_A.csv,68,FeatureUnlock,FeatureName,,失序山脉,เทือกเขาไร้ระเบียบ
FeatureUnlock_16969_LockTip,aCmy,g功能解锁_FeatureUnlock_A.csv,68,FeatureUnlock,LockTip,,完成 「调查行动」第4章·普通 后解锁,"ปลดล็อกเมื่อเสร็จสิ้นเควส ""ภารกิจสืบสวน"" บทที่ 4: ปกติ"
FeatureUnlock_17071_FeatureName,aCsr,g功能解锁_FeatureUnlock_A.csv,69,FeatureUnlock,FeatureName,,暗海之舟,นาวาเหนือคลื่นทมิฬ
FeatureUnlock_17071_LockTip,aCss,g功能解锁_FeatureUnlock_A.csv,69,FeatureUnlock,LockTip,,完成 「调查行动」第5章·普通 后解锁,"ปลดล็อกเมื่อเสร็จสิ้นเควส ""ภารกิจสืบสวน"" บทที่ 5: ปกติ"
FeatureUnlock_17033_FeatureName,aCqh,g功能解锁_FeatureUnlock_A.csv,70,FeatureUnlock,FeatureName,,风暴外海,ทะเลนอกเขตมรสุม
FeatureUnlock_17033_LockTip,aCqi,g功能解锁_FeatureUnlock_A.csv,70,FeatureUnlock,LockTip,,完成 「调查行动」第6章·普通 后解锁,"ปลดล็อกเมื่อเสร็จสิ้นเควส ""ภารกิจสืบสวน"" บทที่ 6: ปกติ"
FeatureUnlock_49171_FeatureName,aCwt,g功能解锁_FeatureUnlock_A.csv,71,FeatureUnlock,FeatureName,,荒沙之壁,กำแพงทรายรกร้าง
FeatureUnlock_49171_LockTip,aCwu,g功能解锁_FeatureUnlock_A.csv,71,FeatureUnlock,LockTip,,完成 「调查行动」第7章·普通 后解锁,"ปลดล็อกเมื่อเสร็จสิ้นเควส ""ภารกิจสืบสวน"" บทที่ 7: ปกติ"
FeatureUnlock_58913_FeatureName,aCzL,g功能解锁_FeatureUnlock_A.csv,72,FeatureUnlock,FeatureName,,原初裂隙,รอยแยกปฐมภูมิ
FeatureUnlock_58913_LockTip,aCzM,g功能解锁_FeatureUnlock_A.csv,72,FeatureUnlock,LockTip,,完成 「调查行动」第8章·普通 后解锁,"ปลดล็อกเมื่อเสร็จสิ้นเควส ""ภารกิจสืบสวน"" บทที่ 8: ปกติ"
FeatureUnlock_16970_UnlockDesc,aCmC,g功能解锁_FeatureUnlock_A.csv,75,FeatureUnlock,UnlockDesc,,<FeatureUnlockTitle:无光之境已开启>\n\n<FeatureUnlockDesc:在漆黑的视界里寻找真相。\n守密人可派出不同界域的队伍挑战，获取丰厚奖励。>,<FeatureUnlockTitle:ดินแดนไร้แสงได้เปิดแล้ว>\n\n<FeatureUnlockDesc:ค้นหาความจริงในโลกที่มืดมิด\nผู้พิทักษ์ความลับสามารถส่งทีมจากดินแดนต่าง ๆ เพื่อท้าทายและรับรางวัลมากมาย>
FeatureUnlock_16970_LockTip,aCmB,g功能解锁_FeatureUnlock_A.csv,75,FeatureUnlock,LockTip,,完成 「调查行动」2-4·普通 后解锁,"ปลดล็อกเมื่อเสร็จสิ้นเควส ""ภารกิจสืบสวน"" 2-4: ปกติ"
FeatureUnlock_17065_FeatureName,aCrZ,g功能解锁_FeatureUnlock_A.csv,76,FeatureUnlock,FeatureName,,深海之遗·间隙,มรดกแห่งห้วงทะเลลึก: รอยแยก
FeatureUnlock_17065_LockTip,aCsa,g功能解锁_FeatureUnlock_A.csv,76,FeatureUnlock,LockTip,,完成 「调查行动」2-4·普通 后解锁,"ปลดล็อกเมื่อเสร็จสิ้นเควส ""ภารกิจสืบสวน"" 2-4: ปกติ"
FeatureUnlock_17009_FeatureName,aCoN,g功能解锁_FeatureUnlock_A.csv,77,FeatureUnlock,FeatureName,,血肉之沼·间隙,บึงเลือดเนื้อ: รอยแยก
FeatureUnlock_17009_LockTip,aCoO,g功能解锁_FeatureUnlock_A.csv,77,FeatureUnlock,LockTip,,完成 「调查行动」2-4·普通 后解锁,"ปลดล็อกเมื่อเสร็จสิ้นเควส ""ภารกิจสืบสวน"" 2-4: ปกติ"
FeatureUnlock_17063_FeatureName,aCrT,g功能解锁_FeatureUnlock_A.csv,78,FeatureUnlock,FeatureName,,超维之旅·间隙,ผจญห้วงมิติ: รอยแยก
FeatureUnlock_17063_LockTip,aCrU,g功能解锁_FeatureUnlock_A.csv,78,FeatureUnlock,LockTip,,完成 「调查行动」2-4·普通 后解锁,"ปลดล็อกเมื่อเสร็จสิ้นเควส ""ภารกิจสืบสวน"" 2-4: ปกติ"
FeatureUnlock_17067_FeatureName,aCsf,g功能解锁_FeatureUnlock_A.csv,79,FeatureUnlock,FeatureName,,混沌之域·间隙,ดินแดนโกลาหล: รอยแยก
FeatureUnlock_17067_LockTip,aCsg,g功能解锁_FeatureUnlock_A.csv,79,FeatureUnlock,LockTip,,完成 「调查行动」2-4·普通 后解锁,"ปลดล็อกเมื่อเสร็จสิ้นเควส ""ภารกิจสืบสวน"" 2-4: ปกติ"
FeatureUnlock_21452_FeatureName,aCtC,g功能解锁_FeatureUnlock_A.csv,96,FeatureUnlock,FeatureName,,超验存在,สิ่งดำรงอยู่เหนือการรับรู้
FeatureUnlock_21452_UnlockDesc,aCtE,g功能解锁_FeatureUnlock_A.csv,96,FeatureUnlock,UnlockDesc,,<FeatureUnlockTitle:超验存在已开启>\n\n<FeatureUnlockDesc:祂们是无视一切规则与因果的禁忌存在。\n消耗灵啡肽进行挑战，可以获得更珍稀的唤醒体技能升级材料。>,<FeatureUnlockTitle:สิ่งที่ดำรงอยู่เหนือการรับรู้ได้เปิดแล้ว>\n\n<FeatureUnlockDesc:พวกมันคือสิ่งมีชีวิตต้องห้ามที่เพิกเฉยต่อกฎเกณฑ์และเหตุผลทั้งมวล\nใช้เมโนฟินเพื่อท้าทายพวกมันเพื่อรับวัสดุอัปเกรดสกิลที่หายากของผู้ปลุกตื่น>
FeatureUnlock_21452_LockTip,aCtD,g功能解锁_FeatureUnlock_A.csv,96,FeatureUnlock,LockTip,,完成 「调查行动」3-10·普通 后解锁,"ปลดล็อกเมื่อเสร็จสิ้นเควส ""ภารกิจสืบสวน"" 3-10: ปกติ"
FeatureUnlock_17072_FeatureName,aCsu,g功能解锁_FeatureUnlock_A.csv,97,FeatureUnlock,FeatureName,,玩偶之泪,น้ำตาของตุ๊กตา
FeatureUnlock_17072_LockTip,aCsv,g功能解锁_FeatureUnlock_A.csv,97,FeatureUnlock,LockTip,,完成 「调查行动」3-10·普通 后解锁,"ปลดล็อกเมื่อเสร็จสิ้นเควส ""ภารกิจสืบสวน"" 3-10: ปกติ"
FeatureUnlock_16982_LockTip,aCnl,g功能解锁_FeatureUnlock_A.csv,98,FeatureUnlock,LockTip,,完成 「调查行动」3-10·普通 后解锁,"ปลดล็อกเมื่อเสร็จสิ้นเควส ""ภารกิจสืบสวน"" 3-10: ปกติ"
FeatureUnlock_16964_FeatureName,aCmi,g功能解锁_FeatureUnlock_A.csv,99,FeatureUnlock,FeatureName,,漆黑之链,พันธนาอนธการ
FeatureUnlock_16964_LockTip,aCmj,g功能解锁_FeatureUnlock_A.csv,99,FeatureUnlock,LockTip,,完成 「调查行动」第3章·普通 后解锁,"ปลดล็อกเมื่อเสร็จสิ้นเควส ""ภารกิจสืบสวน"" บทที่ 3: ปกติ"
FeatureUnlock_17011_FeatureName,aCoT,g功能解锁_FeatureUnlock_A.csv,100,FeatureUnlock,FeatureName,,界外之影,เงาทมิฬจากแดนไกล
FeatureUnlock_17011_LockTip,aCoU,g功能解锁_FeatureUnlock_A.csv,100,FeatureUnlock,LockTip,,完成 「调查行动」第4章·普通 后解锁,"ปลดล็อกเมื่อเสร็จสิ้นเควส ""ภารกิจสืบสวน"" บทที่ 4: ปกติ"
FeatureUnlock_16996_FeatureName,aCoa,g功能解锁_FeatureUnlock_A.csv,101,FeatureUnlock,FeatureName,,虔诚之握,อ้อมกอดแห่งศรัทธา
FeatureUnlock_16996_LockTip,aCob,g功能解锁_FeatureUnlock_A.csv,101,FeatureUnlock,LockTip,,完成 「调查行动」第5章·普通 后解锁,"ปลดล็อกเมื่อเสร็จสิ้นเควส ""ภารกิจสืบสวน"" บทที่ 5: ปกติ"
FeatureUnlock_17039_FeatureName,aCqz,g功能解锁_FeatureUnlock_A.csv,102,FeatureUnlock,FeatureName,,圣胎之咏,บทสรรเสริญแห่งครรภ์ศักดิ์สิทธิ์
FeatureUnlock_17039_LockTip,aCqA,g功能解锁_FeatureUnlock_A.csv,102,FeatureUnlock,LockTip,,完成 「调查行动」第6章·普通 后解锁,"ปลดล็อกเมื่อเสร็จสิ้นเควส ""ภารกิจสืบสวน"" บทที่ 6: ปกติ"
FeatureUnlock_49170_FeatureName,aCwq,g功能解锁_FeatureUnlock_A.csv,103,FeatureUnlock,FeatureName,,沙海遗存,มรดกในทะเลทราย
FeatureUnlock_49170_LockTip,aCwr,g功能解锁_FeatureUnlock_A.csv,103,FeatureUnlock,LockTip,,完成 「调查行动」第7章·普通 后解锁,"ปลดล็อกเมื่อเสร็จสิ้นเควส ""ภารกิจสืบสวน"" บทที่ 7: ปกติ"
FeatureUnlock_58914_FeatureName,aCzO,g功能解锁_FeatureUnlock_A.csv,104,FeatureUnlock,FeatureName,,黑池之潮,กระแสน้ำในสระดำ
FeatureUnlock_58914_LockTip,aCzP,g功能解锁_FeatureUnlock_A.csv,104,FeatureUnlock,LockTip,,完成 「调查行动」第8章·普通 后解锁,"ปลดล็อกเมื่อเสร็จสิ้นเควส ""ภารกิจสืบสวน"" บทที่ 8: ปกติ"
LanguageConfig_MainInterface_Btn_TrinketCopy_CN,aGQd,d多语言_LanguageConfig_C.csv,317,LanguageConfig,CN,,禁忌纂录,ตำราต้องห้าม
LanguageConfig_MainInterface_Btn_BOSS_CN,aGPZ,d多语言_LanguageConfig_C.csv,322,LanguageConfig,CN,,超验存在,สิ่งดำรงอยู่เหนือการรับรู้
LanguageConfig_DailyCopy_Str_Money_Title_CN,aGIK,d多语言_LanguageConfig_C.csv,325,LanguageConfig,CN,,金券搜查,เสาะหาคูปองกุหลาบทองคำ
LanguageConfig_DailyCopy_Str_Ocean_Title_CN,aGIL,d多语言_LanguageConfig_C.csv,327,LanguageConfig,CN,,海渊残像,เงาตกค้างก้นสมุทร
LanguageConfig_DailyCopy_Str_Blood_Title_CN,aGIG,d多语言_LanguageConfig_C.csv,328,LanguageConfig,CN,,器质残像,เงาตกค้างแห่งกายา
LanguageConfig_DailyCopy_Str_Dimension_Title_CN,aGII,d多语言_LanguageConfig_C.csv,329,LanguageConfig,CN,,维度残像,เงาตกค้างห้วงมิติ
LanguageConfig_WeeklyBossInstructions_CN,aHpd,d多语言_LanguageConfig_C.csv,1351,LanguageConfig,CN,,\n<Title:奖励次数>\n·每周一9点(GMT+8)奖励次数重置，通关任意「超验存在」的关卡后将消耗1次奖励次数获得任务报酬奖励。\n·未使用的奖励次数将不会继承到下一周。\n\n<Title:重现>\n·首次完成「超验存在」关卡挑战后将解锁重现，重现将消耗1次奖励次数并直接获得任务报酬奖励。\n·若三星通关高难度关卡，则较低难度的关卡挑战进度会自动标记为三星通关。,"\n<Title:จำนวนครั้งในการรับรางวัล>\n·จำนวนครั้งในการรับรางวัลจะรีเซ็ตทุกวันจันทร์ เวลา 9:00 น. (GMT+8) หลังจากผ่านด่าน ""สิ่งดำรงอยู่เหนือการรับรู้"" ใดๆ ได้สำเร็จ จะใช้จำนวนครั้งในการรับรางวัล 1 ครั้ง เพื่อรับรางวัลค่าตอบแทนภารกิจ\nจำนวนครั้งในการรับรางวัลที่ไม่ได้ใช้ จะไม่ถูกยกยอดไปยังสัปดาห์ถัดไป\n\n<Title:การลงด่วน>\n·การลงด่วนจะปลดล็อกหลังจากผ่านด่าน ""สิ่งดำรงอยู่เหนือการรับรู้"" เป็นครั้งแรก การลงด่วนจะใช้สิทธิ์ในการรับรางวัล 1 ครั้ง และจะมอบรางวัลภารกิจให้ทันที \nหากผ่านด่านที่มีความยากระดับสูงด้วยคะแนนสามดาว ด่านที่มีระดับความยากต่ำกว่าจะถูกบันทึกผลคะแนนให้เป็นสามดาวให้โดยอัตโนมัติ"
LanguageConfig_WeeklyBossTitle_CN,aHpe,d多语言_LanguageConfig_C.csv,1352,LanguageConfig,CN,,规则说明,กฎกติกา
LanguageConfig_WeeklyBoss_LvLimit_CN,aHpf,d多语言_LanguageConfig_C.csv,1353,LanguageConfig,CN,,调查等级达到{s1}解锁,ปลดล็อคเมื่อเลเวลการสืบสวนถึง {s1}
LanguageConfig_DailyCopyRules_CN,aGIE,d多语言_LanguageConfig_C.csv,2930,LanguageConfig,CN,,1、融蚀之墟内通关对应的关卡后来获得大量唤醒体升格素材、灵知制剂和蔷薇金券!\n2、完成关卡挑战后解锁重现，重现可以立即获得该关卡的任务报酬。每次重现需消耗等同于进行调查所需的灵啡肽。\n3、在调查等级达到 20 级后解锁技能素材关卡。\n4、若三星通关高难度关卡，则较低难度的关卡挑战进度会自动标记为三星通关。,1. ผ่านด่านในซากปรักหักพังกร่อนสลาย เพื่อรับวัสดุอัพเกรดผู้ปลุกตื่น สารสกัดญาณทัศนะ และคูปองกุหลาบทองคำจำนวนมาก!2. หลังจากผ่านด่านใดด่านหนึ่งของเลเวลนั้นสำเร็จ จะปลดล็อกโหมดลงด่วน ซึ่งจะช่วยให้คุณได้รับรางวัลสำหรับเลเวลนั้นทันที การลงด่วนแต่ละครั้งจะใช้เมโนฟินในปริมาณที่เทียบเท่ากับปริมาณที่ใช้ในการลงด่านสืบสวนปกติ\n3. สำหรับด่านวัสดุอัปเกรดสกิลจะปลดล็อกเมื่อเลเวลการสืบสวนถึง 20\n4. หากผ่านด่านที่มีความยากระดับสูงด้วยคะแนนสามดาว ด่านที่มีระดับความยากต่ำกว่าจะถูกบันทึกผลคะแนนให้เป็นสามดาวให้โดยอัตโนมัติ
LanguageConfig_TrinketCopyRules_CN,aHmA,d多语言_LanguageConfig_C.csv,2931,LanguageConfig,CN,,1、禁忌纂录内通关关卡后可以获得密契！\n2、不同推荐等级的关卡可以获得不同数量的密契。\n·推荐等级 25 级的关卡可以获得 1 个密契。\n·推荐等级 35 级的关卡可以获得 2 个密契。\n·推荐等级 45 级的关卡可以获得 3 个密契。\n3、完成关卡挑战后解锁重现，重现可以立即获得该关卡的任务报酬。每次重现需消耗等同于进行调查所需的灵啡肽。\n4、每通关一章调查事件就解锁一个密契关卡。\n5、若三星通关高难度关卡，则较低难度的关卡挑战进度会自动标记为三星通关。,1. ผ่านด่านในตำราต้องห้ามเพื่อรับพันธสัญญา!\n2. ด่านที่มีเลเวลแนะนำต่างกันจะได้รับจำนวนพันธสัญญาที่แตกต่างกัน\n· ด่านที่เลเวลแนะนำ 25 จะได้รับพันธสัญญา 1 ชิ้น\n· ด่านที่เลเวลแนะนำ 35 จะได้รับพันธสัญญา 2 ชิ้น\n· ด่านที่เลเวลแนะนำ 45 จะได้รับพันธสัญญา 3 ชิ้น\n3. ลังจากผ่านด่านใดด่านหนึ่งของเลเวลนั้นสำเร็จ จะปลดล็อกโหมดลงด่วน ซึ่งจะช่วยให้คุณได้รับรางวัลสำหรับเลเวลนั้นทันที การลงด่วนแต่ละครั้งจะใช้เมโนฟินในปริมาณที่เทียบเท่ากับปริมาณที่ใช้ในการลงด่านสืบสวนปกติ\n4. ทุกครั้งที่ผ่านภารกิจสืบสวนแต่ละบทจะปลดล็อคด่านพันธสัญญาใหม่เสมอ\n5. หากผ่านด่านที่มีความยากระดับสูงด้วยคะแนนสามดาว ด่านที่มีระดับความยากต่ำกว่าจะถูกบันทึกผลคะแนนให้เป็นสามดาวให้โดยอัตโนมัติ
PanelText_UI_Research_Panel_Dispatch_Item_Text_C_Unclickable_Content,aIWx,j界面文字表_PanelText_C.csv,901,PanelText,Content,,未解锁,ล็อก
PanelText_UI_Research_Panel_Dispatch_Content_Text_C_Extra_Content,aIWr,j界面文字表_PanelText_C.csv,903,PanelText,Content,,【额外】,[เพิ่มเติม]
PanelText_UI_Research_Panel_Dispatch_Content_Text_C_NoTask_Content,aIWs,j界面文字表_PanelText_C.csv,904,PanelText,Content,,暂时没有新的派遣任务,ยังไม่มีภารกิจมอบหมายใหม่ในขณะนี้
PanelText_UI_Research_Panel_Dispatch_Content_Text_C_Special2_Content,aIWt,j界面文字表_PanelText_C.csv,905,PanelText,Content,,派遣总等级每超出20级，可获得1份额外奖励,เลเวลรวมการมอบหมายภารกิจที่เกิน 20 จะได้รับรางวัลเพิ่มเติม 1 ชิ้น
PanelText_UI_Research_Panel_Dispatch_Content_Text_C_Count_Content,aIWq,j界面文字表_PanelText_C.csv,906,PanelText,Content,,规则说明,กฎกติกา
PanelText_UI_Research_Panel_Dispatch_Content_Text_C_Award_Content,aIWp,j界面文字表_PanelText_C.csv,907,PanelText,Content,,任务报酬,ค่าตอบแทน
PanelText_UI_Research_Popup_Recall_Text_C_Special2_Content,aIWM,j界面文字表_PanelText_C.csv,908,PanelText,Content,,派遣总等级每超出20级，可获得1份额外奖励,เลเวลรวมการมอบหมายภารกิจที่เกิน 20 จะได้รับรางวัลเพิ่มเติม 1 ชิ้น
Stage_7727_Desc,aUUf,g关卡_Stage_A.csv,547,Stage,Desc,,它以乖巧的姿态靠在床沿，暗淡的纽扣眼睛望着虚空。\n小小的身躯承受了主人的全部眼泪，却无法出言安慰。,มันเอนตัวพิงขอบเตียงด้วยท่าทางอ่อนโยน ดวงตากระดุมหมองมัวจ้องมองความว่างเปล่า\nร่างเล็กๆ ของมันรองรับน้ำตาทั้งหมดของเจ้าของไว้ แต่กลับไม่สามารถเอ่ยคำปลอบโยนออกมาได้เลย
Stage_7949_Name,aViO,g关卡_Stage_A.csv,548,Stage,Name,,玩偶之泪Ⅱ,น้ำตาของตุ๊กตา II
Stage_7949_Desc,aViN,g关卡_Stage_A.csv,548,Stage,Desc,,它以乖巧的姿态靠在床沿，暗淡的纽扣眼睛望着虚空。\n小小的身躯承受了主人的全部眼泪，却无法出言安慰。,มันเอนตัวพิงขอบเตียงด้วยท่าทางอ่อนโยน ดวงตากระดุมหมองมัวจ้องมองความว่างเปล่า\nร่างเล็กๆ ของมันรองรับน้ำตาทั้งหมดของเจ้าของไว้ แต่กลับไม่สามารถเอ่ยคำปลอบโยนออกมาได้เลย
Stage_7852_Name,aVdd,g关卡_Stage_A.csv,549,Stage,Name,,玩偶之泪Ⅲ,น้ำตาของตุ๊กตา III
Stage_7852_Desc,aVdc,g关卡_Stage_A.csv,549,Stage,Desc,,它以乖巧的姿态靠在床沿，暗淡的纽扣眼睛望着虚空。\n小小的身躯承受了主人的全部眼泪，却无法出言安慰。,มันเอนตัวพิงขอบเตียงด้วยท่าทางอ่อนโยน ดวงตากระดุมหมองมัวจ้องมองความว่างเปล่า\nร่างเล็กๆ ของมันรองรับน้ำตาทั้งหมดของเจ้าของไว้ แต่กลับไม่สามารถเอ่ยคำปลอบโยนออกมาได้เลย
Stage_7798_Name,aUYx,g关卡_Stage_A.csv,550,Stage,Name,,玩偶之泪Ⅳ,น้ำตาของตุ๊กตา IV
Stage_7798_Desc,aUYw,g关卡_Stage_A.csv,550,Stage,Desc,,它以乖巧的姿态靠在床沿，暗淡的纽扣眼睛望着虚空。\n小小的身躯承受了主人的全部眼泪，却无法出言安慰。,มันเอนตัวพิงขอบเตียงด้วยท่าทางอ่อนโยน ดวงตากระดุมหมองมัวจ้องมองความว่างเปล่า\nร่างเล็กๆ ของมันรองรับน้ำตาทั้งหมดของเจ้าของไว้ แต่กลับไม่สามารถเอ่ยคำปลอบโยนออกมาได้เลย
Stage_7656_Name,aUBF,g关卡_Stage_A.csv,551,Stage,Name,,玩偶之泪Ⅴ,น้ำตาของตุ๊กตา V
Stage_7656_Desc,aUBE,g关卡_Stage_A.csv,551,Stage,Desc,,它以乖巧的姿态靠在床沿，暗淡的纽扣眼睛望着虚空。\n小小的身躯承受了主人的全部眼泪，却无法出言安慰。,มันเอนตัวพิงขอบเตียงด้วยท่าทางอ่อนโยน ดวงตากระดุมหมองมัวจ้องมองความว่างเปล่า\nร่างเล็กๆ ของมันรองรับน้ำตาทั้งหมดของเจ้าของไว้ แต่กลับไม่สามารถเอ่ยคำปลอบโยนออกมาได้เลย
Stage_7726_Name,aUUd,g关卡_Stage_A.csv,552,Stage,Name,,蜡像之秘Ⅰ,ความลับของหุ่นขี้ผึ้ง I
Stage_7726_Desc,aUUc,g关卡_Stage_A.csv,552,Stage,Desc,,它们原本是悲伤、扭曲和懵懂组成的无意识集合，\n却被打扮成幸福的小孩、大人和宠物。\n因着从未品尝过幸福的滋味，它们成了最糟糕的演员。,เดิมทีพวกมันคือศูนย์รวมของจิตไร้สำนึกที่ประกอบด้วยความเศร้า ความบิดเบี้ยว และความเขลา\nแต่กลับถูกจับแต่งให้เป็นเด็ก ผู้ใหญ่ หรือสัตว์เลี้ยงที่มีความสุขและสดใส\nด้วยเหตุที่พวกมันไม่เคยลิ้มรสความสุขที่แท้จริง พวกมันจึงกลายเป็นนักแสดงที่แย่ที่สุด
Stage_7877_Name,aVeG,g关卡_Stage_A.csv,553,Stage,Name,,蜡像之秘Ⅱ,ความลับของหุ่นขี้ผึ้ง II
Stage_7877_Desc,aVeF,g关卡_Stage_A.csv,553,Stage,Desc,,它们原本是悲伤、扭曲和懵懂组成的无意识集合，\n却被打扮成幸福的小孩、大人和宠物。\n因着从未品尝过幸福的滋味，它们成了最糟糕的演员。,เดิมทีพวกมันคือศูนย์รวมของจิตไร้สำนึกที่ประกอบด้วยความเศร้า ความบิดเบี้ยว และความเขลา\nแต่กลับถูกจับแต่งให้เป็นเด็ก ผู้ใหญ่ หรือสัตว์เลี้ยงที่มีความสุขและสดใส\nด้วยเหตุที่พวกมันไม่เคยลิ้มรสความสุขที่แท้จริง พวกมันจึงกลายเป็นนักแสดงที่แย่ที่สุด
Stage_8071_Name,aVpQ,g关卡_Stage_A.csv,554,Stage,Name,,蜡像之秘Ⅲ,ความลับของหุ่นขี้ผึ้ง III
Stage_8071_Desc,aVpP,g关卡_Stage_A.csv,554,Stage,Desc,,它们原本是悲伤、扭曲和懵懂组成的无意识集合，\n却被打扮成幸福的小孩、大人和宠物。\n因着从未品尝过幸福的滋味，它们成了最糟糕的演员。,เดิมทีพวกมันคือศูนย์รวมของจิตไร้สำนึกที่ประกอบด้วยความเศร้า ความบิดเบี้ยว และความเขลา\nแต่กลับถูกจับแต่งให้เป็นเด็ก ผู้ใหญ่ หรือสัตว์เลี้ยงที่มีความสุขและสดใส\nด้วยเหตุที่พวกมันไม่เคยลิ้มรสความสุขที่แท้จริง พวกมันจึงกลายเป็นนักแสดงที่แย่ที่สุด
Stage_8199_Name,aVxh,g关卡_Stage_A.csv,555,Stage,Name,,蜡像之秘Ⅳ,ความลับของหุ่นขี้ผึ้ง IV
Stage_8199_Desc,aVxg,g关卡_Stage_A.csv,555,Stage,Desc,,它们原本是悲伤、扭曲和懵懂组成的无意识集合，\n却被打扮成幸福的小孩、大人和宠物。\n因着从未品尝过幸福的滋味，它们成了最糟糕的演员。,เดิมทีพวกมันคือศูนย์รวมของจิตไร้สำนึกที่ประกอบด้วยความเศร้า ความบิดเบี้ยว และความเขลา\nแต่กลับถูกจับแต่งให้เป็นเด็ก ผู้ใหญ่ หรือสัตว์เลี้ยงที่มีความสุขและสดใส\nด้วยเหตุที่พวกมันไม่เคยลิ้มรสความสุขที่แท้จริง พวกมันจึงกลายเป็นนักแสดงที่แย่ที่สุด
Stage_7657_Name,aUBI,g关卡_Stage_A.csv,556,Stage,Name,,蜡像之秘Ⅴ,ความลับของหุ่นขี้ผึ้ง V
Stage_7657_Desc,aUBH,g关卡_Stage_A.csv,556,Stage,Desc,,它们原本是悲伤、扭曲和懵懂组成的无意识集合，\n却被打扮成幸福的小孩、大人和宠物。\n因着从未品尝过幸福的滋味，它们成了最糟糕的演员。,เดิมทีพวกมันคือศูนย์รวมของจิตไร้สำนึกที่ประกอบด้วยความเศร้า ความบิดเบี้ยว และความเขลา\nแต่กลับถูกจับแต่งให้เป็นเด็ก ผู้ใหญ่ หรือสัตว์เลี้ยงที่มีความสุขและสดใส\nด้วยเหตุที่พวกมันไม่เคยลิ้มรสความสุขที่แท้จริง พวกมันจึงกลายเป็นนักแสดงที่แย่ที่สุด
Stage_8074_Name,aVpZ,g关卡_Stage_A.csv,557,Stage,Name,,漆黑之链Ⅰ,พันธนาอนธการ I
Stage_8074_Desc,aVpY,g关卡_Stage_A.csv,557,Stage,Desc,,蠕动着、流淌着……原生质的肿泡正从枷锁的缝隙中溜走。\n这是她为「自由」付出的代价。,"เลื้อยคลาน ไหลซึม... เนื้อเยื่อบวมพองกำลังหลุดรอดออกจากรอยร้าวของเครื่องพันธนาการ\nนี่คือราคาที่เธอต้องจ่ายเพื่อแลกกับ ""อิสรภาพ"""
Stage_7796_Name,aUYf,g关卡_Stage_A.csv,558,Stage,Name,,漆黑之链Ⅱ,พันธนาอนธการ II
Stage_7796_Desc,aUYe,g关卡_Stage_A.csv,558,Stage,Desc,,蠕动着、流淌着……原生质的肿泡正从枷锁的缝隙中溜走。\n这是她为「自由」付出的代价。,"เลื้อยคลาน ไหลซึม... เนื้อเยื่อบวมพองกำลังหลุดรอดออกจากรอยร้าวของเครื่องพันธนาการ\nนี่คือราคาที่เธอต้องจ่ายเพื่อแลกกับ ""อิสรภาพ"""
Stage_7652_Name,aUBt,g关卡_Stage_A.csv,559,Stage,Name,,漆黑之链Ⅲ,พันธนาอนธการ III
Stage_7652_Desc,aUBs,g关卡_Stage_A.csv,559,Stage,Desc,,蠕动着、流淌着……原生质的肿泡正从枷锁的缝隙中溜走。\n这是她为「自由」付出的代价。,"เลื้อยคลาน ไหลซึม... เนื้อเยื่อบวมพองกำลังหลุดรอดออกจากรอยร้าวของเครื่องพันธนาการ\nนี่คือราคาที่เธอต้องจ่ายเพื่อแลกกับ ""อิสรภาพ"""
Stage_8139_Name,aVtJ,g关卡_Stage_A.csv,560,Stage,Name,,漆黑之链Ⅳ,พันธนาอนธการ IV
Stage_8139_Desc,aVtI,g关卡_Stage_A.csv,560,Stage,Desc,,蠕动着、流淌着……原生质的肿泡正从枷锁的缝隙中溜走。\n这是她为「自由」付出的代价。,"เลื้อยคลาน ไหลซึม... เนื้อเยื่อบวมพองกำลังหลุดรอดออกจากรอยร้าวของเครื่องพันธนาการ\nนี่คือราคาที่เธอต้องจ่ายเพื่อแลกกับ ""อิสรภาพ"""
Stage_7978_Name,aVkD,g关卡_Stage_A.csv,561,Stage,Name,,漆黑之链Ⅴ,พันธนาอนธการ V
Stage_7978_Desc,aVkC,g关卡_Stage_A.csv,561,Stage,Desc,,蠕动着、流淌着……原生质的肿泡正从枷锁的缝隙中溜走。\n这是她为「自由」付出的代价。,"เลื้อยคลาน ไหลซึม... เนื้อเยื่อบวมพองกำลังหลุดรอดออกจากรอยร้าวของเครื่องพันธนาการ\nนี่คือราคาที่เธอต้องจ่ายเพื่อแลกกับ ""อิสรภาพ"""
Stage_8072_Name,aVpT,g关卡_Stage_A.csv,562,Stage,Name,,界外之影Ⅰ,เงาทมิฬจากแดนไกล I
Stage_8072_Desc,aVpS,g关卡_Stage_A.csv,562,Stage,Desc,,它一刻不停地追逐那些打破规则的僭越者。\n至于何为「规则」，何为「打破」？\n猎犬从不思考——那只会阻碍它奔袭的速度。,"มันไล่ล่าผู้ละเมิดที่ฝ่าฝืนกฎอย่างไม่หยุดหย่อน\nแต่อะไรคือ ""กฎ"" อะไรคือ ""ฝ่าฝืน"" ?\nสุนัขล่าเนื้อไม่เคยคิด—การครุ่นคิดรังแต่จะขัดขวางความเร็วในการไล่ล่าของมันเท่านั้น"
Stage_7968_Name,aVjT,g关卡_Stage_A.csv,563,Stage,Name,,界外之影Ⅰ,เงาทมิฬจากแดนไกล I
Stage_7968_Desc,aVjS,g关卡_Stage_A.csv,563,Stage,Desc,,它一刻不停地追逐那些打破规则的僭越者。\n至于何为「规则」，何为「打破」？\n猎犬从不思考——那只会阻碍它奔袭的速度。,"มันไล่ล่าผู้ละเมิดที่ฝ่าฝืนกฎอย่างไม่หยุดหย่อน\nแต่อะไรคือ ""กฎ"" อะไรคือ ""ฝ่าฝืน"" ?\nสุนัขล่าเนื้อไม่เคยคิด—การครุ่นคิดรังแต่จะขัดขวางความเร็วในการไล่ล่าของมันเท่านั้น"
Stage_7752_Name,aUVD,g关卡_Stage_A.csv,564,Stage,Name,,界外之影Ⅱ,เงาทมิฬจากแดนไกล II
Stage_7752_Desc,aUVC,g关卡_Stage_A.csv,564,Stage,Desc,,它一刻不停地追逐那些打破规则的僭越者。\n至于何为「规则」，何为「打破」？\n猎犬从不思考——那只会阻碍它奔袭的速度。,"มันไล่ล่าผู้ละเมิดที่ฝ่าฝืนกฎอย่างไม่หยุดหย่อน\nแต่อะไรคือ ""กฎ"" อะไรคือ ""ฝ่าฝืน"" ?\nสุนัขล่าเนื้อไม่เคยคิด—การครุ่นคิดรังแต่จะขัดขวางความเร็วในการไล่ล่าของมันเท่านั้น"
Stage_7648_Name,aUBh,g关卡_Stage_A.csv,565,Stage,Name,,界外之影Ⅲ,เงาทมิฬจากแดนไกล III
Stage_7648_Desc,aUBg,g关卡_Stage_A.csv,565,Stage,Desc,,它一刻不停地追逐那些打破规则的僭越者。\n至于何为「规则」，何为「打破」？\n猎犬从不思考——那只会阻碍它奔袭的速度。,"มันไล่ล่าผู้ละเมิดที่ฝ่าฝืนกฎอย่างไม่หยุดหย่อน\nแต่อะไรคือ ""กฎ"" อะไรคือ ""ฝ่าฝืน"" ?\nสุนัขล่าเนื้อไม่เคยคิด—การครุ่นคิดรังแต่จะขัดขวางความเร็วในการไล่ล่าของมันเท่านั้น"
Stage_7861_Name,aVdy,g关卡_Stage_A.csv,566,Stage,Name,,界外之影Ⅳ,เงาทมิฬจากแดนไกล IV
Stage_7861_Desc,aVdx,g关卡_Stage_A.csv,566,Stage,Desc,,它一刻不停地追逐那些打破规则的僭越者。\n至于何为「规则」，何为「打破」？\n猎犬从不思考——那只会阻碍它奔袭的速度。,"มันไล่ล่าผู้ละเมิดที่ฝ่าฝืนกฎอย่างไม่หยุดหย่อน\nแต่อะไรคือ ""กฎ"" อะไรคือ ""ฝ่าฝืน"" ?\nสุนัขล่าเนื้อไม่เคยคิด—การครุ่นคิดรังแต่จะขัดขวางความเร็วในการไล่ล่าของมันเท่านั้น"
Stage_7745_Name,aUVi,g关卡_Stage_A.csv,567,Stage,Name,,虔诚之握Ⅰ,อ้อมกอดแห่งศรัทธา I
Stage_7745_Desc,aUVh,g关卡_Stage_A.csv,567,Stage,Desc,,她以己身承纳圣骸，以教义训导眷众，以毒牙布散信仰。,นางโอบรับสิ่งศักดิ์สิทธิ์ไว้ในร่างของตน ชี้นำผู้ศรัทธาด้วยคำสอน แพร่กระจายความเชื่อด้วยเขี้ยวพิษ
Stage_7969_Name,aVjW,g关卡_Stage_A.csv,568,Stage,Name,,虔诚之握Ⅰ,อ้อมกอดแห่งศรัทธา I
Stage_7969_Desc,aVjV,g关卡_Stage_A.csv,568,Stage,Desc,,她以己身承纳圣骸，以教义训导眷众，以毒牙布散信仰。,นางโอบรับสิ่งศักดิ์สิทธิ์ไว้ในร่างของตน ชี้นำผู้ศรัทธาด้วยคำสอน แพร่กระจายความเชื่อด้วยเขี้ยวพิษ
Stage_7870_Name,aVdZ,g关卡_Stage_A.csv,569,Stage,Name,,虔诚之握Ⅱ,อ้อมกอดแห่งศรัทธา I
Stage_7870_Desc,aVdY,g关卡_Stage_A.csv,569,Stage,Desc,,她以己身承纳圣骸，以教义训导眷众，以毒牙布散信仰。,นางโอบรับสิ่งศักดิ์สิทธิ์ไว้ในร่างของตน ชี้นำผู้ศรัทธาด้วยคำสอน แพร่กระจายความเชื่อด้วยเขี้ยวพิษ
Stage_7636_Name,aUzE,g关卡_Stage_A.csv,570,Stage,Name,,虔诚之握Ⅲ,อ้อมกอดแห่งศรัทธา II
Stage_7636_Desc,aUzD,g关卡_Stage_A.csv,570,Stage,Desc,,她以己身承纳圣骸，以教义训导眷众，以毒牙布散信仰。,นางโอบรับสิ่งศักดิ์สิทธิ์ไว้ในร่างของตน ชี้นำผู้ศรัทธาด้วยคำสอน แพร่กระจายความเชื่อด้วยเขี้ยวพิษ
Stage_8098_Name,aVrt,g关卡_Stage_A.csv,571,Stage,Name,,虔诚之握Ⅳ,อ้อมกอดแห่งศรัทธา III
Stage_8098_Desc,aVrs,g关卡_Stage_A.csv,571,Stage,Desc,,她以己身承纳圣骸，以教义训导眷众，以毒牙布散信仰。,นางโอบรับสิ่งศักดิ์สิทธิ์ไว้ในร่างของตน ชี้นำผู้ศรัทธาด้วยคำสอน แพร่กระจายความเชื่อด้วยเขี้ยวพิษ
Stage_36132_Name,aSft,g关卡_Stage_A.csv,572,Stage,Name,,圣胎之咏Ⅰ,บทสรรเสริญแห่งครรภ์ศักดิ์สิทธิ์ I
Stage_36132_Desc,aSfs,g关卡_Stage_A.csv,572,Stage,Desc,,不被祝福的孩子在海中吟咏圣歌。\n嘘……请保持安静，切勿惊扰祂的长眠。,เด็กน้อยผู้ไร้บุญกำลังขับขานเพลงสรรเสริญอยู่ในทะเล\nชู่...เงียบหน่อยสิ อย่ารบกวนการหลับใหลอันยาวนานของมันเด็ดขาด
Stage_36130_Name,aSfn,g关卡_Stage_A.csv,573,Stage,Name,,圣胎之咏Ⅰ,บทสรรเสริญแห่งครรภ์ศักดิ์สิทธิ์ I
Stage_36130_Desc,aSfm,g关卡_Stage_A.csv,573,Stage,Desc,,不被祝福的孩子在海中吟咏圣歌。\n嘘……请保持安静，切勿惊扰祂的长眠。,เด็กน้อยผู้ไร้บุญกำลังขับขานเพลงสรรเสริญอยู่ในทะเล\nชู่...เงียบหน่อยสิ อย่ารบกวนการหลับใหลอันยาวนานของมันเด็ดขาด
Stage_36131_Name,aSfq,g关卡_Stage_A.csv,574,Stage,Name,,圣胎之咏Ⅰ,บทสรรเสริญแห่งครรภ์ศักดิ์สิทธิ์ I
Stage_36131_Desc,aSfp,g关卡_Stage_A.csv,574,Stage,Desc,,不被祝福的孩子在海中吟咏圣歌。\n嘘……请保持安静，切勿惊扰祂的长眠。,เด็กน้อยผู้ไร้บุญกำลังขับขานเพลงสรรเสริญอยู่ในทะเล\nชู่...เงียบหน่อยสิ อย่ารบกวนการหลับใหลอันยาวนานของมันเด็ดขาด
Stage_36126_Name,aSfb,g关卡_Stage_A.csv,575,Stage,Name,,圣胎之咏Ⅱ,บทสรรเสริญแห่งครรภ์ศักดิ์สิทธิ์ I
Stage_36126_Desc,aSfa,g关卡_Stage_A.csv,575,Stage,Desc,,不被祝福的孩子在海中吟咏圣歌。\n嘘……请保持安静，切勿惊扰祂的长眠。,เด็กน้อยผู้ไร้บุญกำลังขับขานเพลงสรรเสริญอยู่ในทะเล\nชู่...เงียบหน่อยสิ อย่ารบกวนการหลับใหลอันยาวนานของมันเด็ดขาด
Stage_36126_StageInitStateText,aSfc,g关卡_Stage_A.csv,575,Stage,StageInitStateText,,海魇,อสุรกายแห่งท้องทะเล
Stage_36125_Name,aSeY,g关卡_Stage_A.csv,576,Stage,Name,,圣胎之咏Ⅲ,บทสรรเสริญแห่งครรภ์ศักดิ์สิทธิ์ II
Stage_36125_Desc,aSeX,g关卡_Stage_A.csv,576,Stage,Desc,,不被祝福的孩子在海中吟咏圣歌。\n嘘……请保持安静，切勿惊扰祂的长眠。,เด็กน้อยผู้ไร้บุญกำลังขับขานเพลงสรรเสริญอยู่ในทะเล\nชู่...เงียบหน่อยสิ อย่ารบกวนการหลับใหลอันยาวนานของมันเด็ดขาด
Stage_36125_StageInitStateText,aSeZ,g关卡_Stage_A.csv,576,Stage,StageInitStateText,,海魇,อสุรกายแห่งท้องทะเล
Stage_49159_Name,aSzY,g关卡_Stage_A.csv,577,Stage,Name,,沙海遗存Ⅰ,มรดกในทะเลทราย I
Stage_49159_Desc,aSzX,g关卡_Stage_A.csv,577,Stage,Desc,,母树的幻影于银色火焰中轰然倒塌，但祂的血脉终将在根系中复苏。,ภาพมายาของพฤกษามารดาได้พังทลายลงท่ามกลางเปลวเพลิงสีเงิน แต่สายเลือดของมันจะฟื้นคืนสู่รากในที่สุด
Stage_49161_Name,aSAe,g关卡_Stage_A.csv,578,Stage,Name,,沙海遗存Ⅰ,มรดกในทะเลทราย I
Stage_49161_Desc,aSAd,g关卡_Stage_A.csv,578,Stage,Desc,,母树的幻影于银色火焰中轰然倒塌，但祂的血脉终将在根系中复苏。,ภาพมายาของพฤกษามารดาได้พังทลายลงท่ามกลางเปลวเพลิงสีเงิน แต่สายเลือดของมันจะฟื้นคืนสู่รากในที่สุด
Stage_49160_Name,aSAb,g关卡_Stage_A.csv,579,Stage,Name,,沙海遗存Ⅰ,มรดกในทะเลทราย I
Stage_49160_Desc,aSAa,g关卡_Stage_A.csv,579,Stage,Desc,,母树的幻影于银色火焰中轰然倒塌，但祂的血脉终将在根系中复苏。,ภาพมายาของพฤกษามารดาได้พังทลายลงท่ามกลางเปลวเพลิงสีเงิน แต่สายเลือดของมันจะฟื้นคืนสู่รากในที่สุด
Stage_49165_Name,aSAq,g关卡_Stage_A.csv,580,Stage,Name,,沙海遗存Ⅱ,มรดกในทะเลทราย II
Stage_49165_Desc,aSAp,g关卡_Stage_A.csv,580,Stage,Desc,,母树的幻影于银色火焰中轰然倒塌，但祂的血脉终将在根系中复苏。,ภาพมายาของพฤกษามารดาได้พังทลายลงท่ามกลางเปลวเพลิงสีเงิน แต่สายเลือดของมันจะฟื้นคืนสู่รากในที่สุด
Stage_49165_StageInitStateText,aSAr,g关卡_Stage_A.csv,580,Stage,StageInitStateText,,繁育,แพร่พันธุ์
Stage_49167_Name,aSAw,g关卡_Stage_A.csv,581,Stage,Name,,沙海遗存Ⅲ,มรดกในทะเลทราย III
Stage_49167_Desc,aSAv,g关卡_Stage_A.csv,581,Stage,Desc,,母树的幻影于银色火焰中轰然倒塌，但祂的血脉终将在根系中复苏。,ภาพมายาของพฤกษามารดาได้พังทลายลงท่ามกลางเปลวเพลิงสีเงิน แต่สายเลือดของมันจะฟื้นคืนสู่รากในที่สุด
Stage_49167_StageInitStateText,aSAx,g关卡_Stage_A.csv,581,Stage,StageInitStateText,,繁育,แพร่พันธุ์
Stage_59076_Name,aTLF,g关卡_Stage_A.csv,582,Stage,Name,,黑池之潮Ⅰ,กระแสน้ำในสระดำ I
Stage_59076_Desc,aTLE,g关卡_Stage_A.csv,582,Stage,Desc,,黑色的池水狂躁地舞动，迎接它们最初的、唯一的主人。,ผิวน้ำสีดำเต้นระบำอย่างบ้าคลั่ง เพื่อต้อนรับนายเหนือหัวคนแรกและคนเดียวของพวกมัน
Stage_59070_Name,aTLn,g关卡_Stage_A.csv,583,Stage,Name,,黑池之潮Ⅰ,กระแสน้ำในสระดำ I
Stage_59070_Desc,aTLm,g关卡_Stage_A.csv,583,Stage,Desc,,黑色的池水狂躁地舞动，迎接它们最初的、唯一的主人。,ผิวน้ำสีดำเต้นระบำอย่างบ้าคลั่ง เพื่อต้อนรับนายเหนือหัวคนแรกและคนเดียวของพวกมัน
Stage_59074_Name,aTLz,g关卡_Stage_A.csv,584,Stage,Name,,黑池之潮Ⅰ,กระแสน้ำในสระดำ I
Stage_59074_Desc,aTLy,g关卡_Stage_A.csv,584,Stage,Desc,,黑色的池水狂躁地舞动，迎接它们最初的、唯一的主人。,ผิวน้ำสีดำเต้นระบำอย่างบ้าคลั่ง เพื่อต้อนรับนายเหนือหัวคนแรกและคนเดียวของพวกมัน
Stage_59058_Name,aTKD,g关卡_Stage_A.csv,585,Stage,Name,,黑池之潮Ⅰ,กระแสน้ำในสระดำ I
Stage_59058_Desc,aTKC,g关卡_Stage_A.csv,585,Stage,Desc,,黑色的池水狂躁地舞动，迎接它们最初的、唯一的主人。,ผิวน้ำสีดำเต้นระบำอย่างบ้าคลั่ง เพื่อต้อนรับนายเหนือหัวคนแรกและคนเดียวของพวกมัน
Stage_59073_Name,aTLw,g关卡_Stage_A.csv,586,Stage,Name,,黑池之潮Ⅱ,กระแสน้ำในสระดำ II
Stage_59073_Desc,aTLv,g关卡_Stage_A.csv,586,Stage,Desc,,黑色的池水狂躁地舞动，迎接它们最初的、唯一的主人。,ผิวน้ำสีดำเต้นระบำอย่างบ้าคลั่ง เพื่อต้อนรับนายเหนือหัวคนแรกและคนเดียวของพวกมัน
Stage_7864_Name,aVdH,g关卡_Stage_A.csv,587,Stage,Name,,怪雾之都Ⅰ,นครหมอกลี้ลับ I
Stage_7864_Desc,aVdG,g关卡_Stage_A.csv,587,Stage,Desc,,伦蒂尼恩以灿烂的工业文明，以及笼罩市区的铅灰色浓雾闻名。\n雾气无处不在，对路人来说是更像是一种偶然、无意义的不便。,ลอนดิเนียมมีชื่อเสียงในด้านอุตสาหกรรมอันรุ่งโรจน์และหมอกหนาทึบสีเทาตะกั่วที่ปกคลุมทั่วเมือง\nหมอกนั้นปกคลุมทั่วทุกหนทุกแห่ง สำหรับผู้คนบนท้องถนนแล้ว มันเป็นเพียงความไม่สะดวกที่เกิดขึ้นโดยบังเอิญและไร้ความหมายเท่านั้น
Stage_7649_Name,aUBk,g关卡_Stage_A.csv,588,Stage,Name,,怪雾之都Ⅱ,นครหมอกลี้ลับ II
Stage_7649_Desc,aUBj,g关卡_Stage_A.csv,588,Stage,Desc,,伦蒂尼恩以灿烂的工业文明，以及笼罩市区的铅灰色浓雾闻名。\n雾气无处不在，对路人来说是更像是一种偶然、无意义的不便。,ลอนดิเนียมมีชื่อเสียงในด้านอุตสาหกรรมอันรุ่งโรจน์และหมอกหนาทึบสีเทาตะกั่วที่ปกคลุมทั่วเมือง\nหมอกนั้นปกคลุมทั่วทุกหนทุกแห่ง สำหรับผู้คนบนท้องถนนแล้ว มันเป็นเพียงความไม่สะดวกที่เกิดขึ้นโดยบังเอิญและไร้ความหมายเท่านั้น
Stage_7985_Name,aVkY,g关卡_Stage_A.csv,589,Stage,Name,,怪雾之都Ⅲ,นครหมอกลี้ลับ III
Stage_7985_Desc,aVkX,g关卡_Stage_A.csv,589,Stage,Desc,,伦蒂尼恩以灿烂的工业文明，以及笼罩市区的铅灰色浓雾闻名。\n雾气无处不在，对路人来说是更像是一种偶然、无意义的不便。,ลอนดิเนียมมีชื่อเสียงในด้านอุตสาหกรรมอันรุ่งโรจน์และหมอกหนาทึบสีเทาตะกั่วที่ปกคลุมทั่วเมือง\nหมอกนั้นปกคลุมทั่วทุกหนทุกแห่ง สำหรับผู้คนบนท้องถนนแล้ว มันเป็นเพียงความไม่สะดวกที่เกิดขึ้นโดยบังเอิญและไร้ความหมายเท่านั้น
Stage_8161_Name,aVuX,g关卡_Stage_A.csv,590,Stage,Name,,怪雾之都Ⅳ,นครหมอกลี้ลับ IV
Stage_8161_Desc,aVuW,g关卡_Stage_A.csv,590,Stage,Desc,,伦蒂尼恩以灿烂的工业文明，以及笼罩市区的铅灰色浓雾闻名。\n雾气无处不在，对路人来说是更像是一种偶然、无意义的不便。,ลอนดิเนียมมีชื่อเสียงในด้านอุตสาหกรรมอันรุ่งโรจน์และหมอกหนาทึบสีเทาตะกั่วที่ปกคลุมทั่วเมือง\nหมอกนั้นปกคลุมทั่วทุกหนทุกแห่ง สำหรับผู้คนบนท้องถนนแล้ว มันเป็นเพียงความไม่สะดวกที่เกิดขึ้นโดยบังเอิญและไร้ความหมายเท่านั้น
Stage_7826_Name,aVaN,g关卡_Stage_A.csv,591,Stage,Name,,狂躁蜡馆Ⅰ,พิพิธภัณฑ์หุ่นขี้ผึ้งวิปลาส I
Stage_7826_Desc,aVaM,g关卡_Stage_A.csv,591,Stage,Desc,,罗杰斯蜡像馆坐落在南华克街的最深处，靠近泰姆河的支流。\n它毫不起眼，却有众多先锋艺术爱好者慕名而来。,พิพิธภัณฑ์หุ่นขี้ผึ้งโรเจอร์สตั้งอยู่ที่ส่วนลึกสุดของถนนเซาท์วาร์ก ใกล้กับลำน้ำสาขาของแม่น้ำเทมส์\nแม้จะดูไม่สะดุดตา แต่กลับมีผู้ที่ชื่นชอบศิลปะล้ำยุคจำนวนนับไม่ถ้วนเดินทางมาเยือนตามคำเลื่องลือ
Stage_8047_Name,aVoC,g关卡_Stage_A.csv,592,Stage,Name,,狂躁蜡馆Ⅱ,พิพิธภัณฑ์หุ่นขี้ผึ้งวิปลาส II
Stage_8047_Desc,aVoB,g关卡_Stage_A.csv,592,Stage,Desc,,罗杰斯蜡像馆坐落在南华克街的最深处，靠近泰姆河的支流。\n它毫不起眼，却有众多先锋艺术爱好者慕名而来。,พิพิธภัณฑ์หุ่นขี้ผึ้งโรเจอร์สตั้งอยู่ที่ส่วนลึกสุดของถนนเซาท์วาร์ก ใกล้กับลำน้ำสาขาของแม่น้ำเทมส์\nแม้จะดูไม่สะดุดตา แต่กลับมีผู้ที่ชื่นชอบศิลปะล้ำยุคจำนวนนับไม่ถ้วนเดินทางมาเยือนตามคำเลื่องลือ
Stage_8104_Name,aVrL,g关卡_Stage_A.csv,593,Stage,Name,,狂躁蜡馆Ⅲ,พิพิธภัณฑ์หุ่นขี้ผึ้งวิปลาส III
Stage_8104_Desc,aVrK,g关卡_Stage_A.csv,593,Stage,Desc,,罗杰斯蜡像馆坐落在南华克街的最深处，靠近泰姆河的支流。\n它毫不起眼，却有众多先锋艺术爱好者慕名而来。,พิพิธภัณฑ์หุ่นขี้ผึ้งโรเจอร์สตั้งอยู่ที่ส่วนลึกสุดของถนนเซาท์วาร์ก ใกล้กับลำน้ำสาขาของแม่น้ำเทมส์\nแม้จะดูไม่สะดุดตา แต่กลับมีผู้ที่ชื่นชอบศิลปะล้ำยุคจำนวนนับไม่ถ้วนเดินทางมาเยือนตามคำเลื่องลือ
Stage_7923_Name,aVho,g关卡_Stage_A.csv,594,Stage,Name,,狂躁蜡馆Ⅳ,พิพิธภัณฑ์หุ่นขี้ผึ้งวิปลาส IV
Stage_7923_Desc,aVhn,g关卡_Stage_A.csv,594,Stage,Desc,,罗杰斯蜡像馆坐落在南华克街的最深处，靠近泰姆河的支流。\n它毫不起眼，却有众多先锋艺术爱好者慕名而来。,พิพิธภัณฑ์หุ่นขี้ผึ้งโรเจอร์สตั้งอยู่ที่ส่วนลึกสุดของถนนเซาท์วาร์ก ใกล้กับลำน้ำสาขาของแม่น้ำเทมส์\nแม้จะดูไม่สะดุดตา แต่กลับมีผู้ที่ชื่นชอบศิลปะล้ำยุคจำนวนนับไม่ถ้วนเดินทางมาเยือนตามคำเลื่องลือ
Stage_7747_Name,aUVo,g关卡_Stage_A.csv,595,Stage,Name,,错乱异镇Ⅰ,เมืองวิกล I
Stage_7747_Desc,aUVn,g关卡_Stage_A.csv,595,Stage,Desc,,拉伊小镇位于伦蒂尼恩东北部，隐没在绵延的山脉中。\n沉默的乡民、无处不在的视线……当心，这里的一切都不太寻常。,เมืองไรซ์เป็นเมืองเล็กๆ ที่ตั้งอยู่ทางทิศตะวันออกเฉียงเหนือของลอนดิเนียม ซ่อนตัวอยู่ในแนวเทือกเขาที่ทอดยาว\nชาวบ้านพากันนิ่งเงียบ พลางส่งสายตาเฝ้ามองจากทุกหนแห่ง... จงระวังให้ดี เพราะทุกสิ่งทุกอย่างที่นี่ล้วนมีแต่ความผิดแผก
Stage_7936_Name,aVib,g关卡_Stage_A.csv,596,Stage,Name,,错乱异镇Ⅱ,เมืองวิกล II
Stage_7936_Desc,aVia,g关卡_Stage_A.csv,596,Stage,Desc,,拉伊小镇位于伦蒂尼恩东北部，隐没在绵延的山脉中。\n沉默的乡民、无处不在的视线……当心，这里的一切都不太寻常。,เมืองไรซ์เป็นเมืองเล็กๆ ที่ตั้งอยู่ทางทิศตะวันออกเฉียงเหนือของลอนดิเนียม ซ่อนตัวอยู่ในแนวเทือกเขาที่ทอดยาว\nชาวบ้านพากันนิ่งเงียบ พลางส่งสายตาเฝ้ามองจากทุกหนแห่ง... จงระวังให้ดี เพราะทุกสิ่งทุกอย่างที่นี่ล้วนมีแต่ความผิดแผก
Stage_7806_Name,aUZF,g关卡_Stage_A.csv,597,Stage,Name,,错乱异镇Ⅲ,เมืองวิกล III
Stage_7806_Desc,aUZE,g关卡_Stage_A.csv,597,Stage,Desc,,拉伊小镇位于伦蒂尼恩东北部，隐没在绵延的山脉中。\n沉默的乡民、无处不在的视线……当心，这里的一切都不太寻常。,เมืองไรซ์เป็นเมืองเล็กๆ ที่ตั้งอยู่ทางทิศตะวันออกเฉียงเหนือของลอนดิเนียม ซ่อนตัวอยู่ในแนวเทือกเขาที่ทอดยาว\nชาวบ้านพากันนิ่งเงียบ พลางส่งสายตาเฝ้ามองจากทุกหนแห่ง... จงระวังให้ดี เพราะทุกสิ่งทุกอย่างที่นี่ล้วนมีแต่ความผิดแผก
Stage_7802_Name,aUZt,g关卡_Stage_A.csv,598,Stage,Name,,错乱异镇Ⅳ,เมืองวิกล IV
Stage_7802_Desc,aUZs,g关卡_Stage_A.csv,598,Stage,Desc,,拉伊小镇位于伦蒂尼恩东北部，隐没在绵延的山脉中。\n沉默的乡民、无处不在的视线……当心，这里的一切都不太寻常。,เมืองไรซ์เป็นเมืองเล็กๆ ที่ตั้งอยู่ทางทิศตะวันออกเฉียงเหนือของลอนดิเนียม ซ่อนตัวอยู่ในแนวเทือกเขาที่ทอดยาว\nชาวบ้านพากันนิ่งเงียบ พลางส่งสายตาเฝ้ามองจากทุกหนแห่ง... จงระวังให้ดี เพราะทุกสิ่งทุกอย่างที่นี่ล้วนมีแต่ความผิดแผก
Stage_8165_Name,aVvj,g关卡_Stage_A.csv,599,Stage,Name,,失序山脉Ⅰ,เทือกเขาไร้ระเบียบ I
Stage_8165_Desc,aVvi,g关卡_Stage_A.csv,599,Stage,Desc,,艾尔沃斯位于卡达斯的极点，终年被不融的冰雪覆盖，\n厚实而坚硬的冰壳下，隐约潜藏着生命的搏动。,เอลเวิร์ธตั้งอยู่ ณ ขั้วโลกของคาดัธ ถูกปกคลุมด้วยหิมะและน้ำแข็งที่ไม่เคยละลายตลอดปี\nภายใต้เปลือกน้ำแข็งที่หนาทึบและแข็งกระด้างนั้น มีการเต้นของชีวิตที่แผ่วเบาซ่อนเร้นอยู่
Stage_7785_Name,aUXy,g关卡_Stage_A.csv,600,Stage,Name,,失序山脉Ⅱ,เทือกเขาไร้ระเบียบ II
Stage_7785_Desc,aUXx,g关卡_Stage_A.csv,600,Stage,Desc,,艾尔沃斯位于卡达斯的极点，终年被不融的冰雪覆盖，\n厚实而坚硬的冰壳下，隐约潜藏着生命的搏动。,เอลเวิร์ธตั้งอยู่ ณ ขั้วโลกของคาดัธ ถูกปกคลุมด้วยหิมะและน้ำแข็งที่ไม่เคยละลายตลอดปี\nภายใต้เปลือกน้ำแข็งที่หนาทึบและแข็งกระด้างนั้น มีการเต้นของชีวิตที่แผ่วเบาซ่อนเร้นอยู่
Stage_7919_Name,aVhc,g关卡_Stage_A.csv,601,Stage,Name,,失序山脉Ⅲ,เทือกเขาไร้ระเบียบ III
Stage_7919_Desc,aVhb,g关卡_Stage_A.csv,601,Stage,Desc,,艾尔沃斯位于卡达斯的极点，终年被不融的冰雪覆盖，\n厚实而坚硬的冰壳下，隐约潜藏着生命的搏动。,เอลเวิร์ธตั้งอยู่ ณ ขั้วโลกของคาดัธ ถูกปกคลุมด้วยหิมะและน้ำแข็งที่ไม่เคยละลายตลอดปี\nภายใต้เปลือกน้ำแข็งที่หนาทึบและแข็งกระด้างนั้น มีการเต้นของชีวิตที่แผ่วเบาซ่อนเร้นอยู่
Stage_7801_Name,aUZq,g关卡_Stage_A.csv,602,Stage,Name,,失序山脉Ⅳ,เทือกเขาไร้ระเบียบ IV
Stage_7801_Desc,aUZp,g关卡_Stage_A.csv,602,Stage,Desc,,艾尔沃斯位于卡达斯的极点，终年被不融的冰雪覆盖，\n厚实而坚硬的冰壳下，隐约潜藏着生命的搏动。,เอลเวิร์ธตั้งอยู่ ณ ขั้วโลกของคาดัธ ถูกปกคลุมด้วยหิมะและน้ำแข็งที่ไม่เคยละลายตลอดปี\nภายใต้เปลือกน้ำแข็งที่หนาทึบและแข็งกระด้างนั้น มีการเต้นของชีวิตที่แผ่วเบาซ่อนเร้นอยู่
Stage_21376_Name,aRXH,g关卡_Stage_A.csv,603,Stage,Name,,暗海之舟Ⅰ,นาวาเหนือคลื่นทมิฬ I
Stage_21376_Desc,aRXG,g关卡_Stage_A.csv,603,Stage,Desc,,索纳尼尔号曾以伦蒂尼恩为母港，淹没在络绎来往的船只中。\n在风暴中失去音讯后，它彻底从俗世视野中消失，只留下只言片语的传说。,เรือโซนาไนล์เคยใช้ลอนดิเนียมเป็นเมืองท่าหลัก ถูกกลืนหายด้วยคลื่นกระแสเรือที่สัญจรไปมาอย่างไม่ขาดสาย\nกระทั่งเมื่อพายุโหมกระหน่ำ มันก็ได้เลือนลับไปจากสายตาของโลกมนุษย์โดยสิ้นเชิง ทิ้งไว้เพียงเศษเสี้ยวถ้อยคำของตำนานที่ถูกเล่าขาน
Stage_21375_Name,aRXE,g关卡_Stage_A.csv,604,Stage,Name,,暗海之舟Ⅱ,นาวาเหนือคลื่นทมิฬ II
Stage_21375_Desc,aRXD,g关卡_Stage_A.csv,604,Stage,Desc,,索纳尼尔号曾以伦蒂尼恩为母港，淹没在络绎来往的船只中。\n在风暴中失去音讯后，它彻底从俗世视野中消失，只留下只言片语的传说。,เรือโซนาไนล์เคยใช้ลอนดิเนียมเป็นเมืองท่าหลัก ถูกกลืนหายด้วยคลื่นกระแสเรือที่สัญจรไปมาอย่างไม่ขาดสาย\nกระทั่งเมื่อพายุโหมกระหน่ำ มันก็ได้เลือนลับไปจากสายตาของโลกมนุษย์โดยสิ้นเชิง ทิ้งไว้เพียงเศษเสี้ยวถ้อยคำของตำนานที่ถูกเล่าขาน
Stage_21374_Name,aRXB,g关卡_Stage_A.csv,605,Stage,Name,,暗海之舟Ⅲ,นาวาเหนือคลื่นทมิฬ III
Stage_21374_Desc,aRXA,g关卡_Stage_A.csv,605,Stage,Desc,,索纳尼尔号曾以伦蒂尼恩为母港，淹没在络绎来往的船只中。\n在风暴中失去音讯后，它彻底从俗世视野中消失，只留下只言片语的传说。,เรือโซนาไนล์เคยใช้ลอนดิเนียมเป็นเมืองท่าหลัก ถูกกลืนหายด้วยคลื่นกระแสเรือที่สัญจรไปมาอย่างไม่ขาดสาย\nกระทั่งเมื่อพายุโหมกระหน่ำ มันก็ได้เลือนลับไปจากสายตาของโลกมนุษย์โดยสิ้นเชิง ทิ้งไว้เพียงเศษเสี้ยวถ้อยคำของตำนานที่ถูกเล่าขาน
Stage_21373_Name,aRXy,g关卡_Stage_A.csv,606,Stage,Name,,暗海之舟Ⅳ,นาวาเหนือคลื่นทมิฬ IV
Stage_21373_Desc,aRXx,g关卡_Stage_A.csv,606,Stage,Desc,,索纳尼尔号曾以伦蒂尼恩为母港，淹没在络绎来往的船只中。\n在风暴中失去音讯后，它彻底从俗世视野中消失，只留下只言片语的传说。,เรือโซนาไนล์เคยใช้ลอนดิเนียมเป็นเมืองท่าหลัก ถูกกลืนหายด้วยคลื่นกระแสเรือที่สัญจรไปมาอย่างไม่ขาดสาย\nกระทั่งเมื่อพายุโหมกระหน่ำ มันก็ได้เลือนลับไปจากสายตาของโลกมนุษย์โดยสิ้นเชิง ทิ้งไว้เพียงเศษเสี้ยวถ้อยคำของตำนานที่ถูกเล่าขาน
Stage_36133_Name,aSfw,g关卡_Stage_A.csv,607,Stage,Name,,风暴外海Ⅰ,ทะเลนอกเขตมรสุม I
Stage_36133_Desc,aSfv,g关卡_Stage_A.csv,607,Stage,Desc,,雷欧王国的北海，拥有温和而平静的仲夏。\n她的冬季看起来也淑静典雅，但宁静华美的霞云之下，往往暗藏着致命的风暴。,ทะเลทางตอนเหนือของอาณาจักรเลโอมีฤดูร้อนที่อบอุ่นและสงบเงียบ\nฤดูหนาวก็ดูงดงามและสงบเสงี่ยม แต่ภายใต้เมฆหมอกที่สงบงามนั้น มักซ่อนพายุร้ายที่พร้อมคร่าชีวิตอยู่เสมอ
Stage_36128_Name,aSfh,g关卡_Stage_A.csv,608,Stage,Name,,风暴外海Ⅰ,ทะเลนอกเขตมรสุม I
Stage_36128_Desc,aSfg,g关卡_Stage_A.csv,608,Stage,Desc,,雷欧王国的北海，拥有温和而平静的仲夏。\n她的冬季看起来也淑静典雅，但宁静华美的霞云之下，往往暗藏着致命的风暴。,ทะเลทางตอนเหนือของอาณาจักรเลโอมีฤดูร้อนที่อบอุ่นและสงบเงียบ\nฤดูหนาวก็ดูงดงามและสงบเสงี่ยม แต่ภายใต้เมฆหมอกที่สงบงามนั้น มักซ่อนพายุร้ายที่พร้อมคร่าชีวิตอยู่เสมอ
Stage_36129_Name,aSfk,g关卡_Stage_A.csv,609,Stage,Name,,风暴外海Ⅰ,ทะเลนอกเขตมรสุม I
Stage_36129_Desc,aSfj,g关卡_Stage_A.csv,609,Stage,Desc,,雷欧王国的北海，拥有温和而平静的仲夏。\n她的冬季看起来也淑静典雅，但宁静华美的霞云之下，往往暗藏着致命的风暴。,ทะเลทางตอนเหนือของอาณาจักรเลโอมีฤดูร้อนที่อบอุ่นและสงบเงียบ\nฤดูหนาวก็ดูงดงามและสงบเสงี่ยม แต่ภายใต้เมฆหมอกที่สงบงามนั้น มักซ่อนพายุร้ายที่พร้อมคร่าชีวิตอยู่เสมอ
Stage_36127_Name,aSfe,g关卡_Stage_A.csv,610,Stage,Name,,风暴外海Ⅱ,ทะเลนอกเขตมรสุม II
Stage_36127_Desc,aSfd,g关卡_Stage_A.csv,610,Stage,Desc,,雷欧王国的北海，拥有温和而平静的仲夏。\n她的冬季看起来也淑静典雅，但宁静华美的霞云之下，往往暗藏着致命的风暴。,ทะเลทางตอนเหนือของอาณาจักรเลโอมีฤดูร้อนที่อบอุ่นและสงบเงียบ\nฤดูหนาวก็ดูงดงามและสงบเสงี่ยม แต่ภายใต้เมฆหมอกที่สงบงามนั้น มักซ่อนพายุร้ายที่พร้อมคร่าชีวิตอยู่เสมอ
Stage_49164_Name,aSAn,g关卡_Stage_A.csv,611,Stage,Name,,荒沙之壁Ⅰ,กำแพงทรายรกร้าง I
Stage_49164_Desc,aSAm,g关卡_Stage_A.csv,611,Stage,Desc,,A.F.225年，风暴之壁诞生于勒姆瓦希沙漠，形成一道环绕圣河源头的天然屏障。,ในปี A.F. 225 กำแพงพายุได้ถือกำเนิดขึ้นในทะเลทรายเล็มวาห์ชี ก่อตัวเป็นปราการธรรมชาติที่โอบล้อมต้นกำเนิดของแม่น้ำศักดิ์สิทธิ์เอาไว้
Stage_49163_Name,aSAk,g关卡_Stage_A.csv,612,Stage,Name,,荒沙之壁Ⅰ,กำแพงทรายรกร้าง I
Stage_49163_Desc,aSAj,g关卡_Stage_A.csv,612,Stage,Desc,,A.F.225年，风暴之壁诞生于勒姆瓦希沙漠，形成一道环绕圣河源头的天然屏障。,ในปี A.F. 225 กำแพงพายุได้ถือกำเนิดขึ้นในทะเลทรายเล็มวาห์ชี ก่อตัวเป็นปราการธรรมชาติที่โอบล้อมต้นกำเนิดของแม่น้ำศักดิ์สิทธิ์เอาไว้
Stage_49162_Name,aSAh,g关卡_Stage_A.csv,613,Stage,Name,,荒沙之壁Ⅰ,กำแพงทรายรกร้าง I
Stage_49162_Desc,aSAg,g关卡_Stage_A.csv,613,Stage,Desc,,A.F.225年，风暴之壁诞生于勒姆瓦希沙漠，形成一道环绕圣河源头的天然屏障。,ในปี A.F. 225 กำแพงพายุได้ถือกำเนิดขึ้นในทะเลทรายเล็มวาห์ชี ก่อตัวเป็นปราการธรรมชาติที่โอบล้อมต้นกำเนิดของแม่น้ำศักดิ์สิทธิ์เอาไว้
Stage_49166_Name,aSAt,g关卡_Stage_A.csv,614,Stage,Name,,荒沙之壁Ⅱ,กำแพงทรายรกร้าง II
Stage_49166_Desc,aSAs,g关卡_Stage_A.csv,614,Stage,Desc,,A.F.225年，风暴之壁诞生于勒姆瓦希沙漠，形成一道环绕圣河源头的天然屏障。,ในปี A.F. 225 กำแพงพายุได้ถือกำเนิดขึ้นในทะเลทรายเล็มวาห์ชี ก่อตัวเป็นปราการธรรมชาติที่โอบล้อมต้นกำเนิดของแม่น้ำศักดิ์สิทธิ์เอาไว้
Stage_59067_Name,aTLe,g关卡_Stage_A.csv,615,Stage,Name,,原初裂隙Ⅰ,รอยแยกปฐมภูมิ I
Stage_59067_Desc,aTLd,g关卡_Stage_A.csv,615,Stage,Desc,,在弥萨格的地底，隐藏着这个世界最初、也是最后的灾难。,ใต้ดินของมิธธาก ซ่อนเร้นซึ่งหายนะแรกเริ่มและหายนะสุดท้ายของโลกใบนี้เอาไว้
Stage_59075_Name,aTLC,g关卡_Stage_A.csv,616,Stage,Name,,原初裂隙Ⅰ,รอยแยกปฐมภูมิ I
Stage_59075_Desc,aTLB,g关卡_Stage_A.csv,616,Stage,Desc,,在弥萨格的地底，隐藏着这个世界最初、也是最后的灾难。,ใต้ดินของมิธธาก ซ่อนเร้นซึ่งหายนะแรกเริ่มและหายนะสุดท้ายของโลกใบนี้เอาไว้
Stage_59072_Name,aTLt,g关卡_Stage_A.csv,617,Stage,Name,,原初裂隙Ⅰ,รอยแยกปฐมภูมิ I
Stage_59072_Desc,aTLs,g关卡_Stage_A.csv,617,Stage,Desc,,在弥萨格的地底，隐藏着这个世界最初、也是最后的灾难。,ใต้ดินของมิธธาก ซ่อนเร้นซึ่งหายนะแรกเริ่มและหายนะสุดท้ายของโลกใบนี้เอาไว้
Stage_59077_Name,aTLI,g关卡_Stage_A.csv,618,Stage,Name,,原初裂隙Ⅱ,รอยแยกปฐมภูมิ II
Stage_59077_Desc,aTLH,g关卡_Stage_A.csv,618,Stage,Desc,,在弥萨格的地底，隐藏着这个世界最初、也是最后的灾难。,ใต้ดินของมิธธาก ซ่อนเร้นซึ่งหายนะแรกเริ่มและหายนะสุดท้ายของโลกใบนี้เอาไว้
Stage_7744_Name,aUVf,g关卡_Stage_A.csv,920,Stage,Name,,深海之遗·间隙Ⅰ,มรดกแห่งห้วงทะเลลึก: รอยแยก I
Stage_7744_Desc,aUVe,g关卡_Stage_A.csv,920,Stage,Desc,,它们在黑暗中扭曲、融合，然后被小心翼翼地保管在造像里。\n这是一次蓄谋已久的重逢。,พวกมันบิดเบี้ยวและหลอมรวมเข้าหากันในความมืด จากนั้นจึงถูกเก็บรักษาไว้อย่างระมัดระวังภายในรูปปั้น\nนี่คือการพบกันอีกครั้งที่ถูกจัดเตรียมมาอย่างยาวนาน
Stage_8146_Name,aVue,g关卡_Stage_A.csv,921,Stage,Name,,深海之遗·间隙Ⅱ,มรดกแห่งห้วงทะเลลึก: รอยแยก II
Stage_8146_Desc,aVud,g关卡_Stage_A.csv,921,Stage,Desc,,来历不明的造像在黑暗中游荡、战栗。\n它们踏着古老的节拍，循着来自远方的笛声起舞。,รูปปั้นปริศนาร่อนเร่และสั่นระริกในความมืด\nพวกมันก้าวตามจังหวะโบราณ พร้อมเต้นรำตามเสียงขลุ่ยที่มาจากแดนไกล
Stage_7666_Name,aUCj,g关卡_Stage_A.csv,922,Stage,Name,,深海之遗·间隙Ⅲ,มรดกแห่งห้วงทะเลลึก: รอยแยก III
Stage_7666_Desc,aUCi,g关卡_Stage_A.csv,922,Stage,Desc,,「门」即将开启，你从中窥见一部分真理。\n不是黑色，也不是白色——真理是彩色的，也是浑浊的。,"""ประตู"" กำลังจะเปิดออก และเจ้าได้แอบมองเห็นส่วนหนึ่งของสัจธรรม\nมันมิใช่สีดำ มิใช่สีขาว—สัจธรรมนั้นเป็นดั่งสีสันอันหลากหลาย และเป็นดั่งความขุ่นมัวที่ผสมผสานกัน"
Stage_7746_Name,aUVl,g关卡_Stage_A.csv,923,Stage,Name,,深海之遗·间隙Ⅳ,มรดกแห่งห้วงทะเลลึก: รอยแยก IV
Stage_7746_Desc,aUVk,g关卡_Stage_A.csv,923,Stage,Desc,,「门」已被开启，幻梦即将清醒。\n嘘……不可注视，不可谛听。,"""ประตู"" ถูกเปิดออกแล้ว ห้วงฝันลวงใกล้ถึงจุดสิ้นสุด\nชู่...อย่าจ้องมอง อย่าเงี่ยหูฟัง"
Stage_7873_Name,aVeo,g关卡_Stage_A.csv,924,Stage,Name,,深海之遗·间隙Ⅴ,มรดกแห่งห้วงทะเลลึก: รอยแยก V
Stage_7873_Desc,aVen,g关卡_Stage_A.csv,924,Stage,Desc,,它们在黑暗中扭曲、融合，然后被小心翼翼地保管在造像里。\n这是一次蓄谋已久的重逢。,พวกมันบิดเบี้ยวและหลอมรวมเข้าหากันในความมืด จากนั้นจึงถูกเก็บรักษาไว้อย่างระมัดระวังภายในรูปปั้น\nนี่คือการพบกันอีกครั้งที่ถูกจัดเตรียมมาอย่างยาวนาน
Stage_8070_Name,aVpN,g关卡_Stage_A.csv,925,Stage,Name,,深海之遗·间隙Ⅵ,มรดกแห่งห้วงทะเลลึก: รอยแยก VI
Stage_8070_Desc,aVpM,g关卡_Stage_A.csv,925,Stage,Desc,,它们在黑暗中扭曲、融合，然后被小心翼翼地保管在造像里。\n这是一次蓄谋已久的重逢。,พวกมันบิดเบี้ยวและหลอมรวมเข้าหากันในความมืด จากนั้นจึงถูกเก็บรักษาไว้อย่างระมัดระวังภายในรูปปั้น\nนี่คือการพบกันอีกครั้งที่ถูกจัดเตรียมมาอย่างยาวนาน
Stage_8203_Name,aVxt,g关卡_Stage_A.csv,926,Stage,Name,,深海之遗·间隙Ⅶ,มรดกแห่งห้วงทะเลลึก: รอยแยก VI
Stage_8203_Desc,aVxs,g关卡_Stage_A.csv,926,Stage,Desc,,来历不明的造像在黑暗中游荡、战栗。\n它们踏着古老的节拍，循着来自远方的笛声起舞。,รูปปั้นปริศนาร่อนเร่และสั่นระริกในความมืด\nพวกมันก้าวตามจังหวะโบราณ พร้อมเต้นรำตามเสียงขลุ่ยที่มาจากแดนไกล
Stage_7935_Name,aVhY,g关卡_Stage_A.csv,927,Stage,Name,,深海之遗·间隙Ⅷ,มรดกแห่งห้วงทะเลลึก: รอยแยก VIII
Stage_7935_Desc,aVhX,g关卡_Stage_A.csv,927,Stage,Desc,,来历不明的造像在黑暗中游荡、战栗。\n它们踏着古老的节拍，循着来自远方的笛声起舞。,รูปปั้นปริศนาร่อนเร่และสั่นระริกในความมืด\nพวกมันก้าวตามจังหวะโบราณ พร้อมเต้นรำตามเสียงขลุ่ยที่มาจากแดนไกล
Stage_7921_Name,aVhi,g关卡_Stage_A.csv,928,Stage,Name,,血肉之沼·间隙Ⅰ,บึงเลือดเนื้อ: รอยแยก I
Stage_7921_Desc,aVhh,g关卡_Stage_A.csv,928,Stage,Desc,,它们在黑暗中扭曲、融合，然后被小心翼翼地保管在造像里。\n这是一次蓄谋已久的重逢。,พวกมันบิดเบี้ยวและหลอมรวมเข้าหากันในความมืด จากนั้นจึงถูกเก็บรักษาไว้อย่างระมัดระวังภายในรูปปั้น\nนี่คือการหวนคืนสู่กันและกันที่ได้ถูกจัดเตรียมไว้อย่างยาวนาน
Stage_7951_Name,aViU,g关卡_Stage_A.csv,929,Stage,Name,,血肉之沼·间隙Ⅱ,บึงเลือดเนื้อ: รอยแยก II
Stage_7951_Desc,aViT,g关卡_Stage_A.csv,929,Stage,Desc,,来历不明的造像在黑暗中游荡、战栗。\n它们踏着古老的节拍，循着来自远方的笛声起舞。,พวกมันบิดเบี้ยวและหลอมรวมเข้าหากันในความมืด จากนั้นจึงถูกเก็บรักษาไว้อย่างระมัดระวังภายในรูปปั้น\nนี่คือการหวนคืนสู่กันและกันที่ได้ถูกจัดเตรียมไว้อย่างยาวนาน
Stage_8168_Name,aVvs,g关卡_Stage_A.csv,930,Stage,Name,,血肉之沼·间隙Ⅲ,บึงเลือดเนื้อ: รอยแยก III
Stage_8168_Desc,aVvr,g关卡_Stage_A.csv,930,Stage,Desc,,「门」即将开启，你从中窥见一部分真理。\n不是黑色，也不是白色——真理是彩色的，也是浑浊的。,"""ประตู"" กำลังจะเปิดออก และเจ้าได้แอบมองเห็นส่วนหนึ่งของสัจธรรม\nมันมิใช่สีดำ มิใช่สีขาว—สัจธรรมนั้นเป็นดั่งสีสันอันหลากหลาย และเป็นดั่งความขุ่นมัวที่ผสมผสานกัน"
Stage_7797_Name,aUYi,g关卡_Stage_A.csv,931,Stage,Name,,血肉之沼·间隙Ⅳ,บึงเลือดเนื้อ: รอยแยก IV
Stage_7797_Desc,aUYh,g关卡_Stage_A.csv,931,Stage,Desc,,「门」已被开启，幻梦即将清醒。\n嘘……不可注视，不可谛听。,"""ประตู"" ถูกเปิดออกแล้ว ห้วงฝันลวงใกล้ถึงจุดสิ้นสุด\nชู่...อย่าจ้องมอง อย่าเงี่ยหูฟัง"
Stage_7981_Name,aVkM,g关卡_Stage_A.csv,932,Stage,Name,,血肉之沼·间隙Ⅴ,บึงเลือดเนื้อ: รอยแยก V
Stage_7981_Desc,aVkL,g关卡_Stage_A.csv,932,Stage,Desc,,它们在黑暗中扭曲、融合，然后被小心翼翼地保管在造像里。\n这是一次蓄谋已久的重逢。,พวกมันบิดเบี้ยวและหลอมรวมเข้าหากันในความมืด จากนั้นจึงถูกเก็บรักษาไว้อย่างระมัดระวังภายในรูปปั้น\nนี่คือการหวนคืนสู่กันและกันที่ได้ถูกจัดเตรียมไว้อย่างยาวนาน
Stage_8033_Name,aVnM,g关卡_Stage_A.csv,933,Stage,Name,,血肉之沼·间隙Ⅵ,บึงเลือดเนื้อ: รอยแยก VI
Stage_8033_Desc,aVnL,g关卡_Stage_A.csv,933,Stage,Desc,,它们在黑暗中扭曲、融合，然后被小心翼翼地保管在造像里。\n这是一次蓄谋已久的重逢。,พวกมันบิดเบี้ยวและหลอมรวมเข้าหากันในความมืด จากนั้นจึงถูกเก็บรักษาไว้อย่างระมัดระวังภายในรูปปั้น\nนี่คือการหวนคืนสู่กันและกันที่ได้ถูกจัดเตรียมไว้อย่างยาวนาน
Stage_7650_Name,aUBn,g关卡_Stage_A.csv,934,Stage,Name,,血肉之沼·间隙Ⅶ,บึงเลือดเนื้อ: รอยแยก VII
Stage_7650_Desc,aUBm,g关卡_Stage_A.csv,934,Stage,Desc,,来历不明的造像在黑暗中游荡、战栗。\n它们踏着古老的节拍，循着来自远方的笛声起舞。,รูปปั้นปริศนาร่อนเร่และสั่นระริกในความมืด\nพวกมันก้าวตามจังหวะโบราณ พร้อมเต้นรำตามเสียงขลุ่ยที่มาจากแดนไกล
Stage_7879_Name,aVeM,g关卡_Stage_A.csv,935,Stage,Name,,血肉之沼·间隙Ⅷ,บึงเลือดเนื้อ: รอยแยก VIII
Stage_7879_Desc,aVeL,g关卡_Stage_A.csv,935,Stage,Desc,,来历不明的造像在黑暗中游荡、战栗。\n它们踏着古老的节拍，循着来自远方的笛声起舞。,รูปปั้นปริศนาร่อนเร่และสั่นระริกในความมืด\nพวกมันก้าวตามจังหวะโบราณ พร้อมเต้นรำตามเสียงขลุ่ยที่มาจากแดนไกล
Stage_7639_Name,aUzQ,g关卡_Stage_A.csv,936,Stage,Name,,超维之旅·间隙Ⅰ,ผจญห้วงมิติ: รอยแยก I
Stage_7639_Desc,aUzP,g关卡_Stage_A.csv,936,Stage,Desc,,它们在黑暗中扭曲、融合，然后被小心翼翼地保管在造像里。\n这是一次蓄谋已久的重逢。,พวกมันบิดเบี้ยวและหลอมรวมเข้าหากันในความมืด จากนั้นจึงถูกเก็บรักษาไว้อย่างระมัดระวังภายในรูปปั้น\nนี่คือการหวนคืนสู่กันและกันที่ได้ถูกจัดเตรียมไว้อย่างยาวนาน
Stage_8173_Name,aVvH,g关卡_Stage_A.csv,937,Stage,Name,,超维之旅·间隙Ⅱ,ผจญห้วงมิติ: รอยแยก II
Stage_8173_Desc,aVvG,g关卡_Stage_A.csv,937,Stage,Desc,,来历不明的造像在黑暗中游荡、战栗。\n它们踏着古老的节拍，循着来自远方的笛声起舞。,รูปปั้นปริศนาร่อนเร่และสั่นระริกในความมืด\nพวกมันก้าวตามจังหวะโบราณ พร้อมเต้นรำตามเสียงขลุ่ยที่มาจากแดนไกล
Stage_8095_Name,aVrk,g关卡_Stage_A.csv,938,Stage,Name,,超维之旅·间隙Ⅲ,ผจญห้วงมิติ: รอยแยก III
Stage_8095_Desc,aVrj,g关卡_Stage_A.csv,938,Stage,Desc,,「门」即将开启，你从中窥见一部分真理。\n不是黑色，也不是白色——真理是彩色的，也是浑浊的。,"""ประตู"" กำลังจะเปิดออก และเจ้าได้แอบมองเห็นส่วนหนึ่งของสัจธรรม\nมันมิใช่สีดำ มิใช่สีขาว—สัจธรรมนั้นเป็นดั่งสีสันอันหลากหลาย และเป็นดั่งความขุ่นมัวที่ผสมผสานกัน"
Stage_7775_Name,aUWU,g关卡_Stage_A.csv,939,Stage,Name,,超维之旅·间隙Ⅳ,ผจญห้วงมิติ: รอยแยก IV
Stage_7775_Desc,aUWT,g关卡_Stage_A.csv,939,Stage,Desc,,「门」已被开启，幻梦即将清醒。\n嘘……不可注视，不可谛听。,"""ประตู"" ถูกเปิดออกแล้ว ห้วงฝันลวงใกล้ถึงจุดสิ้นสุด\nชู่...อย่าจ้องมอง อย่าเงี่ยหูฟัง"
Stage_8160_Name,aVuU,g关卡_Stage_A.csv,940,Stage,Name,,超维之旅·间隙Ⅴ,ผจญห้วงมิติ: รอยแยก V
Stage_8160_Desc,aVuT,g关卡_Stage_A.csv,940,Stage,Desc,,它们在黑暗中扭曲、融合，然后被小心翼翼地保管在造像里。\n这是一次蓄谋已久的重逢。,พวกมันบิดเบี้ยวและหลอมรวมเข้าหากันในความมืด จากนั้นจึงถูกเก็บรักษาไว้อย่างระมัดระวังภายในรูปปั้น\nนี่คือการหวนคืนสู่กันและกันที่ได้ถูกจัดเตรียมไว้อย่างยาวนาน
Stage_8101_Name,aVrC,g关卡_Stage_A.csv,941,Stage,Name,,超维之旅·间隙Ⅵ,มิติพิเศษ·ช่องว่างลึกลับVI
Stage_8101_Desc,aVrB,g关卡_Stage_A.csv,941,Stage,Desc,,它们在黑暗中扭曲、融合，然后被小心翼翼地保管在造像里。\n这是一次蓄谋已久的重逢。,พวกมันบิดเบี้ยวและหลอมรวมเข้าหากันในความมืด จากนั้นจึงถูกเก็บรักษาไว้อย่างระมัดระวังภายในรูปปั้น\nนี่คือการหวนคืนสู่กันและกันที่ได้ถูกจัดเตรียมไว้อย่างยาวนาน
Stage_8180_Name,aVwc,g关卡_Stage_A.csv,942,Stage,Name,,超维之旅·间隙Ⅶ,ผจญห้วงมิติ: รอยแยก VII
Stage_8180_Desc,aVwb,g关卡_Stage_A.csv,942,Stage,Desc,,来历不明的造像在黑暗中游荡、战栗。\n它们踏着古老的节拍，循着来自远方的笛声起舞。,รูปปั้นปริศนาร่อนเร่และสั่นระริกในความมืด\nพวกมันก้าวตามจังหวะโบราณ พร้อมเต้นรำตามเสียงขลุ่ยที่มาจากแดนไกล
Stage_7980_Name,aVkJ,g关卡_Stage_A.csv,943,Stage,Name,,超维之旅·间隙Ⅷ,ผจญห้วงมิติ: รอยแยก VIII
Stage_7980_Desc,aVkI,g关卡_Stage_A.csv,943,Stage,Desc,,来历不明的造像在黑暗中游荡、战栗。\n它们踏着古老的节拍，循着来自远方的笛声起舞。,รูปปั้นปริศนาร่อนเร่และสั่นระริกในความมืด\nพวกมันก้าวตามจังหวะโบราณ พร้อมเต้นรำตามเสียงขลุ่ยที่มาจากแดนไกล
Stage_8208_Name,aVxI,g关卡_Stage_A.csv,944,Stage,Name,,混沌之域·间隙Ⅰ,ดินแดนโกลาหล: รอยแยก I
Stage_8208_Desc,aVxH,g关卡_Stage_A.csv,944,Stage,Desc,,它们在黑暗中扭曲、融合，然后被小心翼翼地保管在造像里。\n这是一次蓄谋已久的重逢。,พวกมันบิดเบี้ยวและหลอมรวมเข้าหากันในความมืด จากนั้นจึงถูกเก็บรักษาไว้อย่างระมัดระวังภายในรูปปั้น\nนี่คือการหวนคืนสู่กันและกันที่ได้ถูกจัดเตรียมไว้อย่างยาวนาน
Stage_8094_Name,aVrh,g关卡_Stage_A.csv,945,Stage,Name,,混沌之域·间隙Ⅱ,ดินแดนโกลาหล: รอยแยก II
Stage_8094_Desc,aVrg,g关卡_Stage_A.csv,945,Stage,Desc,,来历不明的造像在黑暗中游荡、战栗。\n它们踏着古老的节拍，循着来自远方的笛声起舞。,รูปปั้นปริศนาร่อนเร่และสั่นระริกในความมืด\nพวกมันก้าวตามจังหวะโบราณ พร้อมเต้นรำตามเสียงขลุ่ยที่มาจากแดนไกล
Stage_7947_Name,aViI,g关卡_Stage_A.csv,946,Stage,Name,,混沌之域·间隙Ⅲ,ดินแดนโกลาหล: รอยแยก III
Stage_7947_Desc,aViH,g关卡_Stage_A.csv,946,Stage,Desc,,「门」即将开启，你从中窥见一部分真理。\n不是黑色，也不是白色——真理是彩色的，也是浑浊的。,"""ประตู"" กำลังจะเปิดออก และเจ้าได้แอบมองเห็นส่วนหนึ่งของสัจธรรม\nมันมิใช่สีดำ มิใช่สีขาว—สัจธรรมนั้นเป็นดั่งสีสันอันหลากหลาย และเป็นดั่งความขุ่นมัวที่ผสมผสานกัน"
Stage_7658_Name,aUBL,g关卡_Stage_A.csv,947,Stage,Name,,混沌之域·间隙Ⅳ,ดินแดนโกลาหล: รอยแยก IV
Stage_7658_Desc,aUBK,g关卡_Stage_A.csv,947,Stage,Desc,,「门」已被开启，幻梦即将清醒。\n嘘……不可注视，不可谛听。,"""ประตู"" ถูกเปิดออกแล้ว ห้วงฝันลวงใกล้ถึงจุดสิ้นสุด\nชู่...อย่าจ้องมอง อย่าเงี่ยหูฟัง"
Stage_8140_Name,aVtM,g关卡_Stage_A.csv,948,Stage,Name,,混沌之域·间隙Ⅴ,ดินแดนโกลาหล: รอยแยก V
Stage_8140_Desc,aVtL,g关卡_Stage_A.csv,948,Stage,Desc,,它们在黑暗中扭曲、融合，然后被小心翼翼地保管在造像里。\n这是一次蓄谋已久的重逢。,พวกมันบิดเบี้ยวและหลอมรวมเข้าหากันในความมืด จากนั้นจึงถูกเก็บรักษาไว้อย่างระมัดระวังภายในรูปปั้น\nนี่คือการหวนคืนสู่กันและกันที่ได้ถูกจัดเตรียมไว้อย่างยาวนาน
Stage_8096_Name,aVrn,g关卡_Stage_A.csv,949,Stage,Name,,混沌之域·间隙Ⅵ,ดินแดนโกลาหล: รอยแยก VI
Stage_8096_Desc,aVrm,g关卡_Stage_A.csv,949,Stage,Desc,,它们在黑暗中扭曲、融合，然后被小心翼翼地保管在造像里。\n这是一次蓄谋已久的重逢。,พวกมันบิดเบี้ยวและหลอมรวมเข้าหากันในความมืด จากนั้นจึงถูกเก็บรักษาไว้อย่างระมัดระวังภายในรูปปั้น\nนี่คือการหวนคืนสู่กันและกันที่ได้ถูกจัดเตรียมไว้อย่างยาวนาน
Stage_7882_Name,aVeV,g关卡_Stage_A.csv,950,Stage,Name,,混沌之域·间隙Ⅶ,ดินแดนโกลาหล: รอยแยก VII
Stage_7882_Desc,aVeU,g关卡_Stage_A.csv,950,Stage,Desc,,来历不明的造像在黑暗中游荡、战栗。\n它们踏着古老的节拍，循着来自远方的笛声起舞。,รูปปั้นปริศนาร่อนเร่และสั่นระริกในความมืด\nพวกมันก้าวตามจังหวะโบราณ พร้อมเต้นรำตามเสียงขลุ่ยที่มาจากแดนไกล
Stage_8166_Name,aVvm,g关卡_Stage_A.csv,951,Stage,Name,,混沌之域·间隙Ⅷ,ดินแดนโกลาหล: รอยแยก VIII
Stage_8166_Desc,aVvl,g关卡_Stage_A.csv,951,Stage,Desc,,来历不明的造像在黑暗中游荡、战栗。\n它们踏着古老的节拍，循着来自远方的笛声起舞。,รูปปั้นปริศนาร่อนเร่และสั่นระริกในความมืด\nพวกมันก้าวตามจังหวะโบราณ พร้อมเต้นรำตามเสียงขลุ่ยที่มาจากแดนไกล
StageGroup_15904_Desc,aRal,g关卡组_StageGroup_A.csv,50,StageGroup,Desc,,一堆粗鲁的、未消化的物质。人们称其为排泄物，或是混沌。 \n世界从排泄物中诞生。,กองสสารหยาบกร้านที่ยังไม่ถูกย่อยสลาย ผู้คนเรียกมันว่าของเสียหรือความโกลาหล\nโลกถือกำเนิดจากของเสียนั้น
StageGroup_15945_Desc,aRdt,g关卡组_StageGroup_A.csv,54,StageGroup,Desc,,它以乖巧的姿态靠在床沿，暗淡的纽扣眼睛望着虚空。\n小小的身躯承受了主人的全部眼泪，却无法出言安慰。,มันเอนตัวพิงขอบเตียงด้วยท่าทางอ่อนโยน ดวงตากระดุมหมองมัวจ้องมองความว่างเปล่า\nร่างเล็กๆ ของมันรองรับน้ำตาทั้งหมดของเจ้าของไว้ แต่กลับไม่สามารถเอ่ยคำปลอบโยนออกมาได้เลย
StageGroup_15945_StageGroupRewardDescription,aRdv,g关卡组_StageGroup_A.csv,54,StageGroup,StageGroupRewardDescription,,<Black:高阶技能素材>,<Black:วัสดุอัปเกรดสกิลขั้นสูง>
StageGroup_15892_Name,aQZq,g关卡组_StageGroup_A.csv,55,StageGroup,Name,,蜡像之秘,ความลับของหุ่นขี้ผึ้ง
StageGroup_15892_Desc,aQZp,g关卡组_StageGroup_A.csv,55,StageGroup,Desc,,它们原本是悲伤、扭曲和懵懂组成的无意识集合，\n却被打扮成幸福的小孩、大人和宠物。\n因着从未品尝过幸福的滋味，它们成了最糟糕的演员。,เดิมทีพวกมันคือศูนย์รวมของจิตไร้สำนึกที่ประกอบด้วยความเศร้า ความบิดเบี้ยว และความเขลา\nแต่กลับถูกจับแต่งให้เป็นเด็ก ผู้ใหญ่ หรือสัตว์เลี้ยงที่มีความสุขและสดใส\nด้วยเหตุที่พวกมันไม่เคยลิ้มรสความสุขที่แท้จริง พวกมันจึงกลายเป็นนักแสดงที่แย่ที่สุด
StageGroup_15892_TypeText,aQZs,g关卡组_StageGroup_A.csv,55,StageGroup,TypeText,,蜡像之秘,ความลับของหุ่นขี้ผึ้ง
StageGroup_15892_StageGroupRewardDescription,aQZr,g关卡组_StageGroup_A.csv,55,StageGroup,StageGroupRewardDescription,,<Black:高阶技能素材>,<Black:วัสดุอัปเกรดสกิลขั้นสูง>
StageGroup_15878_Name,aQYm,g关卡组_StageGroup_A.csv,56,StageGroup,Name,,漆黑之链,พันธนาอนธการ
StageGroup_15878_Desc,aQYl,g关卡组_StageGroup_A.csv,56,StageGroup,Desc,,蠕动着、流淌着……原生质的肿泡正从枷锁的缝隙中溜走。\n这是她为「自由」付出的代价。,"เลื้อยคลาน ไหลซึม... เนื้อเยื่อบวมพองกำลังหลุดรอดออกจากรอยร้าวของเครื่องพันธนาการ\nนี่คือราคาที่เธอต้องจ่ายเพื่อแลกกับ ""อิสรภาพ"""
StageGroup_15878_TypeText,aQYo,g关卡组_StageGroup_A.csv,56,StageGroup,TypeText,,漆黑之链,พันธนาอนธการ
StageGroup_15878_StageGroupRewardDescription,aQYn,g关卡组_StageGroup_A.csv,56,StageGroup,StageGroupRewardDescription,,<Black:高阶技能素材>,<Black:วัสดุอัปเกรดสกิลขั้นสูง>
StageGroup_15909_Name,aRaG,g关卡组_StageGroup_A.csv,57,StageGroup,Name,,界外之影,เงาทมิฬจากแดนไกล
StageGroup_15909_Desc,aRaF,g关卡组_StageGroup_A.csv,57,StageGroup,Desc,,它一刻不停地追逐那些打破规则的僭越者。\n至于何为「规则」，何为「打破」？\n猎犬从不思考——那只会阻碍它奔袭的速度。,"มันไล่ล่าผู้ละเมิดที่ฝ่าฝืนกฎอย่างไม่หยุดหย่อน\nแต่อะไรคือ ""กฎ"" อะไรคือ ""ฝ่าฝืน"" ?\nสุนัขล่าเนื้อไม่เคยคิด—การครุ่นคิดรังแต่จะขัดขวางความเร็วในการไล่ล่าของมันเท่านั้น"
StageGroup_15909_TypeText,aRaI,g关卡组_StageGroup_A.csv,57,StageGroup,TypeText,,界外之影,เงาทมิฬจากแดนไกล
StageGroup_15909_StageGroupRewardDescription,aRaH,g关卡组_StageGroup_A.csv,57,StageGroup,StageGroupRewardDescription,,<Black:高阶技能素材>,<Black:วัสดุอัปเกรดสกิลขั้นสูง>
StageGroup_15897_Name,aQZK,g关卡组_StageGroup_A.csv,58,StageGroup,Name,,虔诚之握,อ้อมกอดแห่งศรัทธา
StageGroup_15897_Desc,aQZJ,g关卡组_StageGroup_A.csv,58,StageGroup,Desc,,她以己身承纳圣骸，以教义训导眷众，以毒牙布散信仰。\n她的祈祷永无止息，她的呼告永不停歇。,นางโอบรับสิ่งศักดิ์สิทธิ์ไว้ในร่างของตน ชี้นำผู้ศรัทธาด้วยคำสอน แพร่กระจายความเชื่อด้วยเขี้ยวพิษ\nคำสวดภาวนาของนางจะไม่มีวันสิ้นสุด คำวิงวอนของนางจะไม่มีวันหยุดยั้ง
StageGroup_15897_TypeText,aQZM,g关卡组_StageGroup_A.csv,58,StageGroup,TypeText,,虔诚之握,อ้อมกอดแห่งศรัทธา
StageGroup_15897_StageGroupRewardDescription,aQZL,g关卡组_StageGroup_A.csv,58,StageGroup,StageGroupRewardDescription,,<Black:高阶技能素材>,<Black:วัสดุอัปเกรดสกิลขั้นสูง>
StageGroup_15928_Name,aRce,g关卡组_StageGroup_A.csv,59,StageGroup,Name,,圣胎之咏,บทสรรเสริญแห่งครรภ์ศักดิ์สิทธิ์
StageGroup_15928_Desc,aRcd,g关卡组_StageGroup_A.csv,59,StageGroup,Desc,,不被祝福的孩子在海中吟咏圣歌。\n嘘……请保持安静，切勿惊扰祂的长眠。,เด็กน้อยผู้ไร้บุญกำลังขับขานเพลงสรรเสริญอยู่ในทะเล\nชู่...เงียบหน่อยสิ อย่ารบกวนการหลับใหลอันยาวนานของมันเด็ดขาด
StageGroup_15928_TypeText,aRcg,g关卡组_StageGroup_A.csv,59,StageGroup,TypeText,,圣胎之咏,บทสรรเสริญแห่งครรภ์ศักดิ์สิทธิ์
StageGroup_15928_StageGroupRewardDescription,aRcf,g关卡组_StageGroup_A.csv,59,StageGroup,StageGroupRewardDescription,,<Black:高阶技能素材>,<Black:วัสดุอัปเกรดสกิลขั้นสูง>
StageGroup_49169_Name,aRmK,g关卡组_StageGroup_A.csv,60,StageGroup,Name,,沙海遗存,มรดกในทะเลทราย
StageGroup_49169_Desc,aRmJ,g关卡组_StageGroup_A.csv,60,StageGroup,Desc,,母树的幻影于银色火焰中轰然倒塌，但祂的血脉终将在根系中复苏。,ภาพมายาของพฤกษามารดาได้พังทลายลงท่ามกลางเปลวเพลิงสีเงิน แต่สายเลือดของมันจะฟื้นคืนสู่รากในที่สุด
StageGroup_49169_TypeText,aRmM,g关卡组_StageGroup_A.csv,60,StageGroup,TypeText,,沙海遗存,มรดกในทะเลทราย
StageGroup_49169_StageGroupRewardDescription,aRmL,g关卡组_StageGroup_A.csv,60,StageGroup,StageGroupRewardDescription,,<Black:高阶技能素材>,<Black:วัสดุอัปเกรดสกิลขั้นสูง>
StageGroup_58901_Name,aRBC,g关卡组_StageGroup_A.csv,61,StageGroup,Name,,黑池之潮,กระแสน้ำในสระดำ
StageGroup_58901_Desc,aRBB,g关卡组_StageGroup_A.csv,61,StageGroup,Desc,,黑色的池水狂躁地舞动，迎接它们最初的、唯一的主人。,ผิวน้ำสีดำเต้นระบำอย่างบ้าคลั่ง เพื่อต้อนรับนายเหนือหัวคนแรกและคนเดียวของพวกมัน
StageGroup_58901_TypeText,aRBE,g关卡组_StageGroup_A.csv,61,StageGroup,TypeText,,黑池之潮,กระแสน้ำในสระดำ
StageGroup_58901_StageGroupRewardDescription,aRBD,g关卡组_StageGroup_A.csv,61,StageGroup,StageGroupRewardDescription,,<Black:高阶技能素材>,<Black:วัสดุอัปเกรดสกิลขั้นสูง>
StageGroup_15873_Name,aQXS,g关卡组_StageGroup_A.csv,63,StageGroup,Name,,怪雾之都,นครหมอกลี้ลับ
StageGroup_15873_Desc,aQXR,g关卡组_StageGroup_A.csv,63,StageGroup,Desc,,伦蒂尼恩以灿烂的工业文明，以及笼罩市区的铅灰色浓雾闻名。\n雾气无处不在，对路人来说是更像是一种偶然、无意义的不便。,ลอนดิเนียมมีชื่อเสียงในด้านอุตสาหกรรมอันรุ่งโรจน์และหมอกหนาทึบสีเทาตะกั่วที่ปกคลุมทั่วเมือง\nหมอกนั้นปกคลุมทั่วทุกหนทุกแห่ง สำหรับผู้คนบนท้องถนนแล้ว มันเป็นเพียงความไม่สะดวกที่เกิดขึ้นโดยบังเอิญและไร้ความหมายเท่านั้น
StageGroup_15873_TypeText,aQXU,g关卡组_StageGroup_A.csv,63,StageGroup,TypeText,,怪雾之都,นครหมอกลี้ลับ
StageGroup_15873_StageGroupRewardDescription,aQXT,g关卡组_StageGroup_A.csv,63,StageGroup,StageGroupRewardDescription,,<Black:密契>,<Black: พันธสัญญา>
StageGroup_15958_Name,aReu,g关卡组_StageGroup_A.csv,64,StageGroup,Name,,狂躁蜡馆,พิพิธภัณฑ์หุ่นขี้ผึ้งวิปลาส
StageGroup_15958_Desc,aRet,g关卡组_StageGroup_A.csv,64,StageGroup,Desc,,罗杰斯蜡像馆坐落在南华克街的最深处，靠近泰姆河的支流。\n它毫不起眼，却有众多先锋艺术爱好者慕名而来。,พิพิธภัณฑ์หุ่นขี้ผึ้งโรเจอร์สตั้งอยู่ที่ส่วนลึกสุดของถนนเซาท์วาร์ก ใกล้กับลำน้ำสาขาของแม่น้ำเทมส์\nแม้จะดูไม่สะดุดตา แต่กลับมีผู้ที่ชื่นชอบศิลปะล้ำยุคจำนวนนับไม่ถ้วนเดินทางมาเยือนตามคำเลื่องลือ
StageGroup_15958_TypeText,aRew,g关卡组_StageGroup_A.csv,64,StageGroup,TypeText,,狂躁蜡馆,พิพิธภัณฑ์หุ่นขี้ผึ้งวิปลาส
StageGroup_15958_StageGroupRewardDescription,aRev,g关卡组_StageGroup_A.csv,64,StageGroup,StageGroupRewardDescription,,<Black:密契>,<Black: พันธสัญญา>
StageGroup_15942_Name,aRdi,g关卡组_StageGroup_A.csv,65,StageGroup,Name,,错乱异镇,เมืองวิกล
StageGroup_15942_Desc,aRdh,g关卡组_StageGroup_A.csv,65,StageGroup,Desc,,拉伊小镇位于伦蒂尼恩东北部，隐没在绵延的山脉中。\n沉默的乡民、无处不在的视线……当心，这里的一切都不太寻常。,เมืองไรซ์เป็นเมืองเล็กๆ ที่ตั้งอยู่ทางทิศตะวันออกเฉียงเหนือของลอนดิเนียม ซ่อนตัวอยู่ในแนวเทือกเขาที่ทอดยาว\nชาวบ้านพากันนิ่งเงียบ พลางส่งสายตาเฝ้ามองจากทุกหนแห่ง... จงระวังให้ดี เพราะทุกสิ่งทุกอย่างที่นี่ล้วนมีแต่ความผิดแผก
StageGroup_15942_TypeText,aRdk,g关卡组_StageGroup_A.csv,65,StageGroup,TypeText,,错乱异镇,เมืองวิกล
StageGroup_15942_StageGroupRewardDescription,aRdj,g关卡组_StageGroup_A.csv,65,StageGroup,StageGroupRewardDescription,,<Black:密契>,<Black: พันธสัญญา>
StageGroup_15924_Name,aRbO,g关卡组_StageGroup_A.csv,66,StageGroup,Name,,失序山脉,เทือกเขาไร้ระเบียบ
StageGroup_15924_Desc,aRbN,g关卡组_StageGroup_A.csv,66,StageGroup,Desc,,艾尔沃斯位于卡达斯的极点，终年被不融的冰雪覆盖，\n厚实而坚硬的冰壳下，隐约潜藏着生命的搏动。,เอลเวิร์ธตั้งอยู่ ณ ขั้วโลกของคาดัธ ถูกปกคลุมด้วยหิมะและน้ำแข็งที่ไม่เคยละลายตลอดปี\nภายใต้เปลือกน้ำแข็งที่หนาทึบและแข็งกระด้างนั้น มีการเต้นของชีวิตที่แผ่วเบาซ่อนเร้นอยู่
StageGroup_15924_TypeText,aRbQ,g关卡组_StageGroup_A.csv,66,StageGroup,TypeText,,失序山脉,เทือกเขาไร้ระเบียบ
StageGroup_15924_StageGroupRewardDescription,aRbP,g关卡组_StageGroup_A.csv,66,StageGroup,StageGroupRewardDescription,,<Black:密契>,<Black: พันธสัญญา>
StageGroup_15908_Name,aRaC,g关卡组_StageGroup_A.csv,67,StageGroup,Name,,暗海之舟,นาวาเหนือคลื่นทมิฬ
StageGroup_15908_Desc,aRaB,g关卡组_StageGroup_A.csv,67,StageGroup,Desc,,索纳尼尔号曾以伦蒂尼恩为母港，淹没在络绎来往的船只中。\n在风暴中失去音讯后，它彻底从俗世视野中消失，只留下只言片语的传说。,เรือโซนาไนล์เคยใช้ลอนดิเนียมเป็นเมืองท่าหลัก ถูกกลืนหายด้วยคลื่นกระแสเรือที่สัญจรไปมาอย่างไม่ขาดสาย\nกระทั่งเมื่อพายุโหมกระหน่ำ มันก็ได้เลือนลับไปจากสายตาของโลกมนุษย์โดยสิ้นเชิง ทิ้งไว้เพียงเศษเสี้ยวถ้อยคำของตำนานที่ถูกเล่าขาน
StageGroup_15908_TypeText,aRaE,g关卡组_StageGroup_A.csv,67,StageGroup,TypeText,,暗海之舟,นาวาเหนือคลื่นทมิฬ
StageGroup_15908_StageGroupRewardDescription,aRaD,g关卡组_StageGroup_A.csv,67,StageGroup,StageGroupRewardDescription,,<Black:密契>,<Black: พันธสัญญา>
StageGroup_15932_Name,aRcu,g关卡组_StageGroup_A.csv,68,StageGroup,Name,,风暴外海,ทะเลนอกเขตมรสุม
StageGroup_15932_Desc,aRct,g关卡组_StageGroup_A.csv,68,StageGroup,Desc,,雷欧王国的北海，拥有温和而平静的仲夏。\n她的冬季看起来也淑静典雅，但宁静华美的霞云之下，往往暗藏着致命的风暴。,ทะเลทางตอนเหนือของอาณาจักรเลโอมีฤดูร้อนที่อบอุ่นและสงบเงียบ\nฤดูหนาวก็ดูงดงามและสงบเสงี่ยม แต่ภายใต้เมฆหมอกที่สงบงามนั้น มักซ่อนพายุร้ายที่พร้อมคร่าชีวิตอยู่เสมอ
StageGroup_15932_TypeText,aRcw,g关卡组_StageGroup_A.csv,68,StageGroup,TypeText,,风暴外海,ทะเลนอกเขตมรสุม
StageGroup_15932_StageGroupRewardDescription,aRcv,g关卡组_StageGroup_A.csv,68,StageGroup,StageGroupRewardDescription,,<Black:密契>,<Black: พันธสัญญา>
StageGroup_49168_Name,aRmG,g关卡组_StageGroup_A.csv,69,StageGroup,Name,,荒沙之壁,กำแพงทรายรกร้าง
StageGroup_49168_Desc,aRmF,g关卡组_StageGroup_A.csv,69,StageGroup,Desc,,A.F.225年，风暴之壁诞生于勒姆瓦希沙漠，形成一道环绕圣河源头的天然屏障。,ในปี A.F. 225 กำแพงพายุได้ถือกำเนิดขึ้นในทะเลทรายเล็มวาห์ชี ก่อตัวเป็นปราการธรรมชาติที่โอบล้อมต้นกำเนิดของแม่น้ำศักดิ์สิทธิ์เอาไว้
StageGroup_49168_TypeText,aRmI,g关卡组_StageGroup_A.csv,69,StageGroup,TypeText,,荒沙之壁,กำแพงทรายรกร้าง
StageGroup_49168_StageGroupRewardDescription,aRmH,g关卡组_StageGroup_A.csv,69,StageGroup,StageGroupRewardDescription,,<Black:密契>,<Black: พันธสัญญา>
StageGroup_58897_Name,aRBm,g关卡组_StageGroup_A.csv,70,StageGroup,Name,,原初裂隙,รอยแยกปฐมภูมิ
StageGroup_58897_Desc,aRBl,g关卡组_StageGroup_A.csv,70,StageGroup,Desc,,在弥萨格的地底，隐藏着这个世界最初、也是最后的灾难。,ใต้ดินของมิธธาก ซ่อนเร้นซึ่งหายนะแรกเริ่มและหายนะสุดท้ายของโลกใบนี้เอาไว้
StageGroup_58897_TypeText,aRBo,g关卡组_StageGroup_A.csv,70,StageGroup,TypeText,,原初裂隙,รอยแยกปฐมภูมิ
StageGroup_58897_StageGroupRewardDescription,aRBn,g关卡组_StageGroup_A.csv,70,StageGroup,StageGroupRewardDescription,,<Black:密契>,<Black: พันธสัญญา>
StageGroup_15916_Name,aRbi,g关卡组_StageGroup_A.csv,73,StageGroup,Name,,深海之遗,มรดกแห่งห้วงทะเลลึก
StageGroup_15916_Desc,aRbh,g关卡组_StageGroup_A.csv,73,StageGroup,Desc,,它们在黑暗中扭曲、融合，然后被小心翼翼地保管在造像里。\n这是一次蓄谋已久的重逢。,พวกมันบิดเบี้ยวและหลอมรวมเข้าหากันในความมืด จากนั้นจึงถูกเก็บรักษาไว้อย่างระมัดระวังภายในรูปปั้น\nนี่คือการพบกันอีกครั้งที่ถูกจัดเตรียมมาอย่างยาวนาน
StageGroup_15916_TypeText,aRbk,g关卡组_StageGroup_A.csv,73,StageGroup,TypeText,,深海之遗,มรดกแห่งห้วงทะเลลึก
StageGroup_15959_Name,aRey,g关卡组_StageGroup_A.csv,74,StageGroup,Name,,血肉之沼,บึงเลือดเนื้อ
StageGroup_15959_Desc,aRex,g关卡组_StageGroup_A.csv,74,StageGroup,Desc,,它们在黑暗中扭曲、融合，然后被小心翼翼地保管在造像里。\n这是一次蓄谋已久的重逢。,พวกมันบิดเบี้ยวและหลอมรวมเข้าหากันในความมืด จากนั้นจึงถูกเก็บรักษาไว้อย่างระมัดระวังภายในรูปปั้น\nนี่คือการหวนคืนสู่กันและกันที่ได้ถูกจัดเตรียมไว้อย่างยาวนาน
StageGroup_15959_TypeText,aReA,g关卡组_StageGroup_A.csv,74,StageGroup,TypeText,,血肉之沼,บึงเลือดเนื้อ
StageGroup_15884_Name,aQYK,g关卡组_StageGroup_A.csv,75,StageGroup,Name,,超维之旅,ผจญห้วงมิติ
StageGroup_15884_Desc,aQYJ,g关卡组_StageGroup_A.csv,75,StageGroup,Desc,,它们在黑暗中扭曲、融合，然后被小心翼翼地保管在造像里。\n这是一次蓄谋已久的重逢。,พวกมันบิดเบี้ยวและหลอมรวมเข้าหากันในความมืด จากนั้นจึงถูกเก็บรักษาไว้อย่างระมัดระวังภายในรูปปั้น\nนี่คือการหวนคืนสู่กันและกันที่ได้ถูกจัดเตรียมไว้อย่างยาวนาน
StageGroup_15884_TypeText,aQYM,g关卡组_StageGroup_A.csv,75,StageGroup,TypeText,,超维之旅,ผจญห้วงมิติ
StageGroup_15874_Name,aQXW,g关卡组_StageGroup_A.csv,76,StageGroup,Name,,混沌之域,ดินแดนโกลาหล
StageGroup_15874_Desc,aQXV,g关卡组_StageGroup_A.csv,76,StageGroup,Desc,,它们在黑暗中扭曲、融合，然后被小心翼翼地保管在造像里。\n这是一次蓄谋已久的重逢。,พวกมันบิดเบี้ยวและหลอมรวมเข้าหากันในความมืด จากนั้นจึงถูกเก็บรักษาไว้อย่างระมัดระวังภายในรูปปั้น\nนี่คือการหวนคืนสู่กันและกันที่ได้ถูกจัดเตรียมไว้อย่างยาวนาน
StageGroup_15874_TypeText,aQXY,g关卡组_StageGroup_A.csv,76,StageGroup,TypeText,,混沌之域,ดินแดนโกลาหล
StageGroup_15898_Name,aQZO,g关卡组_StageGroup_A.csv,77,StageGroup,Name,,深海之遗,มรดกแห่งห้วงทะเลลึก
StageGroup_15898_Desc,aQZN,g关卡组_StageGroup_A.csv,77,StageGroup,Desc,,它们在黑暗中扭曲、融合，然后被小心翼翼地保管在造像里。\n这是一次蓄谋已久的重逢。,พวกมันบิดเบี้ยวและหลอมรวมเข้าหากันในความมืด จากนั้นจึงถูกเก็บรักษาไว้อย่างระมัดระวังภายในรูปปั้น\nนี่คือการพบกันอีกครั้งที่ถูกจัดเตรียมมาอย่างยาวนาน
StageGroup_15898_TypeText,aQZQ,g关卡组_StageGroup_A.csv,77,StageGroup,TypeText,,深海之遗,มรดกแห่งห้วงทะเลลึก
StageGroup_15931_Name,aRcq,g关卡组_StageGroup_A.csv,78,StageGroup,Name,,血肉之沼,บึงเลือดเนื้อ
StageGroup_15931_Desc,aRcp,g关卡组_StageGroup_A.csv,78,StageGroup,Desc,,它们在黑暗中扭曲、融合，然后被小心翼翼地保管在造像里。\n这是一次蓄谋已久的重逢。,พวกมันบิดเบี้ยวและหลอมรวมเข้าหากันในความมืด จากนั้นจึงถูกเก็บรักษาไว้อย่างระมัดระวังภายในรูปปั้น\nนี่คือการหวนคืนสู่กันและกันที่ได้ถูกจัดเตรียมไว้อย่างยาวนาน
StageGroup_15931_TypeText,aRcs,g关卡组_StageGroup_A.csv,78,StageGroup,TypeText,,血肉之沼,บึงเลือดเนื้อ
StageGroup_15869_Name,aQXC,g关卡组_StageGroup_A.csv,79,StageGroup,Name,,超维之旅,ผจญห้วงมิติ
StageGroup_15869_Desc,aQXB,g关卡组_StageGroup_A.csv,79,StageGroup,Desc,,它们在黑暗中扭曲、融合，然后被小心翼翼地保管在造像里。\n这是一次蓄谋已久的重逢。,พวกมันบิดเบี้ยวและหลอมรวมเข้าหากันในความมืด จากนั้นจึงถูกเก็บรักษาไว้อย่างระมัดระวังภายในรูปปั้น\nนี่คือการหวนคืนสู่กันและกันที่ได้ถูกจัดเตรียมไว้อย่างยาวนาน
StageGroup_15869_TypeText,aQXE,g关卡组_StageGroup_A.csv,79,StageGroup,TypeText,,超维之旅,ผจญห้วงมิติ
StageGroup_15910_Name,aRaK,g关卡组_StageGroup_A.csv,80,StageGroup,Name,,混沌之域,ดินแดนโกลาหล
StageGroup_15910_Desc,aRaJ,g关卡组_StageGroup_A.csv,80,StageGroup,Desc,,它们在黑暗中扭曲、融合，然后被小心翼翼地保管在造像里。\n这是一次蓄谋已久的重逢。,พวกมันบิดเบี้ยวและหลอมรวมเข้าหากันในความมืด จากนั้นจึงถูกเก็บรักษาไว้อย่างระมัดระวังภายในรูปปั้น\nนี่คือการหวนคืนสู่กันและกันที่ได้ถูกจัดเตรียมไว้อย่างยาวนาน
StageGroup_15910_TypeText,aRaM,g关卡组_StageGroup_A.csv,80,StageGroup,TypeText,,混沌之域,ดินแดนโกลาหล
StageGroup_15900_Name,aQZW,g关卡组_StageGroup_A.csv,81,StageGroup,Name,,深海之遗,มรดกแห่งห้วงทะเลลึก
StageGroup_15900_Desc,aQZV,g关卡组_StageGroup_A.csv,81,StageGroup,Desc,,它们在黑暗中扭曲、融合，然后被小心翼翼地保管在造像里。\n这是一次蓄谋已久的重逢。,พวกมันบิดเบี้ยวและหลอมรวมเข้าหากันในความมืด จากนั้นจึงถูกเก็บรักษาไว้อย่างระมัดระวังภายในรูปปั้น\nนี่คือการพบกันอีกครั้งที่ถูกจัดเตรียมมาอย่างยาวนาน
StageGroup_15900_TypeText,aQZY,g关卡组_StageGroup_A.csv,81,StageGroup,TypeText,,深海之遗,มรดกแห่งห้วงทะเลลึก
StageGroup_15930_Name,aRcm,g关卡组_StageGroup_A.csv,82,StageGroup,Name,,血肉之沼,บึงเลือดเนื้อ
StageGroup_15930_Desc,aRcl,g关卡组_StageGroup_A.csv,82,StageGroup,Desc,,它们在黑暗中扭曲、融合，然后被小心翼翼地保管在造像里。\n这是一次蓄谋已久的重逢。,พวกมันบิดเบี้ยวและหลอมรวมเข้าหากันในความมืด จากนั้นจึงถูกเก็บรักษาไว้อย่างระมัดระวังภายในรูปปั้น\nนี่คือการหวนคืนสู่กันและกันที่ได้ถูกจัดเตรียมไว้อย่างยาวนาน
StageGroup_15930_TypeText,aRco,g关卡组_StageGroup_A.csv,82,StageGroup,TypeText,,血肉之沼,บึงเลือดเนื้อ
StageGroup_15870_Name,aQXG,g关卡组_StageGroup_A.csv,83,StageGroup,Name,,超维之旅,ผจญห้วงมิติ
StageGroup_15870_Desc,aQXF,g关卡组_StageGroup_A.csv,83,StageGroup,Desc,,它们在黑暗中扭曲、融合，然后被小心翼翼地保管在造像里。\n这是一次蓄谋已久的重逢。,พวกมันบิดเบี้ยวและหลอมรวมเข้าหากันในความมืด จากนั้นจึงถูกเก็บรักษาไว้อย่างระมัดระวังภายในรูปปั้น\nนี่คือการหวนคืนสู่กันและกันที่ได้ถูกจัดเตรียมไว้อย่างยาวนาน
StageGroup_15870_TypeText,aQXI,g关卡组_StageGroup_A.csv,83,StageGroup,TypeText,,超维之旅,ผจญห้วงมิติ
StageGroup_15911_Name,aRaO,g关卡组_StageGroup_A.csv,84,StageGroup,Name,,混沌之域,ดินแดนโกลาหล
StageGroup_15911_Desc,aRaN,g关卡组_StageGroup_A.csv,84,StageGroup,Desc,,它们在黑暗中扭曲、融合，然后被小心翼翼地保管在造像里。\n这是一次蓄谋已久的重逢。,พวกมันบิดเบี้ยวและหลอมรวมเข้าหากันในความมืด จากนั้นจึงถูกเก็บรักษาไว้อย่างระมัดระวังภายในรูปปั้น\nนี่คือการหวนคืนสู่กันและกันที่ได้ถูกจัดเตรียมไว้อย่างยาวนาน
StageGroup_15911_TypeText,aRaQ,g关卡组_StageGroup_A.csv,84,StageGroup,TypeText,,混沌之域,ดินแดนโกลาหล
StageGroup_15899_Name,aQZS,g关卡组_StageGroup_A.csv,85,StageGroup,Name,,深海之遗,มรดกแห่งห้วงทะเลลึก
StageGroup_15899_Desc,aQZR,g关卡组_StageGroup_A.csv,85,StageGroup,Desc,,它们在黑暗中扭曲、融合，然后被小心翼翼地保管在造像里。\n这是一次蓄谋已久的重逢。,พวกมันบิดเบี้ยวและหลอมรวมเข้าหากันในความมืด จากนั้นจึงถูกเก็บรักษาไว้อย่างระมัดระวังภายในรูปปั้น\nนี่คือการพบกันอีกครั้งที่ถูกจัดเตรียมมาอย่างยาวนาน
StageGroup_15899_TypeText,aQZU,g关卡组_StageGroup_A.csv,85,StageGroup,TypeText,,深海之遗,มรดกแห่งห้วงทะเลลึก
StageGroup_15929_Name,aRci,g关卡组_StageGroup_A.csv,86,StageGroup,Name,,血肉之沼,บึงเลือดเนื้อ
StageGroup_15929_Desc,aRch,g关卡组_StageGroup_A.csv,86,StageGroup,Desc,,它们在黑暗中扭曲、融合，然后被小心翼翼地保管在造像里。\n这是一次蓄谋已久的重逢。,พวกมันบิดเบี้ยวและหลอมรวมเข้าหากันในความมืด จากนั้นจึงถูกเก็บรักษาไว้อย่างระมัดระวังภายในรูปปั้น\nนี่คือการหวนคืนสู่กันและกันที่ได้ถูกจัดเตรียมไว้อย่างยาวนาน
StageGroup_15929_TypeText,aRck,g关卡组_StageGroup_A.csv,86,StageGroup,TypeText,,血肉之沼,บึงเลือดเนื้อ
StageGroup_15871_Name,aQXK,g关卡组_StageGroup_A.csv,87,StageGroup,Name,,超维之旅,ผจญห้วงมิติ
StageGroup_15871_Desc,aQXJ,g关卡组_StageGroup_A.csv,87,StageGroup,Desc,,它们在黑暗中扭曲、融合，然后被小心翼翼地保管在造像里。\n这是一次蓄谋已久的重逢。,พวกมันบิดเบี้ยวและหลอมรวมเข้าหากันในความมืด จากนั้นจึงถูกเก็บรักษาไว้อย่างระมัดระวังภายในรูปปั้น\nนี่คือการหวนคืนสู่กันและกันที่ได้ถูกจัดเตรียมไว้อย่างยาวนาน
StageGroup_15871_TypeText,aQXM,g关卡组_StageGroup_A.csv,87,StageGroup,TypeText,,超维之旅,ผจญห้วงมิติ
StageGroup_15912_Name,aRaS,g关卡组_StageGroup_A.csv,88,StageGroup,Name,,混沌之域,ดินแดนโกลาหล
StageGroup_15912_Desc,aRaR,g关卡组_StageGroup_A.csv,88,StageGroup,Desc,,它们在黑暗中扭曲、融合，然后被小心翼翼地保管在造像里。\n这是一次蓄谋已久的重逢。,พวกมันบิดเบี้ยวและหลอมรวมเข้าหากันในความมืด จากนั้นจึงถูกเก็บรักษาไว้อย่างระมัดระวังภายในรูปปั้น\nนี่คือการหวนคืนสู่กันและกันที่ได้ถูกจัดเตรียมไว้อย่างยาวนาน
StageGroup_15912_TypeText,aRaU,g关卡组_StageGroup_A.csv,88,StageGroup,TypeText,,混沌之域,ดินแดนโกลาหล
StageGroup_23663_Name,aRfS,g关卡组_StageGroup_A.csv,89,StageGroup,Name,,深海之遗,มรดกแห่งห้วงทะเลลึก
StageGroup_23663_Desc,aRfR,g关卡组_StageGroup_A.csv,89,StageGroup,Desc,,它们在黑暗中扭曲、融合，然后被小心翼翼地保管在造像里。\n这是一次蓄谋已久的重逢。,พวกมันบิดเบี้ยวและหลอมรวมเข้าหากันในความมืด จากนั้นจึงถูกเก็บรักษาไว้อย่างระมัดระวังภายในรูปปั้น\nนี่คือการพบกันอีกครั้งที่ถูกจัดเตรียมมาอย่างยาวนาน
StageGroup_23663_TypeText,aRfU,g关卡组_StageGroup_A.csv,89,StageGroup,TypeText,,深海之遗,มรดกแห่งห้วงทะเลลึก
StageGroup_23664_Name,aRfW,g关卡组_StageGroup_A.csv,90,StageGroup,Name,,血肉之沼,บึงเลือดเนื้อ
StageGroup_23664_Desc,aRfV,g关卡组_StageGroup_A.csv,90,StageGroup,Desc,,它们在黑暗中扭曲、融合，然后被小心翼翼地保管在造像里。\n这是一次蓄谋已久的重逢。,พวกมันบิดเบี้ยวและหลอมรวมเข้าหากันในความมืด จากนั้นจึงถูกเก็บรักษาไว้อย่างระมัดระวังภายในรูปปั้น\nนี่คือการหวนคืนสู่กันและกันที่ได้ถูกจัดเตรียมไว้อย่างยาวนาน
StageGroup_23664_TypeText,aRfY,g关卡组_StageGroup_A.csv,90,StageGroup,TypeText,,血肉之沼,บึงเลือดเนื้อ
StageGroup_23665_Name,aRga,g关卡组_StageGroup_A.csv,91,StageGroup,Name,,超维之旅,ผจญห้วงมิติ
StageGroup_23665_Desc,aRfZ,g关卡组_StageGroup_A.csv,91,StageGroup,Desc,,它们在黑暗中扭曲、融合，然后被小心翼翼地保管在造像里。\n这是一次蓄谋已久的重逢。,พวกมันบิดเบี้ยวและหลอมรวมเข้าหากันในความมืด จากนั้นจึงถูกเก็บรักษาไว้อย่างระมัดระวังภายในรูปปั้น\nนี่คือการหวนคืนสู่กันและกันที่ได้ถูกจัดเตรียมไว้อย่างยาวนาน
StageGroup_23665_TypeText,aRgc,g关卡组_StageGroup_A.csv,91,StageGroup,TypeText,,超维之旅,ผจญห้วงมิติ
StageGroup_23666_Name,aRge,g关卡组_StageGroup_A.csv,92,StageGroup,Name,,混沌之域,ดินแดนโกลาหล
StageGroup_23666_Desc,aRgd,g关卡组_StageGroup_A.csv,92,StageGroup,Desc,,它们在黑暗中扭曲、融合，然后被小心翼翼地保管在造像里。\n这是一次蓄谋已久的重逢。,พวกมันบิดเบี้ยวและหลอมรวมเข้าหากันในความมืด จากนั้นจึงถูกเก็บรักษาไว้อย่างระมัดระวังภายในรูปปั้น\nนี่คือการหวนคืนสู่กันและกันที่ได้ถูกจัดเตรียมไว้อย่างยาวนาน
StageGroup_23666_TypeText,aRgg,g关卡组_StageGroup_A.csv,92,StageGroup,TypeText,,混沌之域,ดินแดนโกลาหล
StageGroup_15902_Name,aRae,g关卡组_StageGroup_A.csv,191,StageGroup,Name,,混沌无光之境Ⅰ,ดินแดนโกลาหลไร้แสง I
StageGroup_15902_Desc,aRad,g关卡组_StageGroup_A.csv,191,StageGroup,Desc,,它们在黑暗中扭曲、融合，然后被小心翼翼地保管在造像里。\n这是一次蓄谋已久的重逢。,พวกมันบิดเบี้ยวและหลอมรวมเข้าหากันในความมืด จากนั้นจึงถูกเก็บรักษาไว้อย่างระมัดระวังภายในรูปปั้น\nนี่คือการพบกันอีกครั้งที่ถูกจัดเตรียมมาอย่างยาวนาน
StageGroup_15902_TypeText,aRag,g关卡组_StageGroup_A.csv,191,StageGroup,TypeText,,无光之境,ดินแดนไร้แสง
StageGroup_15914_Name,aRba,g关卡组_StageGroup_A.csv,192,StageGroup,Name,,混沌无光之境Ⅱ,ดินแดนโกลาหลไร้แสง II
StageGroup_15914_TypeText,aRbc,g关卡组_StageGroup_A.csv,192,StageGroup,TypeText,,无光之境,ดินแดนไร้แสง
Task_10320_Name,baZf,r任务_Task_A.csv,330,Task,Name,,研究任务：炼金札记,งานวิจัย: บันทึกการแปรธาตุ
Task_10320_Desc,baZd,r任务_Task_A.csv,330,Task,Desc,,闪闪发光的东西不一定是黄金，但一定价格不菲。\n相传，弥萨格由一帮离群的炼金术士创立，他们的野心可远不止点石成金。,สิ่งที่ส่องประกายอาจไม่ใช่ทองคำเสมอไป แต่ที่แน่ๆ มันมีราคามหาศาล\nเล่ากันว่ามิธธากก่อตั้งโดยกลุ่มนักเล่นแร่แปรธาตุปลีกวิเวกที่ความทะเยอทะยานนั้นก้าวไกลเกินกว่าแค่การเปลี่ยนหินให้เป็นทอง
Task_10320_CompleteCondDesc,baZc,r任务_Task_A.csv,330,Task,CompleteCondDesc,,派遣总等级>={s1},เลเวลรวมการมอบหมายภารกิจ ≥ {s1}
Task_10323_Name,baZx,r任务_Task_A.csv,331,Task,Name,,研究任务：制剂制作,งานวิจัย: การผลิตยา
Task_10323_Desc,baZv,r任务_Task_A.csv,331,Task,Desc,,严格意义上来说，唤醒体也是银芯科技的一种。\n你必须竭尽全力才能让它们不至于落伍。,หากพูดกันตามหลักการแล้วผู้ปลุกตื่นก็ถือเป็นเทคโนโลยีซิลเวอร์คอร์ประเภทหนึ่งเช่นกัน\nจึงจำเป็นต้องทุ่มเทอย่างสุดกำลัง เพื่อไม่ให้พวกเขาล้าหลังจนเกินไป
Task_10323_CompleteCondDesc,baZu,r任务_Task_A.csv,331,Task,CompleteCondDesc,,派遣总等级>={s1},เลเวลรวมการมอบหมายภารกิจ ≥ {s1}
Task_10277_Name,baUn,r任务_Task_A.csv,333,Task,Name,,调查任务：密银寻踪,ภารกิจ: แกะรอยมิธริล
Task_10277_Desc,baUl,r任务_Task_A.csv,333,Task,Desc,,在图书馆静坐并不会让你获得更多的唤醒体。\n出发吧，迈出你的双腿，在自然中寻找那万分之一的可能性。,การนั่งนิ่งๆ อยู่ในห้องสมุด ไม่ได้ช่วยให้คุณได้รับผู้ปลุกตื่นเพิ่มขึ้นหรอก\nออกเดินทางเถอะ ก้าวเท้าของคุณออกไป ตามหาความเป็นไปได้เพียงหนึ่งในหมื่นภายใต้ธรรมชาติ
Task_10277_CompleteCondDesc,baUk,r任务_Task_A.csv,333,Task,CompleteCondDesc,,派遣总等级>={s1},เลเวลรวมการมอบหมายภารกิจ ≥ {s1}
Task_10787_Name,bbZh,r任务_Task_A.csv,334,Task,Name,,研究任务：炼金札记,งานวิจัย: บันทึกการแปรธาตุ
Task_10787_Desc,bbZf,r任务_Task_A.csv,334,Task,Desc,,闪闪发光的东西不一定是黄金，但一定价格不菲。\n相传，弥萨格由一帮离群的炼金术士创立，他们的野心可远不止点石成金。,สิ่งที่ส่องประกายอาจไม่ใช่ทองคำเสมอไป แต่ที่แน่ๆ มันมีราคามหาศาล\nเล่ากันว่ามิธธากก่อตั้งโดยกลุ่มนักเล่นแร่แปรธาตุปลีกวิเวกที่ความทะเยอทะยานนั้นก้าวไกลเกินกว่าแค่การเปลี่ยนหินให้เป็นทอง
Task_10787_CompleteCondDesc,bbZe,r任务_Task_A.csv,334,Task,CompleteCondDesc,,派遣总等级>={s1},เลเวลรวมการมอบหมายภารกิจ ≥ {s1}
Task_10736_Name,bbTn,r任务_Task_A.csv,335,Task,Name,,研究任务：制剂制作,งานวิจัย: การผลิตยา
Task_10736_Desc,bbTl,r任务_Task_A.csv,335,Task,Desc,,严格意义上来说，唤醒体也是银芯科技的一种。\n你必须竭尽全力才能让它们不至于落伍。,หากพูดกันตามหลักการแล้วผู้ปลุกตื่นก็ถือเป็นเทคโนโลยีซิลเวอร์คอร์ประเภทหนึ่งเช่นกัน\nจึงจำเป็นต้องทุ่มเทอย่างสุดกำลัง เพื่อไม่ให้พวกเขาล้าหลังจนเกินไป
Task_10736_CompleteCondDesc,bbTk,r任务_Task_A.csv,335,Task,CompleteCondDesc,,派遣总等级>={s1},เลเวลรวมการมอบหมายภารกิจ ≥ {s1}
Task_10565_Name,bbAx,r任务_Task_A.csv,336,Task,Name,,调查任务：活性解离,ภารกิจ: แยกตัวกัมมันต์
Task_10565_Desc,bbAv,r任务_Task_A.csv,336,Task,Desc,,他的本能、理智和心都被封装在小小的玻璃瓶里。\n世界从此与他无关。,ทั้งสัญชาตญาณ สติสัมปชัญญะ และหัวใจของเขา ทั้งหมดถูกผนึกไว้ในขวดแก้วใบเล็กๆ\nตั้งแต่นั้นเป็นต้นมา โลกใบนี้ก็ไม่มีอะไรเกี่ยวข้องกับเขาอีกต่อไป
Task_10565_UnlockCondDesc,bbAz,r任务_Task_A.csv,336,Task,UnlockCondDesc,,完成调查事件 1-13 开放,"ปลดล็อกเมื่อเสร็จสิ้นเควส ""ภารกิจสืบสวน"" 1-13 "
Task_10565_CompleteCondDesc,bbAu,r任务_Task_A.csv,336,Task,CompleteCondDesc,,派遣总等级>={s1},เลเวลรวมการมอบหมายภารกิจ ≥ {s1}
Task_10975_Name,bcsZ,r任务_Task_A.csv,337,Task,Name,,调查任务：影像疗法,ภารกิจ: ทัศนบำบัด
Task_10975_Desc,bcsX,r任务_Task_A.csv,337,Task,Desc,,「它将转写你的心。」\n「是吗？那它一定千疮百孔吧。」,"""มันจะถ่ายโอนหัวใจของคุณออกมา""\n""อย่างนั้นหรือ? ถ้าอย่างนั้น... หัวใจดวงนี้ก็คงจะเต็มไปด้วยบาดแผลเกินเยียวยาสินะ"""
Task_10975_UnlockCondDesc,bctb,r任务_Task_A.csv,337,Task,UnlockCondDesc,,完成调查事件 1-13 开放,"ปลดล็อกเมื่อเสร็จสิ้นเควส ""ภารกิจสืบสวน"" 1-13 "
Task_10975_CompleteCondDesc,bcsW,r任务_Task_A.csv,337,Task,CompleteCondDesc,,派遣总等级>={s1},เลเวลรวมการมอบหมายภารกิจ ≥ {s1}
Task_10538_Name,bbxD,r任务_Task_A.csv,338,Task,Name,,调查任务：达达主义,ภารกิจ: ลัทธิดาดา
Task_10538_Desc,bbxB,r任务_Task_A.csv,338,Task,Desc,,有时候，破坏的冲动即为创造的冲动。\n拾起你的画笔吧，艺术无需任何准备。,บางครั้ง แรงกระตุ้นที่จะทำลายก็คือแรงกระตุ้นในการสร้างสรรค์\nหยิบพู่กันของคุณขึ้นมาเถอะ ศิลปะไม่จำเป็นต้องมีการเตรียมตัวใดๆ
Task_10538_UnlockCondDesc,bbxF,r任务_Task_A.csv,338,Task,UnlockCondDesc,,完成调查事件 1-13 开放,"ปลดล็อกเมื่อเสร็จสิ้นเควส ""ภารกิจสืบสวน"" 1-13 "
Task_10538_CompleteCondDesc,bbxA,r任务_Task_A.csv,338,Task,CompleteCondDesc,,派遣总等级>={s1},เลเวลรวมการมอบหมายภารกิจ ≥ {s1}
Task_10733_Name,bbSV,r任务_Task_A.csv,339,Task,Name,,调查任务：旧日残卷,ภารกิจ: ม้วนคัมภีร์บรรพกาล
Task_10733_Desc,bbST,r任务_Task_A.csv,339,Task,Desc,,那是上帝书写宇宙的语言。\n当你倾听它时，你在倾听无穷。,นั่นคือภาษาที่พระเจ้าใช้เขียนจักรวาลขึ้นมา\nยามที่เงี่ยหูฟังมัน ก็เท่ากับว่ากำลังรับฟังความไร้สิ้นสุด
Task_10733_UnlockCondDesc,bbSX,r任务_Task_A.csv,339,Task,UnlockCondDesc,,完成调查事件 1-13 开放,"ปลดล็อกเมื่อเสร็จสิ้นเควส ""ภารกิจสืบสวน"" 1-13 "
Task_10733_CompleteCondDesc,bbSS,r任务_Task_A.csv,339,Task,CompleteCondDesc,,派遣总等级>={s1},เลเวลรวมการมอบหมายภารกิจ ≥ {s1}
Task_10302_Name,baXb,r任务_Task_A.csv,340,Task,Name,,研究任务：纯白诗篇,งานวิจัย:  บทกวีสีขาวบริสุทธิ์
Task_10302_Desc,baWZ,r任务_Task_A.csv,340,Task,Desc,,混沌是自然法则，秩序是人类妄想。,ความโกลาหลคือกฎเกณฑ์ของธรรมชาติ ส่วนระเบียบวินัยคือความเพ้อฝันของมนุษย์
Task_10302_UnlockCondDesc,baXd,r任务_Task_A.csv,340,Task,UnlockCondDesc,,守密人 25 级开放,ปลดล็อกเมื่อผู้พิทักษ์ความลับ ระดับ 25
Task_10302_CompleteCondDesc,baWY,r任务_Task_A.csv,340,Task,CompleteCondDesc,,派遣总等级>={s1},เลเวลรวมการมอบหมายภารกิจ ≥ {s1}
Task_10934_Name,bcoX,r任务_Task_A.csv,341,Task,Name,,研究任务：碧蓝诗篇,งานวิจัย:  บทกวีสีคราม
Task_10934_Desc,bcoV,r任务_Task_A.csv,341,Task,Desc,,所有生命最终都会回归大海。\n就像永不停歇的时间之流，它是终结的开始。,ท้ายที่สุดแล้วทุกชีวิตล้วนต้องกลับคืนสู่ท้องทะเล\nดั่งกระแสธารแห่งกาลเวลาที่ไม่เคยหยุดนิ่ง มันคือจุดเริ่มต้นของจุดจบ
Task_10934_UnlockCondDesc,bcoZ,r任务_Task_A.csv,341,Task,UnlockCondDesc,,守密人 25 级开放,ปลดล็อกเมื่อผู้พิทักษ์ความลับ ระดับ 25
Task_10934_CompleteCondDesc,bcoU,r任务_Task_A.csv,341,Task,CompleteCondDesc,,派遣总等级>={s1},เลเวลรวมการมอบหมายภารกิจ ≥ {s1}
Task_10473_Name,bbqv,r任务_Task_A.csv,342,Task,Name,,研究任务：绯红诗篇,งานวิจัย:  บทกวีสีชาด
Task_10473_Desc,bbqt,r任务_Task_A.csv,342,Task,Desc,,它们在自己不曾察觉的恐惧中滚动。\n无所知，无光亮，无名字。,พวกมันหมุนคว้างน่าพรั่นพรึงทว่าไร้คนสนใจ\nไร้ปรีชาญาณ ไร้ประกายแสง ไร้นามกร
Task_10473_UnlockCondDesc,bbqx,r任务_Task_A.csv,342,Task,UnlockCondDesc,,守密人 25 级开放,ปลดล็อกเมื่อผู้พิทักษ์ความลับ ระดับ 25
Task_10473_CompleteCondDesc,bbqs,r任务_Task_A.csv,342,Task,CompleteCondDesc,,派遣总等级>={s1},เลเวลรวมการมอบหมายภารกิจ ≥ {s1}
Task_10680_Name,bbNb,r任务_Task_A.csv,343,Task,Name,,研究任务：绛紫诗篇,งานวิจัย: บทกวีสีอินทนิล
Task_10680_Desc,bbMZ,r任务_Task_A.csv,343,Task,Desc,,维度、空间、量子……或许你将永远无法理解这些词汇背后的深刻涵义。\n就像你无法理解这世上发生的大部分事情。,"มิติ, อวกาศ, ควอนตัม... บางทีคุณอาจไม่มีวันเข้าใจความหมายอันลึกซึ้งที่ซ่อนอยู่หลังถ้อยคำเหล่านี้ได้เลย\nเหมือนกับที่คุณไม่เคยเข้าใจเรื่องราวส่วนใหญ่ที่เกิดขึ้นบนโลกใบนี้"
Task_10680_UnlockCondDesc,bbNd,r任务_Task_A.csv,343,Task,UnlockCondDesc,,守密人 25 级开放,ปลดล็อกเมื่อผู้พิทักษ์ความลับ ระดับ 25
Task_10680_CompleteCondDesc,bbMY,r任务_Task_A.csv,343,Task,CompleteCondDesc,,派遣总等级>={s1},เลเวลรวมการมอบหมายภารกิจ ≥ {s1}
Task_48735_Name,beFZ,r任务_Task_A.csv,344,Task,Name,,调查任务：勘察测绘,ภารกิจ: แผนการลาดตระเวน
Task_48735_Desc,beFX,r任务_Task_A.csv,344,Task,Desc,,地理是高位者的谎言。\n小心那些等高线。,ภูมิศาสตร์คือคำลวงของผู้ที่อยู่เหนือกว่า\nจงระวังเส้นความสูงเหล่านั้นให้ดี
Task_48735_UnlockCondDesc,beGb,r任务_Task_A.csv,344,Task,UnlockCondDesc,,守密人 20 级开放,ปลดล็อกเมื่อผู้พิทักษ์ความลับ ระดับ 25
Task_48735_CompleteCondDesc,beFW,r任务_Task_A.csv,344,Task,CompleteCondDesc,,派遣总等级>={s1},เลเวลรวมการมอบหมายภารกิจ ≥ {s1}
Task_48734_Name,beFT,r任务_Task_A.csv,345,Task,Name,,调查任务：先验理论,ภารกิจ: ทฤษฎีเชิงประจักษ์
Task_48734_Desc,beFR,r任务_Task_A.csv,345,Task,Desc,,忘掉你的认知，忘掉你的目的。\n真相是什么，它们会告诉你。,จงลืมเลือนการรับรู้ของเจ้าเสีย จงลืมเลือนจุดประสงค์ของเจ้าไป\nความจริงคือสิ่งใด พวกมันจะเป็นผู้บอกเจ้าเอง
Task_48734_UnlockCondDesc,beFV,r任务_Task_A.csv,345,Task,UnlockCondDesc,,守密人 30 级开放,ปลดล็อกเมื่อผู้พิทักษ์ความลับ ระดับ 25
Task_48734_CompleteCondDesc,beFQ,r任务_Task_A.csv,345,Task,CompleteCondDesc,,派遣总等级>={s1},เลเวลรวมการมอบหมายภารกิจ ≥ {s1}
Task_48733_Name,beFN,r任务_Task_A.csv,346,Task,Name,,调查任务：泛神信仰,ภารกิจ: สรรพเทวนิยม
Task_48733_Desc,beFL,r任务_Task_A.csv,346,Task,Desc,,从倒塌的教堂和破碎的文物中，博物馆获得它们的珍藏，你获得你的珍藏。\n你们各取所需。,จากโบสถ์ที่พังทลายและโบราณวัตถุที่แตกสลาย พิพิธภัณฑ์ได้สิ่งล้ำค่าของพวกเขาไป ส่วนคุณก็ได้สิ่งล้ำค่าของคุณมา\nต่างฝ่ายต่างก็ได้ในสิ่งที่ตนต้องการ
Task_48733_UnlockCondDesc,beFP,r任务_Task_A.csv,346,Task,UnlockCondDesc,,守密人 40 级开放,ปลดล็อกเมื่อผู้พิทักษ์ความลับ ระดับ 25
Task_48733_CompleteCondDesc,beFK,r任务_Task_A.csv,346,Task,CompleteCondDesc,,派遣总等级>={s1},เลเวลรวมการมอบหมายภารกิจ ≥ {s1}
Task_48736_Name,beGf,r任务_Task_A.csv,347,Task,Name,,调查任务：秘境幻影,ภารกิจ: ดินแดนลวงตา
Task_48736_Desc,beGd,r任务_Task_A.csv,347,Task,Desc,,收获两段不可信任的承诺，和一场难以忘怀的梦。,ได้รับมาซึ่งคำสัญญาที่ไม่อาจเชื่อถือได้สองครา และความฝันที่ยากจะลืมเลือนอีกหนึ่งตื่น
Task_48736_UnlockCondDesc,beGh,r任务_Task_A.csv,347,Task,UnlockCondDesc,,守密人 50 级开放,ปลดล็อกเมื่อผู้พิทักษ์ความลับ ระดับ 25
Task_48736_CompleteCondDesc,beGc,r任务_Task_A.csv,347,Task,CompleteCondDesc,,派遣总等级>={s1},เลเวลรวมการมอบหมายภารกิจ ≥ {s1}
Task_118877_Desc,bJHj,r任务_Task_A.csv,6215,Task,Desc,,制剂淬炼,ขัดเกลาตำรับยา
Task_121273_Desc,bKFN,r任务_Task_A.csv,6216,Task,Desc,,在「制剂淬炼Ⅰ」中获得三星评分,"ได้รับคะแนน 3 ดาวใน ""ขัดเกลาตำรับยา I"""
Task_121298_Desc,bKGm,r任务_Task_A.csv,6217,Task,Desc,,在「制剂淬炼Ⅱ」中获得三星评分,"ได้รับคะแนน 3 ดาวใน ""ขัดเกลาตำรับยา II"""
Task_121302_Desc,bKGq,r任务_Task_A.csv,6218,Task,Desc,,在「制剂淬炼Ⅲ」中获得三星评分,"ได้รับคะแนน 3 ดาวใน ""ขัดเกลาตำรับยา III"""
Task_121278_Desc,bKFS,r任务_Task_A.csv,6219,Task,Desc,,在「制剂淬炼Ⅳ」中获得三星评分,"ได้รับคะแนน 3 ดาวใน ""ขัดเกลาตำรับยา IV"""
Task_121296_Desc,bKGk,r任务_Task_A.csv,6220,Task,Desc,,在「制剂淬炼Ⅴ」中获得三星评分,"ได้รับคะแนน 3 ดาวใน ""ขัดเกลาตำรับยา V"""
Task_118842_Desc,bJGJ,r任务_Task_A.csv,6221,Task,Desc,,金券搜查,เสาะหาคูปองกุหลาบทองคำ
Task_121238_Desc,bKFe,r任务_Task_A.csv,6222,Task,Desc,,在「金券搜查Ⅰ」中获得三星评分,"ได้รับคะแนน 3 ดาวใน ""เสาะหาคูปองกุหลาบทองคำ I"""
Task_121295_Desc,bKGj,r任务_Task_A.csv,6223,Task,Desc,,在「金券搜查Ⅱ」中获得三星评分,"ได้รับคะแนน 3 ดาวใน ""เสาะหาคูปองกุหลาบทองคำ II"""
Task_121321_Desc,bKGJ,r任务_Task_A.csv,6224,Task,Desc,,在「金券搜查Ⅲ」中获得三星评分,"ได้รับคะแนน 3 ดาวใน ""เสาะหาคูปองกุหลาบทองคำ III"""
Task_121271_Desc,bKFL,r任务_Task_A.csv,6225,Task,Desc,,在「金券搜查Ⅳ」中获得三星评分,"ได้รับคะแนน 3 ดาวใน ""เสาะหาคูปองกุหลาบทองคำ IV"""
Task_121300_Desc,bKGo,r任务_Task_A.csv,6226,Task,Desc,,在「金券搜查Ⅴ」中获得三星评分,"ได้รับคะแนน 3 ดาวใน ""เสาะหาคูปองกุหลาบทองคำ V"""
Task_118826_Desc,bJGv,r任务_Task_A.csv,6227,Task,Desc,,浑浊残像,เงาตกค้างไร้ระเบียบ
Task_121325_Desc,bKGN,r任务_Task_A.csv,6228,Task,Desc,,在「浑浊残像Ⅰ」中获得三星评分,"ได้รับคะแนน 3 ดาวใน ""เงาตกค้างไร้ระเบียบ I"""
Task_121310_Desc,bKGy,r任务_Task_A.csv,6229,Task,Desc,,在「浑浊残像Ⅱ」中获得三星评分,"ได้รับคะแนน 3 ดาวใน ""เงาตกค้างไร้ระเบียบ II"""
Task_121283_Desc,bKFX,r任务_Task_A.csv,6230,Task,Desc,,在「浑浊残像Ⅲ」中获得三星评分,"ได้รับคะแนน 3 ดาวใน ""เงาตกค้างไร้ระเบียบ III"""
Task_121252_Desc,bKFs,r任务_Task_A.csv,6231,Task,Desc,,在「浑浊残像Ⅳ」中获得三星评分,"ได้รับคะแนน 3 ดาวใน ""เงาตกค้างไร้ระเบียบ IV"""
Task_121315_Desc,bKGD,r任务_Task_A.csv,6232,Task,Desc,,在「浑浊残像Ⅴ」中获得三星评分,"ได้รับคะแนน 3 ดาวใน ""เงาตกค้างไร้ระเบียบ V"""
Task_118835_Desc,bJGD,r任务_Task_A.csv,6233,Task,Desc,,海渊残像,เงาตกค้างก้นสมุทร
Task_121265_Desc,bKFF,r任务_Task_A.csv,6234,Task,Desc,,在「海渊残像Ⅰ」中获得三星评分,"ได้รับคะแนน 3 ดาวใน ""เงาตกค้างก้นสมุทร I"""
Task_121307_Desc,bKGv,r任务_Task_A.csv,6235,Task,Desc,,在「海渊残像Ⅱ」中获得三星评分,"ได้รับคะแนน 3 ดาวใน ""เงาตกค้างก้นสมุทร II"""
Task_121272_Desc,bKFM,r任务_Task_A.csv,6236,Task,Desc,,在「海渊残像Ⅲ」中获得三星评分,"ได้รับคะแนน 3 ดาวใน ""เงาตกค้างก้นสมุทร III"""
Task_121268_Desc,bKFI,r任务_Task_A.csv,6237,Task,Desc,,在「海渊残像Ⅳ」中获得三星评分,"ได้รับคะแนน 3 ดาวใน ""เงาตกค้างก้นสมุทร IV"""
Task_121244_Desc,bKFk,r任务_Task_A.csv,6238,Task,Desc,,在「海渊残像Ⅴ」中获得三星评分,"ได้รับคะแนน 3 ดาวใน ""เงาตกค้างไร้ระเบียบ V"""
Task_118852_Desc,bJGR,r任务_Task_A.csv,6239,Task,Desc,,器质残像,เงาตกค้างแห่งกายา
Task_121290_Desc,bKGe,r任务_Task_A.csv,6240,Task,Desc,,在「器质残像Ⅰ」中获得三星评分,"ได้รับคะแนน 3 ดาวใน ""เงาตกค้างแห่งกายา I"""
Task_121249_Desc,bKFp,r任务_Task_A.csv,6241,Task,Desc,,在「器质残像Ⅱ」中获得三星评分,"ได้รับคะแนน 3 ดาวใน ""เงาตกค้างแห่งกายา II"""
Task_121235_Desc,bKFb,r任务_Task_A.csv,6242,Task,Desc,,在「器质残像Ⅲ」中获得三星评分,"ได้รับคะแนน 3 ดาวใน ""เงาตกค้างแห่งกายา III"""
Task_121289_Desc,bKGd,r任务_Task_A.csv,6243,Task,Desc,,在「器质残像Ⅳ」中获得三星评分,"ได้รับคะแนน 3 ดาวใน ""เงาตกค้างแห่งกายา IV"""
Task_121280_Desc,bKFU,r任务_Task_A.csv,6244,Task,Desc,,在「器质残像Ⅴ」中获得三星评分,"ได้รับคะแนน 3 ดาวใน ""เงาตกค้างแห่งกายา V"""
Task_118917_Desc,bJHN,r任务_Task_A.csv,6245,Task,Desc,,维度残像,เงาตกค้างห้วงมิติ
Task_121245_Desc,bKFl,r任务_Task_A.csv,6246,Task,Desc,,在「维度残像Ⅰ」中获得三星评分,"ได้รับคะแนน 3 ดาวใน ""เงาตกค้างห้วงมิติ I"""
Task_121251_Desc,bKFr,r任务_Task_A.csv,6247,Task,Desc,,在「维度残像Ⅱ」中获得三星评分,"ได้รับคะแนน 3 ดาวใน ""เงาตกค้างห้วงมิติ II"""
Task_121270_Desc,bKFK,r任务_Task_A.csv,6248,Task,Desc,,在「维度残像Ⅲ」中获得三星评分,"ได้รับคะแนน 3 ดาวใน ""เงาตกค้างห้วงมิติ III"""
Task_121314_Desc,bKGC,r任务_Task_A.csv,6249,Task,Desc,,在「维度残像Ⅳ」中获得三星评分,"ได้รับคะแนน 3 ดาวใน ""เงาตกค้างห้วงมิติ IV"""
Task_121311_Desc,bKGz,r任务_Task_A.csv,6250,Task,Desc,,在「维度残像Ⅴ」中获得三星评分,"ได้รับคะแนน 3 ดาวใน ""เงาตกค้างห้วงมิติ V"""
Task_118879_Desc,bJHl,r任务_Task_A.csv,6251,Task,Desc,,混沌集群,กลุ่มก้อนแห่งความโกลาหล
Task_121255_Desc,bKFv,r任务_Task_A.csv,6252,Task,Desc,,在「混沌集群Ⅰ」中获得三星评分,"ได้รับคะแนน 3 ดาวใน ""กลุ่มก้อนแห่งความโกลาหล I"""
Task_121263_Desc,bKFD,r任务_Task_A.csv,6253,Task,Desc,,在「混沌集群Ⅱ」中获得三星评分,"ได้รับคะแนน 3 ดาวใน ""กลุ่มก้อนแห่งความโกลาหล II"""
Task_121304_Desc,bKGs,r任务_Task_A.csv,6254,Task,Desc,,在「混沌集群Ⅲ」中获得三星评分,"ได้รับคะแนน 3 ดาวใน ""กลุ่มก้อนแห่งความโกลาหล III"""
Task_121240_Desc,bKFg,r任务_Task_A.csv,6255,Task,Desc,,在「混沌集群Ⅳ」中获得三星评分,"ได้รับคะแนน 3 ดาวใน ""กลุ่มก้อนแห่งความโกลาหล IV"""
Task_118907_Desc,bJHE,r任务_Task_A.csv,6256,Task,Desc,,波纳佩之墟,ซากปรักหักพังของโปนเป
Task_121309_Desc,bKGx,r任务_Task_A.csv,6257,Task,Desc,,在「波纳佩之墟Ⅰ」中获得三星评分,"ได้รับคะแนน 3 ดาวใน ""ซากปรักหักพังของโปนเป I"""
Task_121248_Desc,bKFo,r任务_Task_A.csv,6258,Task,Desc,,在「波纳佩之墟Ⅱ」中获得三星评分,"ได้รับคะแนน 3 ดาวใน ""ซากปรักหักพังของโปนเป II"""
Task_121287_Desc,bKGb,r任务_Task_A.csv,6259,Task,Desc,,在「波纳佩之墟Ⅲ」中获得三星评分,"ได้รับคะแนน 3 ดาวใน ""ซากปรักหักพังของโปนเป III"""
Task_121303_Desc,bKGr,r任务_Task_A.csv,6260,Task,Desc,,在「波纳佩之墟Ⅳ」中获得三星评分,"ได้รับคะแนน 3 ดาวใน ""ซากปรักหักพังของโปนเป IV"""
Task_118873_Desc,bJHg,r任务_Task_A.csv,6261,Task,Desc,,蠕虫之所,รังหนอน
Task_121257_Desc,bKFx,r任务_Task_A.csv,6262,Task,Desc,,在「蠕虫之所Ⅰ」中获得三星评分,"ได้รับคะแนน 3 ดาวใน ""รังหนอน I"""
Task_121312_Desc,bKGA,r任务_Task_A.csv,6263,Task,Desc,,在「蠕虫之所Ⅱ」中获得三星评分,"ได้รับคะแนน 3 ดาวใน ""รังหนอน II"""
Task_121306_Desc,bKGu,r任务_Task_A.csv,6264,Task,Desc,,在「蠕虫之所Ⅲ」中获得三星评分,"ได้รับคะแนน 3 ดาวใน ""รังหนอน III"""
Task_121308_Desc,bKGw,r任务_Task_A.csv,6265,Task,Desc,,在「蠕虫之所Ⅳ」中获得三星评分,"ได้รับคะแนน 3 ดาวใน ""รังหนอน IV"""
Task_118871_Desc,bJHf,r任务_Task_A.csv,6266,Task,Desc,,史瓦西喉,คอหอยชวาทซ์ชิลท์
Task_121326_Desc,bKGO,r任务_Task_A.csv,6267,Task,Desc,,在「史瓦西喉Ⅰ」中获得三星评分,"ได้รับคะแนน 3 ดาวใน ""คอหอยชวาทซ์ชิลท์ I"""
Task_121299_Desc,bKGn,r任务_Task_A.csv,6268,Task,Desc,,在「史瓦西喉Ⅱ」中获得三星评分,"ได้รับคะแนน 3 ดาวใน ""คอหอยชวาทซ์ชิลท์ II"""
Task_121293_Desc,bKGh,r任务_Task_A.csv,6269,Task,Desc,,在「史瓦西喉Ⅲ」中获得三星评分,"ได้รับคะแนน 3 ดาวใน ""คอหอยชวาทซ์ชิลท์ III"""
Task_121269_Desc,bKFJ,r任务_Task_A.csv,6270,Task,Desc,,在「史瓦西喉Ⅳ」中获得三星评分,"ได้รับคะแนน 3 ดาวใน ""คอหอยชวาทซ์ชิลท์ IV"""
Task_121319_Desc,bKGH,r任务_Task_A.csv,6272,Task,Desc,,在「玩偶之泪Ⅰ」中获得三星评分,"ได้รับคะแนน 3 ดาวใน ""น้ำตาของตุ๊กตา I"""
Task_121259_Desc,bKFz,r任务_Task_A.csv,6273,Task,Desc,,在「玩偶之泪Ⅱ」中获得三星评分,"ได้รับคะแนน 3 ดาวใน ""น้ำตาของตุ๊กตา II"""
Task_121279_Desc,bKFT,r任务_Task_A.csv,6274,Task,Desc,,在「玩偶之泪Ⅲ」中获得三星评分,"ได้รับคะแนน 3 ดาวใน ""น้ำตาของตุ๊กตา III"""
Task_121323_Desc,bKGL,r任务_Task_A.csv,6275,Task,Desc,,在「玩偶之泪Ⅳ」中获得三星评分,"ได้รับคะแนน 3 ดาวใน ""น้ำตาของตุ๊กตา IV"""
Task_121236_Desc,bKFc,r任务_Task_A.csv,6276,Task,Desc,,在「玩偶之泪Ⅴ」中获得三星评分,"ได้รับคะแนน 3 ดาวใน ""น้ำตาของตุ๊กตา V"""
Task_118821_Desc,bJGq,r任务_Task_A.csv,6277,Task,Desc,,蜡像之秘,ความลับของหุ่นขี้ผึ้ง
Task_121286_Desc,bKGa,r任务_Task_A.csv,6278,Task,Desc,,在「蜡像之秘Ⅰ」中获得三星评分,"ได้รับคะแนน 3 ดาวใน ""ความลับของหุ่นขี้ผึ้ง I"""
Task_121234_Desc,bKFa,r任务_Task_A.csv,6279,Task,Desc,,在「蜡像之秘Ⅱ」中获得三星评分,"ได้รับคะแนน 3 ดาวใน ""ความลับของหุ่นขี้ผึ้ง II"""
Task_121237_Desc,bKFd,r任务_Task_A.csv,6280,Task,Desc,,在「蜡像之秘Ⅲ」中获得三星评分,"ได้รับคะแนน 3 ดาวใน ""ความลับของหุ่นขี้ผึ้ง III"""
Task_121256_Desc,bKFw,r任务_Task_A.csv,6281,Task,Desc,,在「蜡像之秘Ⅳ」中获得三星评分,"ได้รับคะแนน 3 ดาวใน ""ความลับของหุ่นขี้ผึ้ง IV"""
Task_121274_Desc,bKFO,r任务_Task_A.csv,6282,Task,Desc,,在「蜡像之秘Ⅴ」中获得三星评分,"ได้รับคะแนน 3 ดาวใน ""ความลับของหุ่นขี้ผึ้ง V"""
Task_118791_Desc,bJFW,r任务_Task_A.csv,6283,Task,Desc,,漆黑之链,พันธนาอนธการ
Task_121317_Desc,bKGF,r任务_Task_A.csv,6284,Task,Desc,,在「漆黑之链Ⅰ」中获得三星评分,"ได้รับคะแนน 3 ดาวใน ""พันธนาอนธการ I"""
Task_121313_Desc,bKGB,r任务_Task_A.csv,6285,Task,Desc,,在「漆黑之链Ⅱ」中获得三星评分,"ได้รับคะแนน 3 ดาวใน ""พันธนาอนธการ II"""
Task_121243_Desc,bKFj,r任务_Task_A.csv,6286,Task,Desc,,在「漆黑之链Ⅲ」中获得三星评分,"ได้รับคะแนน 3 ดาวใน ""พันธนาอนธการ III"""
Task_121316_Desc,bKGE,r任务_Task_A.csv,6287,Task,Desc,,在「漆黑之链Ⅳ」中获得三星评分,"ได้รับคะแนน 3 ดาวใน ""พันธนาอนธการ IV"""
Task_121322_Desc,bKGK,r任务_Task_A.csv,6288,Task,Desc,,在「漆黑之链Ⅴ」中获得三星评分,"ได้รับคะแนน 3 ดาวใน ""พันธนาอนธการ V"""
Task_118913_Desc,bJHJ,r任务_Task_A.csv,6289,Task,Desc,,界外之影,เงาทมิฬจากแดนไกล
Task_121294_Desc,bKGi,r任务_Task_A.csv,6290,Task,Desc,,在「界外之影Ⅰ」中获得三星评分,"ได้รับคะแนน 3 ดาวใน ""เงาทมิฬจากแดนไกล I"""
Task_121291_Desc,bKGf,r任务_Task_A.csv,6291,Task,Desc,,在「界外之影Ⅱ」中获得三星评分,"ได้รับคะแนน 3 ดาวใน ""เงาทมิฬจากแดนไกล II"""
Task_121261_Desc,bKFB,r任务_Task_A.csv,6292,Task,Desc,,在「界外之影Ⅲ」中获得三星评分,"ได้รับคะแนน 3 ดาวใน ""เงาทมิฬจากแดนไกล III"""
Task_121239_Desc,bKFf,r任务_Task_A.csv,6293,Task,Desc,,在「界外之影Ⅳ」中获得三星评分,"ได้รับคะแนน 3 ดาวใน ""เงาทมิฬจากแดนไกล IV"""
Task_118892_Desc,bJHt,r任务_Task_A.csv,6294,Task,Desc,,虔诚之握,อ้อมกอดแห่งศรัทธา
Task_121254_Desc,bKFu,r任务_Task_A.csv,6295,Task,Desc,,在「虔诚之握Ⅰ」中获得三星评分,"ได้รับคะแนน 3 ดาวใน ""อ้อมกอดแห่งศรัทธา I"""
Task_121284_Desc,bKFY,r任务_Task_A.csv,6296,Task,Desc,,在「虔诚之握Ⅱ」中获得三星评分,"ได้รับคะแนน 3 ดาวใน ""อ้อมกอดแห่งศรัทธา II"""
Task_121260_Desc,bKFA,r任务_Task_A.csv,6297,Task,Desc,,在「虔诚之握Ⅲ」中获得三星评分,"ได้รับคะแนน 3 ดาวใน ""อ้อมกอดแห่งศรัทธา III"""
Task_121233_Desc,bKEZ,r任务_Task_A.csv,6298,Task,Desc,,在「虔诚之握Ⅳ」中获得三星评分,"ได้รับคะแนน 3 ดาวใน ""อ้อมกอดแห่งศรัทธา IV"""
Task_118787_Desc,bJFT,r任务_Task_A.csv,6299,Task,Desc,,圣胎之咏,บทสรรเสริญแห่งครรภ์ศักดิ์สิทธิ์
Task_121292_Desc,bKGg,r任务_Task_A.csv,6300,Task,Desc,,在「圣胎之咏Ⅰ」中获得三星评分,"ได้รับคะแนน 3 ดาวใน ""บทสรรเสริญแห่งครรภ์ศักดิ์สิทธิ์ I"""
Task_121241_Desc,bKFh,r任务_Task_A.csv,6301,Task,Desc,,在「圣胎之咏Ⅱ」中获得三星评分,"ได้รับคะแนน 3 ดาวใน ""บทสรรเสริญแห่งครรภ์ศักดิ์สิทธิ์ II"""
Task_121288_Desc,bKGc,r任务_Task_A.csv,6302,Task,Desc,,在「圣胎之咏Ⅲ」中获得三星评分,"ได้รับคะแนน 3 ดาวใน ""บทสรรเสริญแห่งครรภ์ศักดิ์สิทธิ์ III"""
Task_118796_Desc,bJFY,r任务_Task_A.csv,6303,Task,Desc,,沙海遗存,มรดกในทะเลทราย
Task_121266_Desc,bKFG,r任务_Task_A.csv,6304,Task,Desc,,在「沙海遗存Ⅰ」中获得三星评分,"ได้รับคะแนน 3 ดาวใน ""มรดกในทะเลทราย I"""
Task_121275_Desc,bKFP,r任务_Task_A.csv,6305,Task,Desc,,在「沙海遗存Ⅱ」中获得三星评分,"ได้รับคะแนน 3 ดาวใน ""มรดกในทะเลทราย II"""
Task_121262_Desc,bKFC,r任务_Task_A.csv,6306,Task,Desc,,在「沙海遗存Ⅲ」中获得三星评分,"ได้รับคะแนน 3 ดาวใน ""มรดกในทะเลทราย III"""
Task_118915_Desc,bJHL,r任务_Task_A.csv,6307,Task,Desc,,黑池之潮,กระแสน้ำในสระดำ
Task_121324_Desc,bKGM,r任务_Task_A.csv,6308,Task,Desc,,在「黑池之潮Ⅰ」中获得三星评分,"ได้รับคะแนน 3 ดาวใน ""กระแสน้ำในสระดำ I"""
Task_121282_Desc,bKFW,r任务_Task_A.csv,6309,Task,Desc,,在「黑池之潮Ⅱ」中获得三星评分,"ได้รับคะแนน 3 ดาวใน ""กระแสน้ำในสระดำ II"""
Task_118922_Desc,bJHQ,r任务_Task_A.csv,6310,Task,Desc,,怪雾之都,นครหมอกลี้ลับ
Task_121305_Desc,bKGt,r任务_Task_A.csv,6311,Task,Desc,,在「怪雾之都Ⅰ」中获得三星评分,"ได้รับคะแนน 3 ดาวใน ""นครหมอกลี้ลับ I"""
Task_121247_Desc,bKFn,r任务_Task_A.csv,6312,Task,Desc,,在「怪雾之都Ⅱ」中获得三星评分,"ได้รับคะแนน 3 ดาวใน ""นครหมอกลี้ลับ II"""
Task_121301_Desc,bKGp,r任务_Task_A.csv,6313,Task,Desc,,在「怪雾之都Ⅲ」中获得三星评分,"ได้รับคะแนน 3 ดาวใน ""นครหมอกลี้ลับ III"""
Task_118837_Desc,bJGF,r任务_Task_A.csv,6314,Task,Desc,,狂躁蜡馆,พิพิธภัณฑ์หุ่นขี้ผึ้งวิปลาส
Task_121276_Desc,bKFQ,r任务_Task_A.csv,6315,Task,Desc,,在「狂躁蜡馆Ⅰ」中获得三星评分,"ได้รับคะแนน 3 ดาวใน ""พิพิธภัณฑ์หุ่นขี้ผึ้งวิปลาส I"""
Task_121253_Desc,bKFt,r任务_Task_A.csv,6316,Task,Desc,,在「狂躁蜡馆Ⅱ」中获得三星评分,"ได้รับคะแนน 3 ดาวใน ""พิพิธภัณฑ์หุ่นขี้ผึ้งวิปลาส II"""
Task_121267_Desc,bKFH,r任务_Task_A.csv,6317,Task,Desc,,在「狂躁蜡馆Ⅲ」中获得三星评分,"ได้รับคะแนน 3 ดาวใน ""พิพิธภัณฑ์หุ่นขี้ผึ้งวิปลาส III"""
Task_118856_Desc,bJGV,r任务_Task_A.csv,6318,Task,Desc,,错乱异镇,เมืองวิกล
Task_121264_Desc,bKFE,r任务_Task_A.csv,6319,Task,Desc,,在「错乱异镇Ⅰ」中获得三星评分,"ได้รับคะแนน 3 ดาวใน ""เมืองวิกล I"""
Task_121297_Desc,bKGl,r任务_Task_A.csv,6320,Task,Desc,,在「错乱异镇Ⅱ」中获得三星评分,"ได้รับคะแนน 3 ดาวใน ""เมืองวิกล II"""
Task_121318_Desc,bKGG,r任务_Task_A.csv,6321,Task,Desc,,在「错乱异镇Ⅲ」中获得三星评分,"ได้รับคะแนน 3 ดาวใน ""เมืองวิกล III"""
Task_118918_Desc,bJHO,r任务_Task_A.csv,6322,Task,Desc,,失序山脉,เทือกเขาไร้ระเบียบ
Task_121250_Desc,bKFq,r任务_Task_A.csv,6323,Task,Desc,,在「失序山脉Ⅰ」中获得三星评分,"ได้รับคะแนน 3 ดาวใน ""เทือกเขาไร้ระเบียบ I"""
Task_121246_Desc,bKFm,r任务_Task_A.csv,6324,Task,Desc,,在「失序山脉Ⅱ」中获得三星评分,"ได้รับคะแนน 3 ดาวใน ""เทือกเขาไร้ระเบียบ II"""
Task_121277_Desc,bKFR,r任务_Task_A.csv,6325,Task,Desc,,在「失序山脉Ⅲ」中获得三星评分,"ได้รับคะแนน 3 ดาวใน ""เทือกเขาไร้ระเบียบ III"""
Task_118799_Desc,bJFZ,r任务_Task_A.csv,6326,Task,Desc,,暗海之舟,นาวาเหนือคลื่นทมิฬ
Task_121281_Desc,bKFV,r任务_Task_A.csv,6327,Task,Desc,,在「暗海之舟Ⅰ」中获得三星评分,"ได้รับคะแนน 3 ดาวใน ""นาวาเหนือคลื่นทมิฬ I"""
Task_121320_Desc,bKGI,r任务_Task_A.csv,6328,Task,Desc,,在「暗海之舟Ⅱ」中获得三星评分,"ได้รับคะแนน 3 ดาวใน ""นาวาเหนือคลื่นทมิฬ II"""
Task_121242_Desc,bKFi,r任务_Task_A.csv,6329,Task,Desc,,在「暗海之舟Ⅲ」中获得三星评分,"ได้รับคะแนน 3 ดาวใน ""นาวาเหนือคลื่นทมิฬ III"""
Task_118845_Desc,bJGL,r任务_Task_A.csv,6330,Task,Desc,,风暴外海,ทะเลนอกเขตมรสุม
Task_121285_Desc,bKFZ,r任务_Task_A.csv,6331,Task,Desc,,在「风暴外海Ⅰ」中获得三星评分,"ได้รับคะแนน 3 ดาวใน ""ทะเลนอกเขตมรสุม I"""
Task_118809_Desc,bJGh,r任务_Task_A.csv,6332,Task,Desc,,荒沙之壁,กำแพงทรายรกร้าง
Task_121258_Desc,bKFy,r任务_Task_A.csv,6333,Task,Desc,,在「荒沙之壁Ⅰ」中获得三星评分,"ได้รับคะแนน 3 ดาวใน ""กำแพงทรายรกร้าง I"""
Task_118881_Desc,bJHn,r任务_Task_A.csv,6334,Task,Desc,,原初裂隙,รอยแยกปฐมภูมิ
Task_121327_Desc,bKGP,r任务_Task_A.csv,6335,Task,Desc,,在「原初裂隙Ⅰ」中获得三星评分,"ได้รับคะแนน 3 ดาวใน ""รอยแยกปฐมภูมิ I"""
