Column1;Column2;Column3;Column4;Column5;Column6;Column7;Column8;Column9;Column10;Column11;Column12
CN;EN;RU;ES;JP;KR;FR;DE;PT;TH;IN;VI
????·?1?·????;D-Effect Zone: Wave 1: Alert I;Î÷àã D-Áåäñòâèÿ: Âîëíà 1: Óğîâåíü òğåâîãè I;Zona de Desastre·Ola 1·Alerta Nivel I;??????1??????;?????? ?1?·?? ??;Zone de fusion·Vague 1·Alerte de niveau I;Schmelzkatastrophen-Zone·Welle 1·Alarmstufe I;Zona de Desastre de Fus?o·1? Onda·Alerta N?vel I;???????????? ???????? 1 ????????????? I;Zona Bencana Efek-d Regional · Gelombang ke-1 · Peringatan Tingkat I;V?ng C?m Thi?n Tai·S?ng 1·B?o ??ng C?p I
????·?2?·????;D-Effect Zone: Wave 2: Alert I;Î÷àã D-Áåäñòâèÿ: Âîëíà 2: Óğîâåíü òğåâîãè I;Zona de Desastre·Ola 2·Alerta Nivel I;??????2??????;?????? ?2?·?? ??;Zone de fusion·Vague 2·Alerte de niveau I;Schmelzkatastrophen-Zone·Welle 2·Alarmstufe I;Zona de Desastre de Fus?o·2? Onda·Alerta N?vel I;???????????? ???????? 2 ???????????????? I;Zona Bencana Efek-d Regional·Gelombang ke-2·Peringatan Tingkat I;H?a h?p v?i thi?n tai khu v?c c?m·s?ng 2·b?o ??ng c?p I
????·?3?·????;D-Effect Zone: Wave 3: Alert I;Î÷àã D-Áåäñòâèÿ: Âîëíà 3: Óğîâåíü òğåâîãè I;Zona de Desastre·Ola 3·Alerta Nivel I;??????3??????;?????? ?3?·?? ??;Zone de fusion·Vague 3·Alerte de niveau I;Schmelzkatastrophen-Zone·Welle 3·Alarmstufe I;Zona de Desastre de Fus?o·3? Onda·Alerta N?vel I;????????????·????????3·???????????????? I;Zona Bencana Efek-d Regional · Gelombang ke-3 · Peringatan Tingkat I;Th?m h?a tan bi?n, ??t 3, c?nh b?o c?p I
????·?4?·????;D-Effect Zone: Wave 4: Alert I;Î÷àã D-Áåäñòâèÿ: Âîëíà 4: Óğîâåíü òğåâîãè I;Zona de Desastre·Ola 4·Alerta Nivel I;??????4??????;?????? ?4?·?? ??;Zone de fusion·Vague 4·Alerte de niveau I;Schmelzkatastrophen-Zone·Welle 4·Alarmstufe I;Zona de Desastre de Fus?o·4? Onda·Alerta N?vel I;????????????·????????4·????????????? I;Zona Bencana Efek-d Regional·Gelombang ke-4·Peringatan Tingkat I;V?ng c?m h?a h?p thi?n tai·l?n s?ng th? 4·b?o ??ng c?p I
????·?5?·????;D-Effect Zone: Wave 5: Alert I;Î÷àã D-Áåäñòâèÿ: Âîëíà 5: Óğîâåíü òğåâîãè I;Zona de Desastre·Ola 5·Alerta Nivel I;??????5??????;?????? ?5?·?? ??;Zone de fusion·Vague 5·Alerte de niveau I;Schmelzkatastrophen-Zone·Welle 5·Alarmstufe I;Zona de Desastre de Fus?o·5? Onda·Alerta N?vel I;????????????·????????5·????????????? I;Zona Bencana Efek-d Regional·Gelombang ke-5·Peringatan Level I;H?a h?p v?i thi?n tai · l?n s?ng 5 · c?nh b?o c?p I
;;;;;;;;;;;
????·?1?·????;D-Effect Zone: Wave 1: Alert II;Î÷àã D-Áåäñòâèÿ: Âîëíà 1: Óğîâåíü òğåâîãè II;Zona de Desastre·Ola 1·Alerta Nivel II;??????1??????;?????? ?1?·?? ??;Zone de fusion·Vague 1·Alerte de niveau II;Schmelzkatastrophen-Zone·Welle 1·Alarmstufe II;Zona de Desastre de Fus?o·1? Onda·Alerta N?vel II;????????????, ???????? 1, ????????????? II;Zona Bencana Efek-d Regional · Gelombang ke-1 · Peringatan Tingkat II;Khu v?c c?m h?a h?p v?i thi?n tai · ??t 1 · c?nh b?o c?p II
????·?2?·????;D-Effect Zone: Wave 2: Alert II;Î÷àã D-Áåäñòâèÿ: Âîëíà 2: Óğîâåíü òğåâîãè II;Zona de Desastre·Ola 2·Alerta Nivel II;??????2??????;?????? ?2?·?? ??;Zone de fusion·Vague 2·Alerte de niveau II;Schmelzkatastrophen-Zone·Welle 2·Alarmstufe II;Zona de Desastre de Fus?o·2? Onda·Alerta N?vel II;????????????·???????? 2·???????? II;Zona Bencana Efek-d Regional · Gelombang ke-2 · Peringatan Tingkat II;Khu v?c c?m h?a h?p v?i thi?n tai · l?n s?ng th? 2 · c?nh b?o c?p II
????·?3?·????;D-Effect Zone: Wave 3: Alert II;Î÷àã D-Áåäñòâèÿ: Âîëíà 3: Óğîâåíü òğåâîãè II;Zona de Desastre·Ola 3·Alerta Nivel II;??????3??????;?????? ?3?·?? ??;Zone de fusion·Vague 3·Alerte de niveau II;Schmelzkatastrophen-Zone·Welle 3·Alarmstufe II;Zona de Desastre de Fus?o·3? Onda·Alerta N?vel II;????????????·????????3·????? II ????????;Zona Bencana Efek-d Regional · Gelombang ke-3 · Peringatan Tingkat II;Khu v?c c?m h?a h?p v?i thi?n tai, l?n s?ng th? 3, c?nh b?o c?p II
????·?4?·????;D-Effect Zone: Wave 4: Alert II;Î÷àã D-Áåäñòâèÿ: Âîëíà 4: Óğîâåíü òğåâîãè II;Zona de Desastre·Ola 4·Alerta Nivel II;??????4??????;?????? ?4?·?? ??;Zone de fusion·Vague 4·Alerte de niveau II;Schmelzkatastrophen-Zone·Welle 4·Alarmstufe II;Zona de Desastre de Fus?o·4? Onda·Alerta N?vel II;????????????·????????4·????? II ???????????;Zona Bencana Efek-d Regional · Gelombang ke-4 · Peringatan Tingkat II;V?ng c?m·l?n s?ng th? 4·c?nh b?o c?p II
????·?5?·????;D-Effect Zone: Wave 5: Alert II;Î÷àã D-Áåäñòâèÿ: Âîëíà 5: Óğîâåíü òğåâîãè II;Zona de Desastre·Ola 5·Alerta Nivel II;??????5??????;?????? ?5?·?? ??;Zone de fusion·Vague 5·Alerte de niveau II;Schmelzkatastrophen-Zone·Welle 5·Alarmstufe II;Zona de Desastre de Fus?o·5? Onda·Alerta N?vel II;????????????·???????? 5·???????????????? II;Efek-d Regional·Gelombang ke-5·Peringatan Tingkat II;Th?m h?a h?a h?p · ??t 5 · C?p ?? II
;;;;;;;;;;;
????·?1?·????;D-Effect Zone: Wave 1: Alert III;Î÷àã D-Áåäñòâèÿ: Âîëíà 1: Óğîâåíü òğåâîãè III;Zona de Desastre·Ola 1·Alerta Nivel III;??????1??????;?????? ?1?·?? ??;Zone de fusion·Vague 1·Alerte de niveau III;Schmelzkatastrophen-Zone·Welle 1·Alarmstufe III;Zona de Desastre de Fus?o·1? Onda·Alerta N?vel III;???????????? ???????? 1 ????????????? III;Zona Bencana Efek-d Regional · Gelombang ke-1 · Peringatan Tingkat III;H?a h?p v?i thi?n tai · l?n s?ng th? nh?t · b?o ??ng c?p III
????·?2?·????;D-Effect Zone: Wave 2: Alert III;Î÷àã D-Áåäñòâèÿ: Âîëíà 2: Óğîâåíü òğåâîãè III;Zona de Desastre·Ola 2·Alerta Nivel III;??????2??????;?????? ?2?·?? ??;Zone de fusion·Vague 2·Alerte de niveau III;Schmelzkatastrophen-Zone·Welle 2·Alarmstufe III;Zona de Desastre de Fus?o·2? Onda·Alerta N?vel III;????????????·???????? 2·????? III;Zona Bencana Efek-d Regional · Gelombang ke-2 · Peringatan Tingkat III;H?a h?p v?i thi?n tai v?ng c?m, s?ng 2, c?nh b?o c?p III
????·?3?·????;D-Effect Zone: Wave 3: Alert III;Î÷àã D-Áåäñòâèÿ: Âîëíà 3: Óğîâåíü òğåâîãè III;Zona de Desastre·Ola 3·Alerta Nivel III;??????3??????;?????? ?3?·?? ??;Zone de fusion·Vague 3·Alerte de niveau III;Schmelzkatastrophen-Zone·Welle 3·Alarmstufe III;Zona de Desastre de Fus?o·3? Onda·Alerta N?vel III;????????????·???????? 3·???????????????? III;Efek-d Regional·Gelombang ke-3·Peringatan Tingkat III;H?a h?p v?i thi?n tai khu v?c c?m·l?n s?ng th? 3·c?nh b?o c?p III
????·?4?·????;D-Effect Zone: Wave 4: Alert III;Î÷àã D-Áåäñòâèÿ: Âîëíà 4: Óğîâåíü òğåâîãè III;Zona de Desastre·Ola 4·Alerta Nivel III;??????4??????;?????? ?4?·?? ??;Zone de fusion·Vague 4·Alerte de niveau III;Schmelzkatastrophen-Zone·Welle 4·Alarmstufe III;Zona de Desastre de Fus?o·4? Onda·Alerta N?vel III;????????????·???????? 4·????????????????? III;Zona Bencana Efek-d Regional · Gelombang ke-4 · Peringatan Tingkat III;Khu v?c c?m nguy hi?m · ??t 4 · C?nh b?o c?p III
????·?5?·????;D-Effect Zone: Wave 5: Alert III;Î÷àã D-Áåäñòâèÿ: Âîëíà 5: Óğîâåíü òğåâîãè III;Zona de Desastre·Ola 5·Alerta Nivel III;??????5??????;?????? ?5?·?? ??;Zone de fusion·Vague 5·Alerte de niveau III;Schmelzkatastrophen-Zone·Welle 5·Alarmstufe III;Zona de Desastre de Fus?o·5? Onda·Alerta N?vel III;????????????·???????? 5·???????????????? III;Efek-d Regional·Gelombang ke-5·Peringatan Tingkat III;V?ng c?m h?a h?p v?i thi?n tai · L?n s?ng th? 5 · C?nh b?o c?p III
;;;;;;;;;;;
????·?1?·????;D-Effect Zone: Wave 1: Alert IV;Î÷àã D-Áåäñòâèÿ: Âîëíà 1: Óğîâåíü òğåâîãè IV;Zona de Desastre·Ola 1·Alerta Nivel IV;??????1??????;?????? ?1?·?? ??;Zone de fusion·Vague 1·Alerte de niveau IV;Schmelzkatastrophen-Zone·Welle 1·Alarmstufe IV;Zona de Desastre de Fus?o·1? Onda·Alerta N?vel IV;????????????, ???????? 1, ???????????????? IV;Zona Bencana Efek-d Regional · Gelombang ke-1 · Peringatan Tingkat IV;Th?m h?a h?a nh?p·l?n s?ng ??u ti?n·c?nh b?o c?p IV
????·?2?·????;D-Effect Zone: Wave 2: Alert IV;Î÷àã D-Áåäñòâèÿ: Âîëíà 2: Óğîâåíü òğåâîãè IV;Zona de Desastre·Ola 2·Alerta Nivel IV;??????2??????;?????? ?2?·?? ??;Zone de fusion·Vague 2·Alerte de niveau IV;Schmelzkatastrophen-Zone·Welle 2·Alarmstufe IV;Zona de Desastre de Fus?o·2? Onda·Alerta N?vel IV;????????????·???????? 2·???????????????? IV;Efek-d Regional·Gelombang ke-2·Peringatan Tingkat IV;Th?m h?a thi?n nhi?n·l?n s?ng th? 2·c?nh b?o c?p IV
????·?3?·????;D-Effect Zone: Wave 3: Alert IV;Î÷àã D-Áåäñòâèÿ: Âîëíà 3: Óğîâåíü òğåâîãè IV;Zona de Desastre·Ola 3·Alerta Nivel IV;??????3??????;?????? ?3?·?? ??;Zone de fusion·Vague 3·Alerte de niveau IV;Schmelzkatastrophen-Zone·Welle 3·Alarmstufe IV;Zona de Desastre de Fus?o·3? Onda·Alerta N?vel IV;????????????·????????3·????? IV ????????????;Zona Bencana Efek-d Regional · Gelombang ke-3 · Tingkat Peringatan IV;Khu v?c h?a h?p thi?n tai c?m·l?n s?ng th? 3·c?nh b?o c?p IV
????·?4?·????;D-Effect Zone: Wave 4: Alert IV;Î÷àã D-Áåäñòâèÿ: Âîëíà 4: Óğîâåíü òğåâîãè IV;Zona de Desastre·Ola 4·Alerta Nivel IV;??????4??????;?????? ?4?·?? ??;Zone de fusion·Vague 4·Alerte de niveau IV;Schmelzkatastrophen-Zone·Welle 4·Alarmstufe IV;Zona de Desastre de Fus?o·4? Onda·Alerta N?vel IV;????????????·????????4·???????????????? IV;Zona Bencana Efek-d Regional·Gelombang ke-4·Peringatan Tingkat IV;H?a h?p v?i thi?n tai · ??t th? 4 · c?nh b?o c?p IV
????·?5?·????;D-Effect Zone: Wave 5: Alert IV;Î÷àã D-Áåäñòâèÿ: Âîëíà 5: Óğîâåíü òğåâîãè IV;Zona de Desastre·Ola 5·Alerta Nivel IV;??????5??????;?????? ?5?·?? ??;Zone de fusion·Vague 5·Alerte de niveau IV;Schmelzkatastrophen-Zone·Welle 5·Alarmstufe IV;Zona de Desastre de Fus?o·5? Onda·Alerta N?vel IV;????????????·????????5· IV ?????;Zona Bencana Efek-d Regional·Gelombang ke-5·Peringatan Tingkat IV;Khu v?c c?m h?a h?p v?i thi?n tai · ??t th? 5 · c?nh b?o c?p IV
;;;;;;;;;;;
????·?1?·V???;D-Effect Zone: Wave 1: Alert V;Î÷àã D-Áåäñòâèÿ: Âîëíà 1: Óğîâåíü òğåâîãè V;#N/A;??????1??????;?????? ?1?·?? ??;#N/A;#N/A;#N/A;????????????·????????1·????? V;Zona Bencana Efek-d Regional · Gelombang ke-1 · Peringatan Tingkat V;V?ng c?m h?a h?p thi?n tai · ??t 1 · c?nh b?o c?p V
????·?2?·V???;D-Effect Zone: Wave 2: Alert V;Î÷àã D-Áåäñòâèÿ: Âîëíà 2: Óğîâåíü òğåâîãè V;#N/A;??????2??????;?????? ?2?·?? ??;#N/A;#N/A;#N/A;????????????·???????? 2·???????????????? V;Efek-d regional·Gelombang ke-2·Peringatan Tingkat V;Khu v?c th?m h?a · l?n s?ng th? 2 · c?nh b?o c?p V
????·?3?·V???;D-Effect Zone: Wave 3: Alert V;Î÷àã D-Áåäñòâèÿ: Âîëíà 3: Óğîâåíü òğåâîãè V;#N/A;??????3??????;?????? ?3?·?? ??;#N/A;#N/A;#N/A;????????????·????????3·?????????????????? V;Zona Bencana Efek-d Regional · Gelombang ke-3 · Peringatan Tingkat V;Khu v?c c?m H?a h?p Thi?n Tai · ??t 3 · C?nh b?o C?p V
????·?4?·V???;D-Effect Zone: Wave 4: Alert V;Î÷àã D-Áåäñòâèÿ: Âîëíà 4: Óğîâåíü òğåâîãè V;#N/A;??????4??????;?????? ?4?·?? ??;#N/A;#N/A;#N/A;????????????·???????? 4·????????????? V;Efek-d Regional·Gelombang ke-4·Peringatan Tingkat V;Khu v?c C?m H?a H?p Thi?n Tai · ??t 4 · C?nh B?o C?p V
????·?5?·V???;D-Effect Zone: Wave 5: Alert V;Î÷àã D-Áåäñòâèÿ: Âîëíà 5: Óğîâåíü òğåâîãè V;#N/A;??????5??????;?????? ?5?·?? ??;#N/A;#N/A;#N/A;????????????·?????? 5·????? V ????????;Zona Bencana Efek-d Regional · Gelombang ke-5 · Peringatan Tingkat V;H?a H?p V?i Thi?n Tai · ??t Th? 5 · C?nh B?o C?p V
;;;;;;;;;;;
????;Regional D-Effect Zone;Î÷àã D-Áåäñòâèÿ;Zona de Desastre;????;??????;Zone de fusion;Schmelzkatastrophen-Zone;Zona de Desastre de Fus?o;????????????????;Zona Terlarang Efek-d regional;Khu v?c c?m h?a h?p v?i thi?n tai
????·?1?;D-Effect Zone: Wave 1;Î÷àã D-Áåäñòâèÿ: Âîëíà 1;Zona de Desastre·Ola 1;????·?1?;?????? ?1?;Zone de fusion·Vague 1;Schmelzkatastrophen-Zone·Welle 1;Zona de Desastre de Fus?o·1? Onda;????????????·???????? 1;Efek-d regional·Gelombang ke-1;V?ng c?m h?a h?p v?i thi?n tai·L?n s?ng 1
????·?2?;D-Effect Zone: Wave 2;Î÷àã D-Áåäñòâèÿ: Âîëíà 2;Zona de Desastre·Ola 2;????·?2?;?????? ?2?;Zone de fusion·Vague 2;Schmelzkatastrophen-Zone·Welle 2;Zona de Desastre de Fus?o·2? Onda;????????????·???????? 2;Efek-d regional·Gelombang ke-2;Khu v?c c?m h?a h?p v?i thi?n tai · ??t 2
????·?3?;D-Effect Zone: Wave 3;Î÷àã D-Áåäñòâèÿ: Âîëíà 3;Zona de Desastre·Ola 3;??????3?;?????? ?3?;Zone de fusion·Vague 3;Schmelzkatastrophen-Zone·Welle 3;Zona de Desastre de Fus?o·3? Onda;????????????·???????? 3;Efek-d regional·Gelombang ke-3;V?ng c?m h?a h?p thi?n tai · S?ng 3
????·?4?;D-Effect Zone: Wave 4;Î÷àã D-Áåäñòâèÿ: Âîëíà 4;Zona de Desastre·Ola 4;??????4????;?????? ?4?;Zone de fusion·Vague 4;Schmelzkatastrophen-Zone·Welle 4;Zona de Desastre de Fus?o·4? Onda;????????????·???????? 4;Efek-d regional·Gelombang ke-4;V?ng C?m Thi?n Tai · S?ng 4
????·?5?;D-Effect Zone: Wave 5;Î÷àã D-Áåäñòâèÿ: Âîëíà 5;Zona de Desastre·Ola 5;??????5?;?????? ?5?;Zone de fusion·Vague 5;Schmelzkatastrophen-Zone·Welle 5;Zona de Desastre de Fus?o·5? Onda;????????????·???????? 5;Efek-d regional·Gelombang ke-5;Khu v?c c?m h?a h?p v?i thi?n tai - ??t th? 5
;;;;;;;;;;;
????-????;Team Composition - Regional D-Effect Zone;Ñîñòàâ êîìàíäû — Î÷àã D-Áåäñòâèÿ;Configuraci?n del equipo - Zona Prohibida del Desastre;?????-????;? ??-??????;Configuration de l'?quipe - Zone de d?sastre fusionn?e;Teamkonfiguration - Katastrophenzone;Configura??o da equipe - Zona de Desastre;?????????-????????????????;Konfigurasi Tim - Zona Terlarang Efek-d Regional;??i h?nh - V?ng c?m h?a h?p v?i thi?n tai
?1?;Wave 1;Âîëíà 1;#N/A;?1?;?1?;#N/A;#N/A;#N/A;???????? 1;Gelombang pertama;L?n s?ng ??u ti?
?2?;Wave 2;Âîëíà 2;#N/A;?2?;?2?;#N/A;#N/A;#N/A;???????? 2;Gelombang kedua;L?n s?ng th? hai
?3?;Wave 3;Âîëíà 3;#N/A;?3?;?3?;#N/A;#N/A;#N/A;???????? 3;Gelombang ketiga;L?n s?ng th? ba
?4?;Wave 4;Âîëíà 4;#N/A;?4?;?4?;#N/A;#N/A;#N/A;???????? 4;Gelombang keempat;L?n s?ng th? t?
?5?;Wave 5;Âîëíà 5;#N/A;?5?;?5?;#N/A;#N/A;#N/A;???????? 5;Gelombang kelima;L?n s?ng th? n?m
;;;;;;;;;;;
??????????????????????????????????;"The Black Tide surges past the warning line; even the slightest ripples signal a perilous threat capable of devouring the careless.";×¸ğíûé ïğèëèâ ïåğåñ¸ê óïğåæäàşùóş ÷åğòó — äàæå ë¸ãêàÿ ğÿáü ñòàíîâèòñÿ çíàêîì óãğîçû, ãîòîâîé ïîãëîòèòü áåñïå÷íûõ.;La marea negra cruza el l?mite de advertencia, y las ligeras ondulaciones indican un peligro suficiente para devorar a los desprevenidos;???????????????????????????????????????;??? ??? ??? ?? ????, ??? ???? ???? ??? ??? ??? ??? ??.;Une mar?e noire franchit la limite d'alerte, une l?g?re ondulation signalant un danger suffisant pour engloutir les imprudents;Schwarze Flut ?berflutet die Warnlinie, selbst leichte Wellen zeigen die Gefahr, die Unvorsichtige verschlingen kann;A mar? negra ultrapassa o limite de alerta, suas leves ondula??es indicam perigo para os descuidados;??????????????????????????????????????? ?????????????????????????? ??????????????????????????????????????????????;Air pasang hitam melampaui batas peringatan, riak kecil pun menandakan bahaya yang cukup untuk melahap mereka yang lalai.;D?ng n??c ?en tr?n qua gi?i h?n c?nh b?o, nh?ng g?n s?ng nh? c?ng b?o hi?u s? nguy hi?m c? th? nu?t ch?ng nh?ng ng??i ch? quan.
????????????????????????????;"The vortex of the Black Tide churns; perilous omens abound within the Domain as the profound darkness transforms into a cage for the wayfarers.";Âèõğè ×¸ğíîãî ïğèëèâà áóğëÿò, â Ïğåäåëå ìíîæàòñÿ äóğíûå çíàìåíèÿ, à ãóñòàÿ òüìà ñòàíîâèòñÿ óçèëèùåì äëÿ ïóòíèêîâ.;El v?rtice de la marea negra se agita, el dominio est? repleto de peligros, la profunda oscuridad se convierte en la prisi?n de los que avanzan;??????????????????????????????????????????????;?? ??? ????? ????, ???? ??? ????, ?? ??? ???? ??? ??? ???.;Le vortex de mar?e noire tourbillonne, le domaine est rempli de dangers, et une profonde obscurit? se transforme en une prison pour les voyageurs;Der Strudel der schwarzen Flut brodelt, der Bereich ist voller Gefahren, die tiefe Dunkelheit verwandelt sich in das Gef?ngnis der Vorw?rtsdr?nger;O redemoinho da mar? negra agita, o dom?nio est? repleto de perigos, a escurid?o profunda se transforma na pris?o dos viajantes;??????????????????????????? ???????????????????????????? ?????????????????????????????????????????????????????;Arus Hitam berputar-putar, Domain penuh dengan bahaya. Kegelapan yang dalam menjadi penjara bagi para pendahulu.;??i th?y tri?u ?en cu?n cu?n, th?m c?nh hi?m nguy t? b?, b?ng t?i s?u th?m h?a th?nh c?i giam c?a nh?ng ng??i ti?n phong.
??????????????????????????;The ancient Calamity now awakens—crossing through the boundary into the present world, it sets ablaze the boundless sea of corruption.;Äğåâíåå áåäñòâèå ïğîáóæäàåòñÿ: ïåğåñåêàÿ ãğàíèöó â íàø ìèğ, îíî âîñïëàìåíÿåò áåçáğåæíûé îêåàí ñêâåğíû.;Los antiguos clados resucitan en este momento, cruzando los hitos del mundo actual, encendiendo los oc?anos de la perdici?n;???????????????????????????????????????;??? ??? ? ?? ????, ??? ??? ?? ??? ??? ????.;Les anciens d?sastres renaissent ? ce moment, franchissant la fronti?re du monde actuel, enflammer l'oc?an de la d?ch?ance;Das Alte ?bel erwacht in diesem Moment, ?berquert die Grenzen der physischen Welt und entz?ndet den gefallenen Ozean;Os antigos clades ressurgem neste momento, cruzando o marco do mundo, incendiando as profundezas da queda;???????????????????????????????????? ?????????????????????????? ?????????????????????????????;Clades dari zaman lampau bangkit kembali pada saat ini, melintasi batas dunia nyata, dan menyalakan lautan yang runtuh.;Th?m h?a x?a nay t?i sinh v?o kho?nh kh?c n?y, v??t qua bia gi?i c?a th? gi?i hi?n t?i, k?ch ng?i cho ??i d??ng sa ng?.
??????????????????????????;That unseen disaster revives, swallowing the past and present of this material world into the depths of the abyss.;Íåâèäèìàÿ êàòàñòğîôà âîçğîæäàåòñÿ, íèçâåğãàÿ â áåçäíó ïğîøëîå è íàñòîÿùåå áğåííîãî ìèğà.;El desastre invisible resurge, la historia y existencia del mundo f?sico est?n cayendo en el abismo;???????????????????????????????;??? ?? ??? ????, ??? ??? ??? ??? ???? ?????.;Le d?sastre invisible se r?veille, l'histoire et l'existence du monde physique sombrent dans l'ab?me;Unsichtbare Katastrophe erwacht, die Geschichte und Existenz der physischen Welt st?rzt ins Chaos;Desastre invis?vel ressurgindo, a hist?ria e a exist?ncia do mundo f?sico est?o caindo no abismo;???????????????????????????????? ????????????????????????????????????????????????????????;Bencana yang tak terlihat bangkit kembali, sejarah dan keberadaan dunia fisik sedang jatuh ke dalam Jurang.;Th?m h?a v? h?nh ?ang h?i sinh, l?ch s? v? s? t?n t?i c?a th? gi?i v?t l? ?ang ch?m v?o h? s?u.
????????????????????????????????;"From out of the abyss emerges darkness; intruders writhe amidst heart-seizing terror before being devoured by the darkness.";Òüìà ïîäíèìàåòñÿ èç áåçäíû, ïğåñòóïèâøèå ãğàíèöó êîğ÷àòñÿ â ëåäåíÿùåì ñåğäöå óæàñå — çà ìèã äî òîãî, êàê èõ ïîãëîòèò ìğàê.;#N/A;?????????????????????????????????????????????????;?????? ??? ?????, ???? ??? ??? ?? ??? ????. ??? ???? ???.;#N/A;#N/A;#N/A;????????????????????? ??????????????????????????????????????????????????? ??????????????????????????;Kegelapan muncul dari Jurang, penyusup berjuang dalam ketakutan yang mencengkeram jantung, sebelum akhirnya ditelan oleh kegelapan.;T?i t?m t? h? s?u b?ng d?y, k? x?m nh?p v?t l?n trong n?i s? h?i si?t ch?t tr?i tim, tr??c khi b? b?ng t?i nu?t ch?ng.
;;;;;;;;;;;
??;Sea Nightmare;Ìîğñêîé êîøìàğ;Pesadilla marina;????;??;Cauchemar marin;Meeresalbtraum;Pesadelo do Mar;?????????????;Mimpi Laut;H?i qu?i
??;Breeding;Ğàçìíîæåíèå;Reproducci?n;??;??;Reproduction;Zucht;Reprodu??o;?????????????;Pemuliaan;Sinh s?n
??;Finale;Ôèíàë;Fin;??;??;Apocalypse;Ende;Fim;??????????????;Akhir Zaman;T?n c?ng
;;;;;;;;;;;
????;Phantasmal Dive;Îìóò ãğ¸ç;Inmersi?n fantasmal;?????;?? ??;Plong?e fantomale;Illusorischer Tauchgang;Mergulho fantasmal;?????????????;Terjunan gaib;Lao xu?ng huy?n t??ng
?????;Phantasmal Dive I;Îìóò ãğ¸ç I;Inmersi?n fantasmal I;?????;?? ?? ?;Plong?e fantomale I;Illusorischer Tauchgang I;Mergulho fantasmal I;?????????????? I;Terjunan Gaib I;Gi?c m? th?m hi?m I
?????;Phantasmal Dive II;Îìóò ãğ¸ç II;Inmersi?n fantasmal II;?????;?? ?? ?;Plong?e fantomale II;Illusorischer Tauchgang II;Mergulho fantasmal II;?????????????? II;Terjunan Gaib II;Gi?c m? th?m hi?m II
?????;Phantasmal Dive III;Îìóò ãğ¸ç III;Inmersi?n fantasmal III;?????;?? ?? ?;Plong?e fantomale III;Illusorischer Tauchgang III;Mergulho fantasmal III;?????????????? III;Terjunan Gaib III;Gi?c m? th?m hi?m III
?????;Phantasmal Dive IV;Îìóò ãğ¸ç IV;Inmersi?n fantasmal IV;?????;?? ?? ?;Plong?e fantomale IV;Illusorischer Tauchgang IV;Mergulho fantasmal IV;?????????????? IV;Terjunan Gaib IV;Gi?c m? th?m hi?m IV
?????;Phantasmal Dive V;Îìóò ãğ¸ç V;Inmersi?n fantasmal V;?????;?? ?? ?;Plong?e fantomale V;Illusorischer Tauchgang V;Mergulho fantasmal V;?????????????? V;Terjunan Gaib V;Gi?c m? th?m hi?m V
?????;Phantasmal Dive VI;Îìóò ãğ¸ç VI;Inmersi?n fantasmal VI;?????;?? ?? ?;Plong?e fantomale VI;Illusorischer Tauchgang VI;Mergulho fantasmal VI;?????????????? VI;Terjunan Gaib VI;Gi?c m? th?m hi?m VI
?????;Phantasmal Dive VII;Îìóò ãğ¸ç VII;Inmersi?n Fantasmal VII;?????;?? ?? ?;Plong?e fantomale VIII;Illusorischer Tauchgang VII;Mergulho fantasmal VII;?????????????? VII;Terjunan Gaib VII;Gi?c m? th?m hi?m VII
????·??;Phantasmal Dive: Madness;Îìóò ãğ¸ç: Áåçóìèå;Inmersi?n fantasmal·locura;???????;?? ??·??;Plong?e fantomale·folie;Illusorischer Tauchgang: Wahnsinn;Mergulho fantasmal·loucura;??????????????·????????;Terjunan Gaib·Kegilaan;Gi?c m? th?m hi?m·?i?n cu?ng
;;;;;;;;;;;
???????????????????;"The ""Hand"" lifts the curtain of night, quietly arriving into this world.";«Ğóêà» ïğèïîäíèìàåò çàíàâåñ íî÷è è áåñøóìíî âõîäèò â ıòîò ìèğ.;?La 'mano' levant? el tel?n de la noche, entrando sigilosamente en este mundo.?;??????????????????????????;???? ?? ??? ??, ?? ?? ? ??? ????.;?La 'main' soul?ve le rideau de la nuit, arrivant discr?tement dans ce monde.?;"""Die Hand"" hebt den Vorhang der Nacht und kommt leise in diese Welt.";?A 'm?o' levantou o v?u da noite e entrou silenciosamente neste mundo.?;??????????????????????????????????????????????????????????;?Tangan?membuka tirai malam, diam-diam tiba di dunia ini.;?B?n tay?k?o m?n ??m, l?ng l? ??n v?i th? gi?i n?y.
???????????????????\n?????????????????\n??????????????;Here lies a university, riddled with scars and weary\nIt once dedicated hope and courage to humanity's survival\nAs for the outcome, you can see it now;Çäåñü ïîãğåá¸í óíèâåğñèòåò — èçóâå÷åííûé è èçìîæä¸ííûé\nÍåêîãäà ğàäè âûæèâàíèÿ îí íàäåëÿë ÷åëîâå÷åñòâî îòâàãîé è íàäåæäîé\n×åì âñ¸ êîí÷èëîñü — âèäíî ñåé÷àñ;Aqu? yace una universidad, destrozada y agotada.\nOfreci? esperanza y valor a la humanidad.\nEl resultado, ya lo ves;?????????????????????????\n???????????????????????????\n??????????????????????;????? ????? ?? ???? ??? ??? ??. \n??? ?? ??? ??? ?? ??? ??? ??? ???, ? ??? ?? ??? ?? ????.?;Ici repose une universit?, en ruines et ?puis?e.\nElle a offert un peu d'espoir et de courage ? l'humanit?.\nQuant au r?sultat, vous le voyez maintenant;Hier ruht eine Universit?t, gezeichnet von Narben und M?digkeit\nEinst widmete sie Hoffnung und Mut dem ?berleben der Menschheit\nWas daraus geworden ist – das kannst du nun selbst sehen.;Aqui jaz uma universidade, dilapidada e exausta\nEla ofereceu um pouco de esperan?a e coragem para a sobreviv?ncia da humanidade\nQuanto ao resultado, voc? pode ver agora;????????????????????????????????????????? ??????????????????????????????\n???????????????????????????????????????? ????? ????????????????????????????\n?????????????????????? ???????????????????????;Di sini terkubur sebuah universitas, penuh lubang dan kelelahan\nIa pernah memberikan sedikit harapan dan keberanian sebagai dedikasi untuk kelangsungan hidup manusia\nAdapun hasilnya, kamu sekarang sudah melihatnya;??y l? n?i ch?n v?i m?t tr??ng ??i h?c, ng?p tr?n nh?ng t?n th??ng v? ki?t qu?.\nN? t?ng hi?n d?ng m?t tia hy v?ng v? l?ng can ??m cho s? t?n t?i c?a lo?i ng??i.\nC?n v? k?t qu? ra sao, b?n ?? ch?ng ki?n t?t c? r?i
??????????????\n????????????????????????\n??????????????;"The crumbling idol gazes upon its people.\nIt watches them survive, multiply, and fight; only to eventually forget it.\nThe crumbling idol longs for its people.";Îáğóøåííûé èäîë ñìîòğèò íà ñâîèõ ïîääàííûõ.\nÍàáëşäàåò, êàê îíè âûæèâàşò, ïëîäÿòñÿ, ñğàæàşòñÿ, à çàòåì ïîëíîñòüş çàáûâàşò î íåì.\nÎáğóøåííûé èäîë òîñêóåò ïî ñâîèì ïîääàííûì.;El ?dolo colapsado observaba a su pueblo.\nLos ve?a vivir, reproducirse, luchar entre ellos y luego olvidarlo por completo.\nEl ?dolo colapsado extra?aba a su pueblo;????????????????????\n??????????????????????????????????\n?????????????????????;??? ??? ??? ??? ????. \n ??? ????, ????, ?? ????, ?? ??? ??? ???. \n ??? ??? ? ??? ?????.;L'idole effondr?e observe son peuple.\nElle les voit survivre, se reproduire, se battre, puis l'oublier compl?tement.\nL'idole effondr?e se languit de son peuple;Das zerfallende Idol blickt auf sein Volk.\nEs sieht, wie sie ?berleben, sich vermehren und k?mpfen – nur um es schlie?lich v?llig zu vergessen.\nDas zerfallende Idol sehnt sich nach seinem Volk.;O ?dolo desmoronado observava seu povo.\nVendo-os viver, procriar, lutar entre si e, finalmente, esquec?-lo completamente.\nO ?dolo desmoronado sentia falta de seu povo;????????????????????????????????????????? \n ????????????????? ?????????????? ??????????????????? ????????????????????????? \n ??????????????????????????????????????????;Patung yang runtuh memandang rakyatnya sendiri. \nMelihat mereka bertahan hidup, berkembang biak, saling berperang, lalu melupakan sepenuhnya keberadaannya. \nPatung yang runtuh merindukan rakyatnya.;B?c t??ng s?p ?? nh?n ch?m ch?m v?o con d?n c?a m?nh. \n Nh?n h? s?ng, sinh s?i, ??u tranh v?i nhau, r?i ho?n to?n qu?n m?t m?nh. \n B?c t??ng s?p ?? nh? nhung con d?n c?a m?nh.
????????????????????????\n?????????????????????????\n??????????????????;"""Each key has a unique number, corresponding only to a single investigator.""\n""Thus, the fall of each key signifies the death of a single investigator.""\n""How wonderful. Even their death is unique.""";«Ó êàæäîãî êëş÷à åñòü óíèêàëüíûé íîìåğ, ïğèñâîåííûé ëèøü îäíîìó ñûùèêó»\n«Ïîòîìó âñÿêèé ğàç, êîãäà êëş÷ äà¸ò ñëàáèíó, âìåñòå ñ íèì ïîãèáàåò îäèí ñûùèê.»\n«Êàê çàìå÷àòåëüíî: äàæå ñìåğòü íåïîâòîğèìà»;?Cada llave tiene un n?mero ?nico, solo para un investigador.?\n?Por lo tanto, la ca?da de cada llave corresponde a la muerte de un investigador.?\n?Qu? bien. Incluso la muerte es ?nica.?;????????????????????????????????????????\n???????????????????????????????????\n??????????????????????????????;?? ???? ??? ??? ???, ? ? ?? ????? ????.?\n?, ?? ??? ????? ?? ? ? ???? ??? ????.\n??? ???? ???? ???????.;?Chaque cl? a un num?ro unique, correspondant ? un seul enqu?teur.?\n?Ainsi, la chute de chaque cl? correspond ? la mort d'un enqu?teur unique.?\n?C'est bien. M?me la mort est unique.?;"""Jeder Schl?ssel hat eine eindeutige Nummer, die nur einem Forscher zugeordnet ist.""\n""Der Verlust jedes Schl?ssels bedeutet also den Tod eines bestimmten Forschers.""\n""Wie wunderbar. Selbst der Tod ist einzigartig.""";?Cada chave tem um n?mero ?nico, correspondendo a um ?nico investigador.?\n?Portanto, a queda de cada chave corresponde ? morte de um ?nico investigador.?\n?Que maravilha. At? a morte ? ?nica.?;???????????????????????????? ??????????????????????????????????????????\n???????? ?????????????????????????????????????????????????????????????????????\n?????????????????? ???????????????????????????????????????????;?Setiap kunci memiliki nomor unik, hanya sesuai dengan satu penyelidik.?\n?Oleh karena itu, jatuhnya setiap kunci juga sesuai dengan kematian satu penyelidik.?\n?Indah sekali. Bahkan kematian pun unik.?;?M?i ch?a kh?a ??u c? s? hi?u duy nh?t, ch? t??ng ?ng v?i m?t ?i?u tra vi?n duy nh?t.?\n?V? v?y, s? m?t m?t c?a m?i ch?a kh?a c?ng t??ng ?ng v?i c?i ch?t c?a m?t ?i?u tra vi?n duy nh?t.?\n?Th?t tuy?t v?i. Ngay c? c?i ch?t c?ng l? ??c nh?t v? nh?.?
????????????????????????\n???????????????????????????????\n??????????;"""It is the One. It is the All. It is the hope which opens the gate of Truth.""\nCountless keys formed a circle. They fall from the heavens, bringing humanity a heavy hope.\nAnd heavy graves.";«Îíî — ñóòü Îäíî. Îíî — ñóòü Âñ¸. Îíî — ñóòü íàäåæäà, îòâåğçàşùàÿ âğàòà Èñòèíû»\nÁåñ÷èñëåííûå êëş÷è ñîìêíóëèñü â êğóã. Îíè ïàäàşò ñ íåáåñ, ïğèíîñÿ ëşäÿì íåïîäú¸ìíîå áğåìÿ íàäåæäû.\nÈ íåïîäú¸ìíîå áğåìÿ ìîãèë.;?Es el ?nico, es todo, es la esperanza para abrir la puerta de la verdad.?\nUn c?rculo de llaves cae del cielo, trayendo esperanza pesada.\nY tambi?n tumbas pesadas;???????????????????????????????\n?????????????????????????????????????????\n???????????????;???? ????, ????, ??? ?? ?? ????. ?\n??? ??? ?? ??? ???? ??. ???? ???? ??? ????? ??? ??? ?????, ??? ??? ??? ????.;?Il est l'unique, il est tout, il est l'espoir d'ouvrir la porte de la v?rit?.?\nD'innombrables cl?s forment un cercle. Elles tombent du ciel, apportant un espoir lourd.\nEt aussi des tombes lourdes;"""Es ist das Eine, das Ganze, die Hoffnung, die T?r zur Wahrheit zu ?ffnen.""\nUnz?hlige Schl?ssel bilden einen Kreis. Sie fallen vom Himmel und bringen schwere Hoffnung.\nUnd schwere Gr?ber.";?Ele ? ?nico, ele ? tudo, ele ? a esperan?a de abrir a porta da verdade.?\nIn?meras chaves formam um c?rculo. Elas caem do c?u, trazendo esperan?a pesada.\nE tamb?m t?mulos pesados;????????????????? ????????????? ?????????????????????????????????????????\n??????????????????????????????? ?????????????????????? ??????????????????????????????????\n??????????????????????????????????????;?Itu adalah satu-satunya, itu adalah segalanya, itu adalah harapan untuk membuka pintu kebenaran.?\nTak terhitung kunci membentuk sebuah lingkaran. Mereka jatuh dari langit, membawa harapan yang berat bagi manusia.\nJuga membawa kuburan yang berat.;?N? l? duy nh?t, n? l? t?t c?, n? l? hy v?ng m? c?nh c?a s? th?t.?\nV? s? ch?a kh?a t?o th?nh m?t v?ng tr?n. Ch?ng r?i t? b?u tr?i, mang theo ni?m hy v?ng ch?t ch?a trong l?ng. \nC?ng mang ??n nh?ng n?m m? ch?t ??y ?u t?.
;;;;;;;;;;;
;;;;;;;;;;;
;;;;;;;;;;;
;;;;;;;;;;;
;;;;;;;;;;;
;;;;;;;;;;;
;;;;;;;;;;;
;;;;;;;;;;;
;;;;;;;;;;;
;;;;;;;;;;;
;;;;;;;;;;;
;;;;;;;;;;;
;;;;;;;;;;;
;;;;;;;;;;;
;;;;;;;;;;;
;;;;;;;;;;;
;;;;;;;;;;;
;;;;;;;;;;;
;;;;;;;;;;;
;;;;;;;;;;;
;;;;;;;;;;;
;;;;;;;;;;;
;;;;;;;;;;;
;;;;;;;;;;;
;;;;;;;;;;;
;;;;;;;;;;;
;;;;;;;;;;;
;;;;;;;;;;;
;;;;;;;;;;;
;;;;;;;;;;;
;;;;;;;;;;;
;;;;;;;;;;;
;;;;;;;;;;;
;;;;;;;;;;;
;;;;;;;;;;;
;;;;;;;;;;;
;;;;;;;;;;;
;;;;;;;;;;;
;;;;;;;;;;;
;;;;;;;;;;;
;;;;;;;;;;;
;;;;;;;;;;;
;;;;;;;;;;;
;;;;;;;;;;;
;;;;;;;;;;;
;;;;;;;;;;;
;;;;;;;;;;;
;;;;;;;;;;;
;;;;;;;;;;;
;;;;;;;;;;;
;;;;;;;;;;;
;;;;;;;;;;;
;;;;;;;;;;;
;;;;;;;;;;;
;;;;;;;;;;;
;;;;;;;;;;;
;;;;;;;;;;;
;;;;;;;;;;;
;;;;;;;;;;;
;;;;;;;;;;;
;;;;;;;;;;;
;;;;;;;;;;;
;;;;;;;;;;;
;;;;;;;;;;;
;;;;;;;;;;;
;;;;;;;;;;;
;;;;;;;;;;;
;;;;;;;;;;;
;;;;;;;;;;;
;;;;;;;;;;;
;;;;;;;;;;;
;;;;;;;;;;;
;;;;;;;;;;;
;;;;;;;;;;;
;;;;;;;;;;;
;;;;;;;;;;;
;;;;;;;;;;;
;;;;;;;;;;;
;;;;;;;;;;;
;;;;;;;;;;;
;;;;;;;;;;;
;;;;;;;;;;;
;;;;;;;;;;;
;;;;;;;;;;;
;;;;;;;;;;;
;;;;;;;;;;;
;;;;;;;;;;;
;;;;;;;;;;;
;;;;;;;;;;;
;;;;;;;;;;;
;;;;;;;;;;;
;;;;;;;;;;;
;;;;;;;;;;;
;;;;;;;;;;;
;;;;;;;;;;;
;;;;;;;;;;;
;;;;;;;;;;;
;;;;;;;;;;;
;;;;;;;;;;;
;;;;;;;;;;;
;;;;;;;;;;;
;;;;;;;;;;;
;;;;;;;;;;;
;;;;;;;;;;;
;;;;;;;;;;;
;;;;;;;;;;;
;;;;;;;;;;;
;;;;;;;;;;;
;;;;;;;;;;;
;;;;;;;;;;;
;;;;;;;;;;;
;;;;;;;;;;;
;;;;;;;;;;;
;;;;;;;;;;;
;;;;;;;;;;;
;;;;;;;;;;;
;;;;;;;;;;;
;;;;;;;;;;;
;;;;;;;;;;;
;;;;;;;;;;;
;;;;;;;;;;;
;;;;;;;;;;;
;;;;;;;;;;;
;;;;;;;;;;;
;;;;;;;;;;;
;;;;;;;;;;;
;;;;;;;;;;;
;;;;;;;;;;;
;;;;;;;;;;;
;;;;;;;;;;;
;;;;;;;;;;;
;;;;;;;;;;;
;;;;;;;;;;;
;;;;;;;;;;;
;;;;;;;;;;;
;;;;;;;;;;;
;;;;;;;;;;;
;;;;;;;;;;;
;;;;;;;;;;;
;;;;;;;;;;;
;;;;;;;;;;;
;;;;;;;;;;;
;;;;;;;;;;;
;;;;;;;;;;;
;;;;;;;;;;;
;;;;;;;;;;;
;;;;;;;;;;;
;;;;;;;;;;;
;;;;;;;;;;;
;;;;;;;;;;;
;;;;;;;;;;;
;;;;;;;;;;;
;;;;;;;;;;;
;;;;;;;;;;;
;;;;;;;;;;;
;;;;;;;;;;;
;;;;;;;;;;;
;;;;;;;;;;;
;;;;;;;;;;;
;;;;;;;;;;;
;;;;;;;;;;;
;;;;;;;;;;;
;;;;;;;;;;;
;;;;;;;;;;;
;;;;;;;;;;;
;;;;;;;;;;;
;;;;;;;;;;;
;;;;;;;;;;;
;;;;;;;;;;;
;;;;;;;;;;;
;;;;;;;;;;;
;;;;;;;;;;;
;;;;;;;;;;;
;;;;;;;;;;;
;;;;;;;;;;;
;;;;;;;;;;;
;;;;;;;;;;;
;;;;;;;;;;;
;;;;;;;;;;;
;;;;;;;;;;;
;;;;;;;;;;;
;;;;;;;;;;;
;;;;;;;;;;;
;;;;;;;;;;;
;;;;;;;;;;;
;;;;;;;;;;;
;;;;;;;;;;;
;;;;;;;;;;;
;;;;;;;;;;;
;;;;;;;;;;;
;;;;;;;;;;;
;;;;;;;;;;;
;;;;;;;;;;;
;;;;;;;;;;;
;;;;;;;;;;;
;;;;;;;;;;;
;;;;;;;;;;;
;;;;;;;;;;;
;;;;;;;;;;;
;;;;;;;;;;;
;;;;;;;;;;;
;;;;;;;;;;;
;;;;;;;;;;;
;;;;;;;;;;;
;;;;;;;;;;;
;;;;;;;;;;;
;;;;;;;;;;;
;;;;;;;;;;;
;;;;;;;;;;;
;;;;;;;;;;;
;;;;;;;;;;;
;;;;;;;;;;;
;;;;;;;;;;;
;;;;;;;;;;;
;;;;;;;;;;;
;;;;;;;;;;;
;;;;;;;;;;;
;;;;;;;;;;;
;;;;;;;;;;;
;;;;;;;;;;;
;;;;;;;;;;;
;;;;;;;;;;;
;;;;;;;;;;;
;;;;;;;;;;;
;;;;;;;;;;;
;;;;;;;;;;;
;;;;;;;;;;;
;;;;;;;;;;;
;;;;;;;;;;;
;;;;;;;;;;;
;;;;;;;;;;;
;;;;;;;;;;;
;;;;;;;;;;;
;;;;;;;;;;;
;;;;;;;;;;;
;;;;;;;;;;;
;;;;;;;;;;;
;;;;;;;;;;;
;;;;;;;;;;;
;;;;;;;;;;;
;;;;;;;;;;;
;;;;;;;;;;;
;;;;;;;;;;;
;;;;;;;;;;;
;;;;;;;;;;;
;;;;;;;;;;;
;;;;;;;;;;;
;;;;;;;;;;;
;;;;;;;;;;;
;;;;;;;;;;;
;;;;;;;;;;;
;;;;;;;;;;;
;;;;;;;;;;;
;;;;;;;;;;;
;;;;;;;;;;;
;;;;;;;;;;;
;;;;;;;;;;;
;;;;;;;;;;;
;;;;;;;;;;;
;;;;;;;;;;;
;;;;;;;;;;;
;;;;;;;;;;;
;;;;;;;;;;;
;;;;;;;;;;;
;;;;;;;;;;;
;;;;;;;;;;;
;;;;;;;;;;;
;;;;;;;;;;;
;;;;;;;;;;;
;;;;;;;;;;;
;;;;;;;;;;;
;;;;;;;;;;;
;;;;;;;;;;;
;;;;;;;;;;;
;;;;;;;;;;;
;;;;;;;;;;;
;;;;;;;;;;;
;;;;;;;;;;;
;;;;;;;;;;;
;;;;;;;;;;;
;;;;;;;;;;;
;;;;;;;;;;;
;;;;;;;;;;;
;;;;;;;;;;;
;;;;;;;;;;;
;;;;;;;;;;;
;;;;;;;;;;;
;;;;;;;;;;;
;;;;;;;;;;;
;;;;;;;;;;;
;;;;;;;;;;;
;;;;;;;;;;;
;;;;;;;;;;;
;;;;;;;;;;;
;;;;;;;;;;;
;;;;;;;;;;;
;;;;;;;;;;;
;;;;;;;;;;;
;;;;;;;;;;;
;;;;;;;;;;;
;;;;;;;;;;;
;;;;;;;;;;;
;;;;;;;;;;;
;;;;;;;;;;;
;;;;;;;;;;;
;;;;;;;;;;;
;;;;;;;;;;;
;;;;;;;;;;;
;;;;;;;;;;;
;;;;;;;;;;;
;;;;;;;;;;;
;;;;;;;;;;;
;;;;;;;;;;;
;;;;;;;;;;;
;;;;;;;;;;;
;;;;;;;;;;;
;;;;;;;;;;;
;;;;;;;;;;;
;;;;;;;;;;;
;;;;;;;;;;;
;;;;;;;;;;;
;;;;;;;;;;;
;;;;;;;;;;;
;;;;;;;;;;;
;;;;;;;;;;;
;;;;;;;;;;;
;;;;;;;;;;;
;;;;;;;;;;;
;;;;;;;;;;;
;;;;;;;;;;;
;;;;;;;;;;;
;;;;;;;;;;;
;;;;;;;;;;;
;;;;;;;;;;;
;;;;;;;;;;;
;;;;;;;;;;;
;;;;;;;;;;;
;;;;;;;;;;;
;;;;;;;;;;;
;;;;;;;;;;;
;;;;;;;;;;;
;;;;;;;;;;;
;;;;;;;;;;;
;;;;;;;;;;;
;;;;;;;;;;;
;;;;;;;;;;;
;;;;;;;;;;;
;;;;;;;;;;;
;;;;;;;;;;;
;;;;;;;;;;;
;;;;;;;;;;;
;;;;;;;;;;;
;;;;;;;;;;;
;;;;;;;;;;;
;;;;;;;;;;;
;;;;;;;;;;;
;;;;;;;;;;;
;;;;;;;;;;;
;;;;;;;;;;;
;;;;;;;;;;;
;;;;;;;;;;;
;;;;;;;;;;;
;;;;;;;;;;;
;;;;;;;;;;;
;;;;;;;;;;;
;;;;;;;;;;;
;;;;;;;;;;;
;;;;;;;;;;;
;;;;;;;;;;;
;;;;;;;;;;;
;;;;;;;;;;;
;;;;;;;;;;;
;;;;;;;;;;;
;;;;;;;;;;;
;;;;;;;;;;;
;;;;;;;;;;;
;;;;;;;;;;;
;;;;;;;;;;;
;;;;;;;;;;;
;;;;;;;;;;;
;;;;;;;;;;;
;;;;;;;;;;;
;;;;;;;;;;;
;;;;;;;;;;;
;;;;;;;;;;;
;;;;;;;;;;;
;;;;;;;;;;;
;;;;;;;;;;;
;;;;;;;;;;;
;;;;;;;;;;;
;;;;;;;;;;;
;;;;;;;;;;;
;;;;;;;;;;;
;;;;;;;;;;;
;;;;;;;;;;;
;;;;;;;;;;;
;;;;;;;;;;;
;;;;;;;;;;;
;;;;;;;;;;;
;;;;;;;;;;;
;;;;;;;;;;;
;;;;;;;;;;;
;;;;;;;;;;;
;;;;;;;;;;;
;;;;;;;;;;;
;;;;;;;;;;;
;;;;;;;;;;;
;;;;;;;;;;;
;;;;;;;;;;;
;;;;;;;;;;;
;;;;;;;;;;;
;;;;;;;;;;;
;;;;;;;;;;;
;;;;;;;;;;;
;;;;;;;;;;;
;;;;;;;;;;;
;;;;;;;;;;;
;;;;;;;;;;;
;;;;;;;;;;;
;;;;;;;;;;;
;;;;;;;;;;;
;;;;;;;;;;;
;;;;;;;;;;;
;;;;;;;;;;;
;;;;;;;;;;;
;;;;;;;;;;;
;;;;;;;;;;;
;;;;;;;;;;;
;;;;;;;;;;;
;;;;;;;;;;;
;;;;;;;;;;;
;;;;;;;;;;;
;;;;;;;;;;;
;;;;;;;;;;;
;;;;;;;;;;;
;;;;;;;;;;;
;;;;;;;;;;;
;;;;;;;;;;;
;;;;;;;;;;;
;;;;;;;;;;;
;;;;;;;;;;;
;;;;;;;;;;;
;;;;;;;;;;;
;;;;;;;;;;;
;;;;;;;;;;;
;;;;;;;;;;;
;;;;;;;;;;;
;;;;;;;;;;;
;;;;;;;;;;;
;;;;;;;;;;;
;;;;;;;;;;;
;;;;;;;;;;;
;;;;;;;;;;;
;;;;;;;;;;;
;;;;;;;;;;;
;;;;;;;;;;;
;;;;;;;;;;;
;;;;;;;;;;;
;;;;;;;;;;;
;;;;;;;;;;;
;;;;;;;;;;;
;;;;;;;;;;;
;;;;;;;;;;;
;;;;;;;;;;;
;;;;;;;;;;;
;;;;;;;;;;;
;;;;;;;;;;;
;;;;;;;;;;;
;;;;;;;;;;;
;;;;;;;;;;;
;;;;;;;;;;;
;;;;;;;;;;;
;;;;;;;;;;;
;;;;;;;;;;;
;;;;;;;;;;;
;;;;;;;;;;;
;;;;;;;;;;;
;;;;;;;;;;;
;;;;;;;;;;;
;;;;;;;;;;;
;;;;;;;;;;;
;;;;;;;;;;;
;;;;;;;;;;;
;;;;;;;;;;;
;;;;;;;;;;;
;;;;;;;;;;;
;;;;;;;;;;;
;;;;;;;;;;;
;;;;;;;;;;;
;;;;;;;;;;;
;;;;;;;;;;;
;;;;;;;;;;;
;;;;;;;;;;;
;;;;;;;;;;;
;;;;;;;;;;;
;;;;;;;;;;;
;;;;;;;;;;;
;;;;;;;;;;;
;;;;;;;;;;;
;;;;;;;;;;;
;;;;;;;;;;;
;;;;;;;;;;;
;;;;;;;;;;;
;;;;;;;;;;;
;;;;;;;;;;;
;;;;;;;;;;;
;;;;;;;;;;;
;;;;;;;;;;;
;;;;;;;;;;;
;;;;;;;;;;;
;;;;;;;;;;;
;;;;;;;;;;;
;;;;;;;;;;;
;;;;;;;;;;;
;;;;;;;;;;;
;;;;;;;;;;;
;;;;;;;;;;;
;;;;;;;;;;;
;;;;;;;;;;;
;;;;;;;;;;;
;;;;;;;;;;;
;;;;;;;;;;;
;;;;;;;;;;;
;;;;;;;;;;;
;;;;;;;;;;;
;;;;;;;;;;;
;;;;;;;;;;;
;;;;;;;;;;;
;;;;;;;;;;;
;;;;;;;;;;;
;;;;;;;;;;;
;;;;;;;;;;;
;;;;;;;;;;;
;;;;;;;;;;;
;;;;;;;;;;;
;;;;;;;;;;;
;;;;;;;;;;;
;;;;;;;;;;;
;;;;;;;;;;;
;;;;;;;;;;;
;;;;;;;;;;;
;;;;;;;;;;;
;;;;;;;;;;;
;;;;;;;;;;;
;;;;;;;;;;;
;;;;;;;;;;;
;;;;;;;;;;;
;;;;;;;;;;;
;;;;;;;;;;;
;;;;;;;;;;;
;;;;;;;;;;;
;;;;;;;;;;;
;;;;;;;;;;;
;;;;;;;;;;;
;;;;;;;;;;;
;;;;;;;;;;;
;;;;;;;;;;;
;;;;;;;;;;;
;;;;;;;;;;;
;;;;;;;;;;;
;;;;;;;;;;;
;;;;;;;;;;;
;;;;;;;;;;;
;;;;;;;;;;;
;;;;;;;;;;;
;;;;;;;;;;;
;;;;;;;;;;;
;;;;;;;;;;;
;;;;;;;;;;;
;;;;;;;;;;;
;;;;;;;;;;;
;;;;;;;;;;;
;;;;;;;;;;;
;;;;;;;;;;;
;;;;;;;;;;;
;;;;;;;;;;;
;;;;;;;;;;;
;;;;;;;;;;;
;;;;;;;;;;;
;;;;;;;;;;;
;;;;;;;;;;;
;;;;;;;;;;;
;;;;;;;;;;;
;;;;;;;;;;;
;;;;;;;;;;;
;;;;;;;;;;;
;;;;;;;;;;;
;;;;;;;;;;;
;;;;;;;;;;;
;;;;;;;;;;;
;;;;;;;;;;;
;;;;;;;;;;;
;;;;;;;;;;;
;;;;;;;;;;;
;;;;;;;;;;;
;;;;;;;;;;;
;;;;;;;;;;;
;;;;;;;;;;;
;;;;;;;;;;;
;;;;;;;;;;;
;;;;;;;;;;;
;;;;;;;;;;;
;;;;;;;;;;;
;;;;;;;;;;;
;;;;;;;;;;;
;;;;;;;;;;;
;;;;;;;;;;;
;;;;;;;;;;;
;;;;;;;;;;;
;;;;;;;;;;;
;;;;;;;;;;;
;;;;;;;;;;;
;;;;;;;;;;;
;;;;;;;;;;;
;;;;;;;;;;;
;;;;;;;;;;;
;;;;;;;;;;;
;;;;;;;;;;;
;;;;;;;;;;;
;;;;;;;;;;;
;;;;;;;;;;;
;;;;;;;;;;;
;;;;;;;;;;;
;;;;;;;;;;;
;;;;;;;;;;;
;;;;;;;;;;;
;;;;;;;;;;;
;;;;;;;;;;;
;;;;;;;;;;;
;;;;;;;;;;;
;;;;;;;;;;;
;;;;;;;;;;;
;;;;;;;;;;;
;;;;;;;;;;;
;;;;;;;;;;;
;;;;;;;;;;;
;;;;;;;;;;;
;;;;;;;;;;;
;;;;;;;;;;;
;;;;;;;;;;;
;;;;;;;;;;;
;;;;;;;;;;;
;;;;;;;;;;;
;;;;;;;;;;;
;;;;;;;;;;;
;;;;;;;;;;;
;;;;;;;;;;;
;;;;;;;;;;;
;;;;;;;;;;;
;;;;;;;;;;;
;;;;;;;;;;;
;;;;;;;;;;;
;;;;;;;;;;;
;;;;;;;;;;;
;;;;;;;;;;;
;;;;;;;;;;;
;;;;;;;;;;;
;;;;;;;;;;;
;;;;;;;;;;;
;;;;;;;;;;;
;;;;;;;;;;;
;;;;;;;;;;;
;;;;;;;;;;;
;;;;;;;;;;;
;;;;;;;;;;;
;;;;;;;;;;;
;;;;;;;;;;;
;;;;;;;;;;;
;;;;;;;;;;;
;;;;;;;;;;;
;;;;;;;;;;;
;;;;;;;;;;;
;;;;;;;;;;;
;;;;;;;;;;;
;;;;;;;;;;;
;;;;;;;;;;;
;;;;;;;;;;;
;;;;;;;;;;;
;;;;;;;;;;;
;;;;;;;;;;;
;;;;;;;;;;;
;;;;;;;;;;;
;;;;;;;;;;;
;;;;;;;;;;;
;;;;;;;;;;;
;;;;;;;;;;;
;;;;;;;;;;;
;;;;;;;;;;;
;;;;;;;;;;;
;;;;;;;;;;;
;;;;;;;;;;;
;;;;;;;;;;;
;;;;;;;;;;;
;;;;;;;;;;;
;;;;;;;;;;;
;;;;;;;;;;;
;;;;;;;;;;;
;;;;;;;;;;;
;;;;;;;;;;;
;;;;;;;;;;;
;;;;;;;;;;;
;;;;;;;;;;;
;;;;;;;;;;;
;;;;;;;;;;;
;;;;;;;;;;;
;;;;;;;;;;;
;;;;;;;;;;;
;;;;;;;;;;;
;;;;;;;;;;;
;;;;;;;;;;;
;;;;;;;;;;;
;;;;;;;;;;;
;;;;;;;;;;;
;;;;;;;;;;;
;;;;;;;;;;;
;;;;;;;;;;;
;;;;;;;;;;;
;;;;;;;;;;;
;;;;;;;;;;;
;;;;;;;;;;;
;;;;;;;;;;;
;;;;;;;;;;;
;;;;;;;;;;;
;;;;;;;;;;;
;;;;;;;;;;;
;;;;;;;;;;;
;;;;;;;;;;;
;;;;;;;;;;;
;;;;;;;;;;;
;;;;;;;;;;;
;;;;;;;;;;;
;;;;;;;;;;;
;;;;;;;;;;;
;;;;;;;;;;;
;;;;;;;;;;;
;;;;;;;;;;;
;;;;;;;;;;;
;;;;;;;;;;;
;;;;;;;;;;;
;;;;;;;;;;;
;;;;;;;;;;;
;;;;;;;;;;;
;;;;;;;;;;;
;;;;;;;;;;;
;;;;;;;;;;;
;;;;;;;;;;;
;;;;;;;;;;;
;;;;;;;;;;;
;;;;;;;;;;;
;;;;;;;;;;;
;;;;;;;;;;;
;;;;;;;;;;;
;;;;;;;;;;;
;;;;;;;;;;;
;;;;;;;;;;;
;;;;;;;;;;;
;;;;;;;;;;;
;;;;;;;;;;;
;;;;;;;;;;;
;;;;;;;;;;;
;;;;;;;;;;;
;;;;;;;;;;;
;;;;;;;;;;;
;;;;;;;;;;;
;;;;;;;;;;;
;;;;;;;;;;;
;;;;;;;;;;;
;;;;;;;;;;;
;;;;;;;;;;;
;;;;;;;;;;;
;;;;;;;;;;;
;;;;;;;;;;;
;;;;;;;;;;;
;;;;;;;;;;;
;;;;;;;;;;;
;;;;;;;;;;;
;;;;;;;;;;;
;;;;;;;;;;;
;;;;;;;;;;;
;;;;;;;;;;;
;;;;;;;;;;;
;;;;;;;;;;;
;;;;;;;;;;;
;;;;;;;;;;;
;;;;;;;;;;;
;;;;;;;;;;;
;;;;;;;;;;;
;;;;;;;;;;;
;;;;;;;;;;;
;;;;;;;;;;;
;;;;;;;;;;;
;;;;;;;;;;;
;;;;;;;;;;;
;;;;;;;;;;;
;;;;;;;;;;;
;;;;;;;;;;;
;;;;;;;;;;;
;;;;;;;;;;;
;;;;;;;;;;;
;;;;;;;;;;;
;;;;;;;;;;;
;;;;;;;;;;;
;;;;;;;;;;;
;;;;;;;;;;;
;;;;;;;;;;;
;;;;;;;;;;;
;;;;;;;;;;;
;;;;;;;;;;;
;;;;;;;;;;;
;;;;;;;;;;;
;;;;;;;;;;;
;;;;;;;;;;;
;;;;;;;;;;;
;;;;;;;;;;;
;;;;;;;;;;;
;;;;;;;;;;;
;;;;;;;;;;;
;;;;;;;;;;;
;;;;;;;;;;;
;;;;;;;;;;;
;;;;;;;;;;;
;;;;;;;;;;;
;;;;;;;;;;;
;;;;;;;;;;;
;;;;;;;;;;;
;;;;;;;;;;;
;;;;;;;;;;;
;;;;;;;;;;;
;;;;;;;;;;;
;;;;;;;;;;;
;;;;;;;;;;;
;;;;;;;;;;;
;;;;;;;;;;;
;;;;;;;;;;;
;;;;;;;;;;;
;;;;;;;;;;;
;;;;;;;;;;;
;;;;;;;;;;;
;;;;;;;;;;;
;;;;;;;;;;;
;;;;;;;;;;;
;;;;;;;;;;;
;;;;;;;;;;;
;;;;;;;;;;;
;;;;;;;;;;;
;;;;;;;;;;;
;;;;;;;;;;;
;;;;;;;;;;;
;;;;;;;;;;;
;;;;;;;;;;;
;;;;;;;;;;;
;;;;;;;;;;;
;;;;;;;;;;;
;;;;;;;;;;;
;;;;;;;;;;;
;;;;;;;;;;;
;;;;;;;;;;;
;;;;;;;;;;;
;;;;;;;;;;;
;;;;;;;;;;;
;;;;;;;;;;;
;;;;;;;;;;;
;;;;;;;;;;;
;;;;;;;;;;;
;;;;;;;;;;;
;;;;;;;;;;;
;;;;;;;;;;;
;;;;;;;;;;;
;;;;;;;;;;;
;;;;;;;;;;;
;;;;;;;;;;;
;;;;;;;;;;;
;;;;;;;;;;;
;;;;;;;;;;;
;;;;;;;;;;;
;;;;;;;;;;;
;;;;;;;;;;;
;;;;;;;;;;;
;;;;;;;;;;;
;;;;;;;;;;;
;;;;;;;;;;;
;;;;;;;;;;;
;;;;;;;;;;;
;;;;;;;;;;;
;;;;;;;;;;;
;;;;;;;;;;;
;;;;;;;;;;;
;;;;;;;;;;;
;;;;;;;;;;;
;;;;;;;;;;;
;;;;;;;;;;;
;;;;;;;;;;;
;;;;;;;;;;;
;;;;;;;;;;;
;;;;;;;;;;;
;;;;;;;;;;;
;;;;;;;;;;;
;;;;;;;;;;;
;;;;;;;;;;;
;;;;;;;;;;;
;;;;;;;;;;;
;;;;;;;;;;;
;;;;;;;;;;;
;;;;;;;;;;;
;;;;;;;;;;;
;;;;;;;;;;;
;;;;;;;;;;;
;;;;;;;;;;;
;;;;;;;;;;;
;;;;;;;;;;;
;;;;;;;;;;;
;;;;;;;;;;;
;;;;;;;;;;;
;;;;;;;;;;;
;;;;;;;;;;;
;;;;;;;;;;;
;;;;;;;;;;;
;;;;;;;;;;;
;;;;;;;;;;;
;;;;;;;;;;;
;;;;;;;;;;;
;;;;;;;;;;;
;;;;;;;;;;;
;;;;;;;;;;;
;;;;;;;;;;;
;;;;;;;;;;;
;;;;;;;;;;;
;;;;;;;;;;;
;;;;;;;;;;;
